id,title,description,category,category_label,is_synthetic,split
2385,Research fee status pending,My doctoral fee record appears to contain an incorrect amount. The issue is preventing completion of the required process.,Fee,Fee,True,train
2539,Stipend not credited,My research fellowship payment requires clarification. The previous payments were processed normally.,Fellowship,Fellowship,True,validation
2177,Problem with research status conversion,My request to convert from full-time to part-time is still pending. The supporting documents have already been provided.,FT_PT_Conversion,FT_PT_Conversion,True,validation
898,RAC meeting issue,My rac schedule requires review. I submitted the relevant research documents.,RAC,RAC,True,train
215,PhD registration issue,My enrollment record is showing an error. I need the registration to be completed for my research work.,Registration,Registration,True,train
2381,Research fee status pending,My semester research fee is showing as unpaid. I have the transaction details available.,Fee,Fee,True,train
2715,Research portal details need correction,The information displayed in my account does not match my official documents. I request the concerned office to update the record.,Portal_Data_Correction,Portal_Data_Correction,True,train
2577,Fellowship payment delayed,My scholarship payment has not been credited. I have completed the required fellowship formalities.,Fellowship,Fellowship,True,train
103,PhD admission approval delayed,My phd admission approval has not moved to the next stage. I have not received any further update.,PhD_Admission,PhD_Admission,True,train
193,PhD admission approval delayed,The doctoral admission process is awaiting verification. I have not received any further update.,PhD_Admission,PhD_Admission,True,validation
1448,Thesis submission not updated,The doctoral thesis submission record has not been acknowledged. I submitted the required documents successfully.,Thesis_Submission,Thesis_Submission,True,train
230,PhD registration issue,My enrollment record cannot be completed. I have completed the required registration steps.,Registration,Registration,True,train
777,Issue with research classes,The coursework marks in the portal cannot be completed due to a portal issue. I completed the required academic activities.,Course_Work,Course_Work,True,train
1237,Publication verification not completed,The publication documents submitted for verification is still pending. I need the verification for my academic record.,Publication_Verification,Publication_Verification,True,test
2583,Fellowship payment delayed,My monthly stipend is still pending. The previous payments were processed normally.,Fellowship,Fellowship,True,train
18,Admission application not updated,My phd admission approval is still pending. I submitted all required documents on time.,PhD_Admission,PhD_Admission,True,train
1128,Research Degree Committee issue,My rdc proposal requires clarification. The matter was submitted through the prescribed process.,RDC,RDC,True,test
171,Unable to complete PhD admission,My doctoral admission application is awaiting verification. I have not received any further update.,PhD_Admission,PhD_Admission,True,validation
2248,Research fee status pending,The fee receipt is not reflected. I need the fee record corrected.,Fee,Fee,True,train
1092,RDC approval pending,My research degree committee review appears to be awaiting review. I have been waiting for the committee's decision.,RDC,RDC,True,train
606,Course work credit issue,My registered research courses are still pending. The concerned course has already been completed.,Course_Work,Course_Work,True,train
1458,Problem submitting doctoral thesis,My thesis upload is not visible in the portal. I need confirmation that the submission was received.,Thesis_Submission,Thesis_Submission,True,train
2006,Full-time to part-time conversion request,The research mode recorded in the portal is still pending. The supporting documents have already been provided.,FT_PT_Conversion,FT_PT_Conversion,True,train
2896,RTI/IIGRS grievance pending,The status of my iigrs request has not been updated. I have the submission reference available.,RTI_IIGRS,RTI_IIGRS,True,test
2853,IIGRS request pending,My rti-related matter is awaiting action. I am waiting for an official response.,RTI_IIGRS,RTI_IIGRS,True,train
2646,Incorrect doctoral record,My personal information in the research portal does not match my official documents. The discrepancy is visible in my portal profile.,Portal_Data_Correction,Portal_Data_Correction,True,test
290,Registration request not processed,The research enrollment process has not been updated. I need the registration to be completed for my research work.,Registration,Registration,True,train
487,Problem with research supervisor,The doctoral supervision process needs correction. I have already submitted the required request.,Supervisor_Related,Supervisor_Related,True,train
2186,Problem with research status conversion,My research status conversion requires approval. The request was submitted through the prescribed process.,FT_PT_Conversion,FT_PT_Conversion,True,train
1422,Thesis submission not updated,The doctoral thesis submission record has not been updated. I submitted the required documents successfully.,Thesis_Submission,Thesis_Submission,True,test
1812,Viva examination not scheduled,The defense process requires clarification. I have completed the required pre-viva formalities.,Viva,Viva,True,train
496,Request for supervisor change,My supervision arrangement is still pending. I have not received a clear update from the concerned office.,Supervisor_Related,Supervisor_Related,True,train
1095,Issue with RDC review,My research matter before the rdc has not been updated. I have been waiting for the committee's decision.,RDC,RDC,True,test
3115,Issue not covered by listed categories,An issue related to my doctoral process is still pending. I have submitted the relevant documents.,Other,Other,True,train
2070,Full-time part-time status change,My request for a change of research status is showing the old status. I submitted the required application.,FT_PT_Conversion,FT_PT_Conversion,True,validation
333,Problem with doctoral enrollment,My enrollment record has not been processed. I need the registration to be completed for my research work.,Registration,Registration,True,train
2204,Problem with doctoral fee,My doctoral fee record is showing as unpaid. The amount was already paid successfully.,Fee,Fee,True,train
1492,Issue with thesis submission,My submitted thesis documents has not been updated. I submitted the required documents successfully.,Thesis_Submission,Thesis_Submission,True,test
257,Problem with doctoral enrollment,The research enrollment process has not been processed. All requested information has been submitted.,Registration,Registration,True,train
901,RAC schedule not received,The next rac meeting has not been communicated. I submitted the relevant research documents.,RAC,RAC,True,train
3028,General doctoral process grievance,An administrative issue concerning my research has not been resolved. The issue is affecting my research work.,Other,Other,True,train
539,Supervisor assignment pending,My research supervisor allocation has not been finalized. The matter has remained unresolved for several days.,Supervisor_Related,Supervisor_Related,True,validation
1290,Paper verification request delayed,My publication record has not been updated. I have already provided the required evidence.,Publication_Verification,Publication_Verification,True,train
1749,Thesis evaluation not updated,My thesis review status requires clarification. I have been waiting for the evaluation update.,Thesis_Evaluation,Thesis_Evaluation,True,test
2969,Problem with RTI/IIGRS submission,My grievance under the rti/iigrs process requires clarification. I am waiting for an official response.,RTI_IIGRS,RTI_IIGRS,True,train
643,Course work registration problem,The coursework classes are not reflected correctly. The issue is affecting my research progress.,Course_Work,Course_Work,True,train
2315,Payment record not updated,The payment status is still pending. The issue is preventing completion of the required process.,Fee,Fee,True,train
1591,Thesis submission status pending,My thesis submission is not visible in the portal. The submission deadline has already passed.,Thesis_Submission,Thesis_Submission,True,train
1360,Paper verification request delayed,My research publication verification requires clarification. I have already provided the required evidence.,Publication_Verification,Publication_Verification,True,validation
2189,Problem with research status conversion,My request for a change of research status has not been updated. The request was submitted through the prescribed process.,FT_PT_Conversion,FT_PT_Conversion,True,train
1412,Problem submitting doctoral thesis,The doctoral thesis submission record requires confirmation. The submission deadline has already passed.,Thesis_Submission,Thesis_Submission,True,train
3044,General research grievance,My research administration matter is still pending. The issue is affecting my research work.,Other,Other,True,train
322,Unable to complete research registration,The research enrollment process cannot be completed. I need the registration to be completed for my research work.,Registration,Registration,True,validation
1136,RDC approval pending,My research matter before the rdc has not been communicated. The matter was submitted through the prescribed process.,RDC,RDC,True,test
1804,Issue with viva examination,The viva schedule is awaiting confirmation. The delay is affecting completion of my PhD.,Viva,Viva,True,train
1560,Thesis submission process delayed,The doctoral thesis submission record has not been updated. I need confirmation that the submission was received.,Thesis_Submission,Thesis_Submission,True,train
568,Issue regarding doctoral supervision,My request for a supervisor change has not been finalized. I have already submitted the required request.,Supervisor_Related,Supervisor_Related,True,train
512,Request for supervisor change,My supervision arrangement is causing difficulty in continuing my research. The matter has remained unresolved for several days.,Supervisor_Related,Supervisor_Related,True,test
252,Unable to complete research registration,My registration request is showing an error. I have completed the required registration steps.,Registration,Registration,True,train
258,Registration request not processed,My doctoral registration status is still pending. The required documents are already available.,Registration,Registration,True,train
533,Problem with research supervisor,My research supervisor allocation is causing difficulty in continuing my research. The current information does not match my records.,Supervisor_Related,Supervisor_Related,True,train
1473,Thesis submission not updated,The doctoral thesis submission record has not been acknowledged. The thesis was submitted through the prescribed process.,Thesis_Submission,Thesis_Submission,True,train
1798,Thesis review status pending,The status of my thesis review has not been updated. The delay is affecting the next stage of my doctoral process.,Thesis_Evaluation,Thesis_Evaluation,True,train
3136,Research administration problem,An administrative issue concerning my research has not received a response. I am requesting appropriate guidance on the next step.,Other,Other,True,train
565,Request for supervisor change,The doctoral supervision process has not been finalized. I have not received a clear update from the concerned office.,Supervisor_Related,Supervisor_Related,True,test
1799,Delay in doctoral thesis assessment,The thesis assessment process has not been updated. I have not received an official evaluation status.,Thesis_Evaluation,Thesis_Evaluation,True,validation
1426,Issue with thesis submission,The final thesis submission process is showing an incorrect status. I submitted the required documents successfully.,Thesis_Submission,Thesis_Submission,True,train
1211,Problem verifying research publication,My research article verification has not been completed. The delay is affecting my research documentation.,Publication_Verification,Publication_Verification,True,train
1838,Issue with viva examination,My viva voce examination is still pending. I have not received the examination schedule.,Viva,Viva,True,validation
868,RAC schedule not received,My rac schedule has not been updated. I submitted the relevant research documents.,RAC,RAC,True,train
135,PhD admission application pending,My admission documents has not moved to the next stage. The required documents were uploaded successfully.,PhD_Admission,PhD_Admission,True,train
264,Problem with doctoral enrollment,My registration request has not been updated. The required documents are already available.,Registration,Registration,True,train
1265,Paper verification request delayed,My research article verification has not been processed. I submitted the publication documents as requested.,Publication_Verification,Publication_Verification,True,test
890,RAC meeting issue,My rac meeting needs clarification. I have completed the required preparation.,RAC,RAC,True,train
2852,RTI matter not updated,My iigrs grievance has not been processed. I would like the concerned office to verify the matter.,RTI_IIGRS,RTI_IIGRS,True,train
1432,Thesis submission status pending,The final thesis submission process is still pending. The submission deadline has already passed.,Thesis_Submission,Thesis_Submission,True,train
300,Registration status not updated,My doctoral registration status is showing an error. All requested information has been submitted.,Registration,Registration,True,train
2012,Part-time conversion pending,My full-time to part-time conversion application is showing the old status. I need the change to be reflected in my academic record.,FT_PT_Conversion,FT_PT_Conversion,True,train
2765,Portal record correction request,My doctoral profile has not been corrected. I have the correct supporting document.,Portal_Data_Correction,Portal_Data_Correction,True,train
1724,Problem regarding thesis evaluation,The status of my thesis review has not been completed. My thesis has already been submitted.,Thesis_Evaluation,Thesis_Evaluation,True,train
431,Supervisor allocation issue,The supervisor assigned to my phd has not been finalized. I have not received a clear update from the concerned office.,Supervisor_Related,Supervisor_Related,True,train
1488,Thesis submission process delayed,My thesis upload has not been acknowledged. The submission deadline has already passed.,Thesis_Submission,Thesis_Submission,True,test
1503,Problem submitting doctoral thesis,My thesis upload has not been updated. The submission deadline has already passed.,Thesis_Submission,Thesis_Submission,True,train
2906,Issue related to RTI request,The status of my iigrs request has not been updated. I submitted the request through the appropriate channel.,RTI_IIGRS,RTI_IIGRS,True,train
2316,Fee payment not reflected,The payment status has not been updated. The issue is preventing completion of the required process.,Fee,Fee,True,train
2263,Payment record not updated,My semester research fee is still pending. I have the transaction details available.,Fee,Fee,True,train
1386,Research paper verification issue,My research article verification is awaiting verification. I have already provided the required evidence.,Publication_Verification,Publication_Verification,True,train
1365,Research paper verification issue,The publication documents submitted for verification requires clarification. The delay is affecting my research documentation.,Publication_Verification,Publication_Verification,True,test
1299,Paper verification request delayed,My research article verification is awaiting verification. I have already provided the required evidence.,Publication_Verification,Publication_Verification,True,test
1868,Doctoral defense date not received,My viva voce examination is awaiting confirmation. My thesis evaluation has already progressed.,Viva,Viva,True,train
930,RAC meeting issue,My rac approval has not been updated. I need the concerned office to confirm the next step.,RAC,RAC,True,validation
369,PhD registration issue,My phd registration has not been updated. The registration deadline is approaching.,Registration,Registration,True,validation
1789,Issue with thesis evaluation,My thesis evaluation has not progressed. The delay is affecting the next stage of my doctoral process.,Thesis_Evaluation,Thesis_Evaluation,True,train
3129,Research administration problem,My doctoral administrative problem requires clarification. The issue is affecting my research work.,Other,Other,True,train
3001,Unclassified research-related issue,My research-related request has not been resolved. I would like the matter to be reviewed.,Other,Other,True,test
1081,RDC meeting request pending,The status of my rdc case has not progressed. I need confirmation from the concerned office.,RDC,RDC,True,train
595,Issue regarding doctoral supervision,My request for a supervisor change requires review. I have already submitted the required request.,Supervisor_Related,Supervisor_Related,True,validation
970,Research Advisory Committee request pending,The research advisory committee process has not been communicated. I need the concerned office to confirm the next step.,RAC,RAC,True,train
1539,Issue with thesis submission,The thesis submission status is showing an incorrect status. I need confirmation that the submission was received.,Thesis_Submission,Thesis_Submission,True,train
2324,Payment record not updated,The fee transaction in the portal appears to contain an incorrect amount. I have the transaction details available.,Fee,Fee,True,train
2888,Problem with RTI/IIGRS submission,My rti/iigrs case has not received a response. I am waiting for an official response.,RTI_IIGRS,RTI_IIGRS,True,test
355,Problem with doctoral enrollment,My doctoral registration status is still pending. I need the registration to be completed for my research work.,Registration,Registration,True,train
175,Admission application not updated,My phd admission request is still pending. I submitted all required documents on time.,PhD_Admission,PhD_Admission,True,train
1403,Thesis submission status pending,The doctoral thesis submission record is showing an incorrect status. I submitted the required documents successfully.,Thesis_Submission,Thesis_Submission,True,train
507,Request for supervisor change,The supervisor assigned to my phd is causing difficulty in continuing my research. I have already submitted the required request.,Supervisor_Related,Supervisor_Related,True,validation
2823,IIGRS grievance status issue,The status of my iigrs request requires clarification. I would like the concerned office to verify the matter.,RTI_IIGRS,RTI_IIGRS,True,train
1557,Issue with thesis submission,My thesis submission requires confirmation. The thesis was submitted through the prescribed process.,Thesis_Submission,Thesis_Submission,True,train
1698,Thesis evaluation not updated,The thesis assessment process requires clarification. I have not received an official evaluation status.,Thesis_Evaluation,Thesis_Evaluation,True,train
573,Supervisor details not updated,The supervisor information in the portal needs correction. The current information does not match my records.,Supervisor_Related,Supervisor_Related,True,validation
1573,Issue with thesis submission,My submitted thesis documents is not visible in the portal. The submission deadline has already passed.,Thesis_Submission,Thesis_Submission,True,test
1072,RDC proposal status not updated,The status of my rdc case requires clarification. The delay is affecting my research schedule.,RDC,RDC,True,validation
3008,General doctoral process grievance,My research-related request is still pending. I am requesting appropriate guidance on the next step.,Other,Other,True,train
388,Research registration pending,The research enrollment process has not been processed. All requested information has been submitted.,Registration,Registration,True,train
1992,Viva status pending,The viva schedule is awaiting confirmation. I have completed the required pre-viva formalities.,Viva,Viva,True,test
2931,RTI/IIGRS grievance pending,My rti-related matter is awaiting action. The current status has not changed.,RTI_IIGRS,RTI_IIGRS,True,train
1447,Thesis submission process delayed,The thesis submission status requires confirmation. I submitted the required documents successfully.,Thesis_Submission,Thesis_Submission,True,train
2839,IIGRS grievance status issue,The rti request submitted through the concerned process has not been updated. I have the submission reference available.,RTI_IIGRS,RTI_IIGRS,True,train
185,Problem during doctoral admission,My phd admission approval has not been updated. I have not received any further update.,PhD_Admission,PhD_Admission,True,train
255,PhD registration issue,My phd registration is showing an error. The required documents are already available.,Registration,Registration,True,train
508,Request for supervisor change,The supervisor assigned to my phd needs correction. I have already submitted the required request.,Supervisor_Related,Supervisor_Related,True,train
443,Issue regarding doctoral supervision,The doctoral supervision process has not been updated. I need clarification before proceeding with my research.,Supervisor_Related,Supervisor_Related,True,train
946,RAC approval pending,My rac schedule requires review. I have been waiting for an official update.,RAC,RAC,True,test
1731,Issue with thesis evaluation,The status of my thesis review is still pending. I have not received an official evaluation status.,Thesis_Evaluation,Thesis_Evaluation,True,train
810,RAC approval pending,My rac meeting needs clarification. I submitted the relevant research documents.,RAC,RAC,True,test
315,PhD registration issue,The registration details in the portal is showing an error. All requested information has been submitted.,Registration,Registration,True,train
632,Course work marks not reflected,The coursework classes are showing an incorrect value. I have supporting records for the completed work.,Course_Work,Course_Work,True,validation
1207,Publication record verification issue,The verification of my published paper requires clarification. I have already provided the required evidence.,Publication_Verification,Publication_Verification,True,validation
45,Unable to complete PhD admission,The admission status in the research portal is awaiting verification. I submitted all required documents on time.,PhD_Admission,PhD_Admission,True,test
2416,Fellowship payment delayed,My pending stipend has not been updated. I have not received any update from the concerned office.,Fellowship,Fellowship,True,test
597,Supervisor allocation issue,My research supervisor allocation has not been finalized. The current information does not match my records.,Supervisor_Related,Supervisor_Related,True,test
140,Problem during doctoral admission,The doctoral admission process has not been updated. I have already completed the required admission steps.,PhD_Admission,PhD_Admission,True,train
1152,Research Degree Committee issue,The rdc approval process has not been communicated. The required research documents have already been submitted.,RDC,RDC,True,train
2523,Problem with monthly stipend,My monthly stipend has not been credited. The previous payments were processed normally.,Fellowship,Fellowship,True,train
2326,Research fee status pending,My research fee payment is not reflected. The payment was made before the deadline.,Fee,Fee,True,test
2720,Incorrect personal information in portal,My doctoral profile does not match my official documents. The discrepancy is visible in my portal profile.,Portal_Data_Correction,Portal_Data_Correction,True,train
2595,Fellowship status pending,My research fellowship payment is still pending. The previous payments were processed normally.,Fellowship,Fellowship,True,test
1941,Viva examination not scheduled,My doctoral defense is awaiting confirmation. My thesis evaluation has already progressed.,Viva,Viva,True,validation
415,Problem with research supervisor,The doctoral supervision process requires review. I have not received a clear update from the concerned office.,Supervisor_Related,Supervisor_Related,True,train
2253,Fee transaction issue,The fee transaction in the portal is still pending. The payment was made before the deadline.,Fee,Fee,True,validation
706,Course work credit issue,My coursework completion status are still pending. The issue is affecting my research progress.,Course_Work,Course_Work,True,validation
2863,RTI matter not updated,The status of my iigrs request has not been updated. I have the submission reference available.,RTI_IIGRS,RTI_IIGRS,True,train
3188,Other research administration issue,My research administration matter has not been resolved. The issue is affecting my research work.,Other,Other,True,train
1719,Thesis evaluation delayed,My thesis evaluation record appears to be delayed. I have not received an official evaluation status.,Thesis_Evaluation,Thesis_Evaluation,True,train
2443,Fellowship status pending,My monthly stipend is showing an incorrect status. I have not received any update from the concerned office.,Fellowship,Fellowship,True,train
888,RAC schedule not received,The recommendations recorded by the rac has not been updated. I have been waiting for an official update.,RAC,RAC,True,validation
2744,Incorrect doctoral record,My name and academic details contains incorrect information. The incorrect information may affect official records.,Portal_Data_Correction,Portal_Data_Correction,True,validation
694,Course work status not updated,The coursework classes have not been updated. I have supporting records for the completed work.,Course_Work,Course_Work,True,validation
2625,Research portal details need correction,My doctoral profile contains incorrect information. The discrepancy is visible in my portal profile.,Portal_Data_Correction,Portal_Data_Correction,True,train
2020,Full-time part-time status change,The research mode recorded in the portal has not been updated. I am waiting for confirmation from the concerned office.,FT_PT_Conversion,FT_PT_Conversion,True,train
2465,Research fellowship issue,My scholarship payment is showing an incorrect status. The delay is causing difficulty in managing my research expenses.,Fellowship,Fellowship,True,train
2929,IIGRS request pending,My iigrs grievance requires clarification. I have the submission reference available.,RTI_IIGRS,RTI_IIGRS,True,train
2211,Research fee status pending,The payment status has not been updated. I have the transaction details available.,Fee,Fee,True,train
1707,Thesis evaluation delayed,The status of my thesis review is still pending. My thesis has already been submitted.,Thesis_Evaluation,Thesis_Evaluation,True,train
480,Supervisor allocation issue,My supervision arrangement is still pending. I need clarification before proceeding with my research.,Supervisor_Related,Supervisor_Related,True,train
1438,Thesis submission status pending,My thesis submission is showing an incorrect status. I need confirmation that the submission was received.,Thesis_Submission,Thesis_Submission,True,test
53,PhD admission application pending,My doctoral admission application is showing an incorrect status. I have already completed the required admission steps.,PhD_Admission,PhD_Admission,True,train
241,Unable to complete research registration,The registration details in the portal is still pending. The registration deadline is approaching.,Registration,Registration,True,train
2650,Incorrect doctoral record,My personal information in the research portal has not been corrected. I request the concerned office to update the record.,Portal_Data_Correction,Portal_Data_Correction,True,train
52,Issue with PhD admission status,The admission status in the research portal has not moved to the next stage. I have not received any further update.,PhD_Admission,PhD_Admission,True,train
1964,Problem regarding doctoral defense,My doctoral defense has not been scheduled. The delay is affecting completion of my PhD.,Viva,Viva,True,train
64,Issue with PhD admission status,The doctoral admission process has not been updated. The application was submitted before the deadline.,PhD_Admission,PhD_Admission,True,test
2999,IIGRS grievance status issue,The status of my iigrs request has not been processed. I am waiting for an official response.,RTI_IIGRS,RTI_IIGRS,True,validation
195,Problem during doctoral admission,My phd admission approval has not been approved. I submitted all required documents on time.,PhD_Admission,PhD_Admission,True,test
450,Supervisor assignment pending,The supervisor assigned to my phd is still pending. I have not received a clear update from the concerned office.,Supervisor_Related,Supervisor_Related,True,train
2441,Problem with monthly stipend,My monthly stipend requires clarification. I have completed the required fellowship formalities.,Fellowship,Fellowship,True,train
1468,Thesis submission record missing,My thesis submission requires confirmation. The issue is preventing me from moving to the next stage.,Thesis_Submission,Thesis_Submission,True,validation
1345,Paper verification request delayed,My publication record has not been processed. I need the verification for my academic record.,Publication_Verification,Publication_Verification,True,train
240,Problem with doctoral enrollment,The registration details in the portal has not been processed. The required documents are already available.,Registration,Registration,True,train
1661,Thesis evaluation delayed,My thesis evaluation is still pending. The delay is affecting the next stage of my doctoral process.,Thesis_Evaluation,Thesis_Evaluation,True,train
121,Problem during doctoral admission,The admission status in the research portal has not been updated. The required documents were uploaded successfully.,PhD_Admission,PhD_Admission,True,test
2167,Request to change research mode,My research status conversion is still pending. The request was submitted through the prescribed process.,FT_PT_Conversion,FT_PT_Conversion,True,train
325,Problem with doctoral enrollment,My phd registration is still pending. The required documents are already available.,Registration,Registration,True,train
963,RAC approval pending,The research advisory committee process has not been communicated. I have completed the required preparation.,RAC,RAC,True,train
299,Research registration pending,The registration details in the portal is showing an error. I need the registration to be completed for my research work.,Registration,Registration,True,train
71,Admission application not updated,My admission documents has not moved to the next stage. I have already completed the required admission steps.,PhD_Admission,PhD_Admission,True,train
1134,Research Degree Committee issue,My research degree committee review has not progressed. I have been waiting for the committee's decision.,RDC,RDC,True,test
677,Problem with course credits,My coursework completion status are missing from my record. I need the academic record corrected.,Course_Work,Course_Work,True,validation
1139,Problem regarding RDC decision,My research matter before the rdc is still pending. The delay is affecting my research schedule.,RDC,RDC,True,validation
1781,Thesis review status pending,The evaluation of my doctoral thesis has not been updated. I have not received an official evaluation status.,Thesis_Evaluation,Thesis_Evaluation,True,validation
271,PhD registration issue,The research enrollment process is showing an error. I need the registration to be completed for my research work.,Registration,Registration,True,train
179,Unable to complete PhD admission,My admission documents has not been updated. The application was submitted before the deadline.,PhD_Admission,PhD_Admission,True,train
2335,Research fee payment issue,The payment status is not reflected. The amount was already paid successfully.,Fee,Fee,True,train
865,Problem with RAC proceedings,My rac approval needs clarification. I need the concerned office to confirm the next step.,RAC,RAC,True,validation
2922,RTI matter not updated,The status of my iigrs request has not been processed. I have the submission reference available.,RTI_IIGRS,RTI_IIGRS,True,train
1318,Research paper verification issue,The publication documents submitted for verification has not been completed. I have already provided the required evidence.,Publication_Verification,Publication_Verification,True,validation
292,Registration status not updated,My registration request is not reflecting the submitted information. I need the registration to be completed for my research work.,Registration,Registration,True,train
1272,Publication verification not completed,My publication record requires clarification. I have already provided the required evidence.,Publication_Verification,Publication_Verification,True,train
2980,RTI matter not updated,My rti/iigrs case has not received a response. I submitted the request through the appropriate channel.,RTI_IIGRS,RTI_IIGRS,True,train
1994,Viva voce scheduling issue,The viva schedule has not been updated. I have not received the examination schedule.,Viva,Viva,True,train
1801,Viva examination not scheduled,The defense process has not been scheduled. I have not received the examination schedule.,Viva,Viva,True,train
1004,Problem regarding RDC decision,The status of my rdc case has not been communicated. The required research documents have already been submitted.,RDC,RDC,True,train
2814,Problem with RTI/IIGRS submission,My iigrs grievance has not received a response. I would like the concerned office to verify the matter.,RTI_IIGRS,RTI_IIGRS,True,train
458,Issue regarding doctoral supervision,My research supervisor allocation requires review. I have already submitted the required request.,Supervisor_Related,Supervisor_Related,True,train
528,Request for supervisor change,The supervisor information in the portal is still pending. I need clarification before proceeding with my research.,Supervisor_Related,Supervisor_Related,True,train
1949,Doctoral defense date not received,The viva schedule has not been scheduled. I have completed the required pre-viva formalities.,Viva,Viva,True,train
2607,Portal record correction request,My doctoral profile contains incorrect information. I submitted a correction request earlier.,Portal_Data_Correction,Portal_Data_Correction,True,train
2755,Research portal data correction,My personal information in the research portal contains incorrect information. I submitted a correction request earlier.,Portal_Data_Correction,Portal_Data_Correction,True,train
927,RAC meeting issue,The research advisory committee process is still pending. I have been waiting for an official update.,RAC,RAC,True,train
2196,Problem with research status conversion,My request for a change of research status is still pending. The request was submitted through the prescribed process.,FT_PT_Conversion,FT_PT_Conversion,True,train
679,Course work registration problem,My coursework completion status are still pending. The concerned course has already been completed.,Course_Work,Course_Work,True,train
219,Registration request not processed,The research enrollment process is showing an error. The registration deadline is approaching.,Registration,Registration,True,train
2255,Research fee status pending,My doctoral fee record is not reflected. The payment was made before the deadline.,Fee,Fee,True,train
1508,Thesis submission process delayed,My thesis submission has not been acknowledged. The thesis was submitted through the prescribed process.,Thesis_Submission,Thesis_Submission,True,train
2468,Stipend not credited,The fellowship record has not been credited. The payment was expected for the current month.,Fellowship,Fellowship,True,train
411,Issue regarding doctoral supervision,The supervisor information in the portal requires review. I have already submitted the required request.,Supervisor_Related,Supervisor_Related,True,train
347,Unable to complete research registration,My enrollment record is still pending. The required documents are already available.,Registration,Registration,True,train
1767,Thesis evaluation not updated,The status of my thesis review has not been completed. I have been waiting for the evaluation update.,Thesis_Evaluation,Thesis_Evaluation,True,train
1243,Research paper verification issue,My research publication verification is still pending. I need the verification for my academic record.,Publication_Verification,Publication_Verification,True,train
728,Issue with research classes,My research coursework are missing from my record. The issue is affecting my research progress.,Course_Work,Course_Work,True,train
1663,Issue with thesis evaluation,The status of my thesis review requires clarification. I would like the concerned office to verify the current status.,Thesis_Evaluation,Thesis_Evaluation,True,train
323,Registration request not processed,My phd registration has not been updated. The required documents are already available.,Registration,Registration,True,train
3053,Unclassified research-related issue,An issue related to my doctoral process requires clarification. I have submitted the relevant documents.,Other,Other,True,train
77,PhD admission approval delayed,My doctoral admission application has not been approved. The application was submitted before the deadline.,PhD_Admission,PhD_Admission,True,train
1860,Viva status pending,My viva status has not been updated. The delay is affecting completion of my PhD.,Viva,Viva,True,train
1115,RDC proposal status not updated,The status of my rdc case appears to be awaiting review. The delay is affecting my research schedule.,RDC,RDC,True,train
1037,RDC approval pending,My research matter before the rdc requires clarification. I need confirmation from the concerned office.,RDC,RDC,True,train
145,PhD admission application pending,The doctoral admission process is awaiting verification. I submitted all required documents on time.,PhD_Admission,PhD_Admission,True,train
204,Unable to complete research registration,My doctoral registration status is still pending. I have completed the required registration steps.,Registration,Registration,True,train
433,Supervisor assignment pending,The supervisor information in the portal has not been finalized. The matter has remained unresolved for several days.,Supervisor_Related,Supervisor_Related,True,validation
46,Unable to complete PhD admission,My doctoral admission application has not moved to the next stage. I have already completed the required admission steps.,PhD_Admission,PhD_Admission,True,test
3055,Other research administration issue,My research-related request has not been resolved. I would like the matter to be reviewed.,Other,Other,True,train
2699,Incorrect doctoral record,My name and academic details does not match my official documents. I submitted a correction request earlier.,Portal_Data_Correction,Portal_Data_Correction,True,train
1768,Thesis evaluation not updated,The evaluation of my doctoral thesis requires clarification. My thesis has already been submitted.,Thesis_Evaluation,Thesis_Evaluation,True,test
3190,Issue not covered by listed categories,An issue related to my doctoral process does not fit the available grievance categories. I have submitted the relevant documents.,Other,Other,True,train
2954,Issue related to RTI request,My iigrs grievance has not been processed. I am waiting for an official response.,RTI_IIGRS,RTI_IIGRS,True,train
1879,Viva status pending,My viva examination date has not been updated. I need confirmation of the next step.,Viva,Viva,True,train
2552,Problem with monthly stipend,The fellowship amount has not been released. The payment was expected for the current month.,Fellowship,Fellowship,True,train
1337,Problem verifying research publication,My publication record has not been completed. The publication details are available for verification.,Publication_Verification,Publication_Verification,True,train
153,Problem during doctoral admission,The admission status in the research portal is still pending. I have already completed the required admission steps.,PhD_Admission,PhD_Admission,True,train
2953,Problem with RTI/IIGRS submission,My iigrs grievance is still pending. I have the submission reference available.,RTI_IIGRS,RTI_IIGRS,True,test
2041,Full-time part-time status change,My research status conversion requires approval. I am waiting for confirmation from the concerned office.,FT_PT_Conversion,FT_PT_Conversion,True,test
943,Problem with RAC proceedings,The research advisory committee process needs clarification. The matter is affecting my research timeline.,RAC,RAC,True,train
1934,Viva examination not scheduled,My viva status is awaiting confirmation. I have completed the required pre-viva formalities.,Viva,Viva,True,validation
1234,Publication verification pending,My research article verification has not been updated. The publication details are available for verification.,Publication_Verification,Publication_Verification,True,train
766,Issue with research classes,The coursework marks in the portal are still pending. The issue is affecting my research progress.,Course_Work,Course_Work,True,train
3068,General research grievance,An issue related to my doctoral process has not received a response. I am requesting appropriate guidance on the next step.,Other,Other,True,train
1,PhD admission approval delayed,The admission status in the research portal is awaiting verification. I have not received any further update.,PhD_Admission,PhD_Admission,True,train
2339,Fee payment not reflected,The fee receipt has not generated a receipt. I need the fee record corrected.,Fee,Fee,True,train
2479,Fellowship payment record incorrect,The fellowship record has not been credited. I have completed the required fellowship formalities.,Fellowship,Fellowship,True,train
1946,Viva voce scheduling issue,My doctoral defense has not been scheduled. I have not received the examination schedule.,Viva,Viva,True,test
795,Course work credit issue,The coursework marks in the portal are showing an incorrect value. I need the academic record corrected.,Course_Work,Course_Work,True,test
1428,Thesis submission process delayed,The thesis submission status is showing an incorrect status. The issue is preventing me from moving to the next stage.,Thesis_Submission,Thesis_Submission,True,train
1475,Thesis submission record missing,The thesis submission status is showing an incorrect status. The submission deadline has already passed.,Thesis_Submission,Thesis_Submission,True,train
2657,Problem with profile information,The information displayed in my account needs to be updated. I have the correct supporting document.,Portal_Data_Correction,Portal_Data_Correction,True,test
790,Course work credit issue,My coursework credits are missing from my record. The concerned course has already been completed.,Course_Work,Course_Work,True,train
502,Supervisor details not updated,The doctoral supervision process has not been finalized. I need clarification before proceeding with my research.,Supervisor_Related,Supervisor_Related,True,test
2223,Research fee status pending,The fee receipt is not reflected. The payment was made before the deadline.,Fee,Fee,True,train
1238,Paper verification request delayed,The publication documents submitted for verification has not been processed. I need the verification for my academic record.,Publication_Verification,Publication_Verification,True,train
945,RAC schedule not received,My rac schedule is still pending. I have been waiting for an official update.,RAC,RAC,True,validation
2621,Research portal details need correction,My portal data has not been corrected. I request the concerned office to update the record.,Portal_Data_Correction,Portal_Data_Correction,True,train
212,Unable to complete research registration,My phd registration is not reflecting the submitted information. The required documents are already available.,Registration,Registration,True,train
33,Problem during doctoral admission,My phd admission approval has not moved to the next stage. The application was submitted before the deadline.,PhD_Admission,PhD_Admission,True,train
880,RAC approval pending,The research advisory committee process needs clarification. I have completed the required preparation.,RAC,RAC,True,validation
2589,Fellowship payment delayed,My pending stipend is showing an incorrect status. I have completed the required fellowship formalities.,Fellowship,Fellowship,True,train
15,Problem during doctoral admission,My doctoral admission application is showing an incorrect status. I have already completed the required admission steps.,PhD_Admission,PhD_Admission,True,train
94,Admission application not updated,My phd admission approval is awaiting verification. The required documents were uploaded successfully.,PhD_Admission,PhD_Admission,True,train
2282,Fee transaction issue,My research fee payment appears to contain an incorrect amount. The amount was already paid successfully.,Fee,Fee,True,validation
2518,Fellowship status pending,My monthly stipend has not been credited. The payment was expected for the current month.,Fellowship,Fellowship,True,train
150,Issue with PhD admission status,The doctoral admission process is awaiting verification. I have already completed the required admission steps.,PhD_Admission,PhD_Admission,True,train
310,Registration request not processed,My enrollment record is showing an error. The registration deadline is approaching.,Registration,Registration,True,train
786,Course work registration problem,My coursework credits are showing an incorrect value. I need the academic record corrected.,Course_Work,Course_Work,True,train
2026,Research status conversion issue,My full-time to part-time conversion application has not been processed. The supporting documents have already been provided.,FT_PT_Conversion,FT_PT_Conversion,True,test
2024,Full-time part-time status change,The research mode recorded in the portal is still pending. I need the change to be reflected in my academic record.,FT_PT_Conversion,FT_PT_Conversion,True,test
1671,Issue with thesis evaluation,The thesis assessment process has not been updated. I have not received an official evaluation status.,Thesis_Evaluation,Thesis_Evaluation,True,train
1979,Issue with viva examination,The viva schedule has not been scheduled. I have completed the required pre-viva formalities.,Viva,Viva,True,validation
692,Course work credit issue,The coursework marks in the portal have not been updated. The issue is affecting my research progress.,Course_Work,Course_Work,True,train
424,Problem with research supervisor,My supervision arrangement has not been finalized. The matter has remained unresolved for several days.,Supervisor_Related,Supervisor_Related,True,train
1400,Publication verification pending,The verification of my published paper is still pending. The delay is affecting my research documentation.,Publication_Verification,Publication_Verification,True,train
1745,Issue with thesis evaluation,My thesis evaluation has not progressed. I would like the concerned office to verify the current status.,Thesis_Evaluation,Thesis_Evaluation,True,validation
2908,Issue related to RTI request,My iigrs grievance requires clarification. I would like the concerned office to verify the matter.,RTI_IIGRS,RTI_IIGRS,True,train
1567,Problem submitting doctoral thesis,The final thesis submission process has not been updated. I need confirmation that the submission was received.,Thesis_Submission,Thesis_Submission,True,train
681,Problem with course credits,My coursework credits are not reflected correctly. The concerned course has already been completed.,Course_Work,Course_Work,True,train
1352,Publication record verification issue,My publication record has not been completed. I need the verification for my academic record.,Publication_Verification,Publication_Verification,True,validation
2303,Fee payment not reflected,My semester research fee has not generated a receipt. I need the fee record corrected.,Fee,Fee,True,train
555,Supervisor allocation issue,The supervisor information in the portal is still pending. I have not received a clear update from the concerned office.,Supervisor_Related,Supervisor_Related,True,train
3016,Unclassified research-related issue,An administrative issue concerning my research has not received a response. The issue is affecting my research work.,Other,Other,True,validation
2915,IIGRS request pending,My rti-related matter requires clarification. The current status has not changed.,RTI_IIGRS,RTI_IIGRS,True,train
2640,Portal record correction request,My doctoral profile does not match my official documents. I have the correct supporting document.,Portal_Data_Correction,Portal_Data_Correction,True,train
189,PhD admission approval delayed,My admission documents is awaiting verification. I have not received any further update.,PhD_Admission,PhD_Admission,True,test
1160,Research Degree Committee issue,The rdc approval process has not been updated. The required research documents have already been submitted.,RDC,RDC,True,test
1405,Thesis submission status pending,My submitted thesis documents has not been acknowledged. The submission deadline has already passed.,Thesis_Submission,Thesis_Submission,True,train
2701,Incorrect doctoral record,My name and academic details has not been corrected. The discrepancy is visible in my portal profile.,Portal_Data_Correction,Portal_Data_Correction,True,test
1861,Doctoral defense date not received,My doctoral defense is still pending. I have completed the required pre-viva formalities.,Viva,Viva,True,train
412,Supervisor details not updated,The doctoral supervision process is still pending. The matter has remained unresolved for several days.,Supervisor_Related,Supervisor_Related,True,train
1222,Publication record verification issue,The paper verification request requires clarification. I submitted the publication documents as requested.,Publication_Verification,Publication_Verification,True,test
1023,Issue with RDC review,The rdc approval process has not been communicated. The required research documents have already been submitted.,RDC,RDC,True,validation
1427,Thesis submission process delayed,My submitted thesis documents has not been updated. I submitted the required documents successfully.,Thesis_Submission,Thesis_Submission,True,train
1279,Paper verification request delayed,My research article verification has not been updated. The publication details are available for verification.,Publication_Verification,Publication_Verification,True,train
247,Registration status not updated,The registration details in the portal is not reflecting the submitted information. I have completed the required registration steps.,Registration,Registration,True,train
686,Course work registration problem,The coursework classes are missing from my record. The issue is affecting my research progress.,Course_Work,Course_Work,True,train
1576,Thesis submission record missing,The doctoral thesis submission record is not visible in the portal. I submitted the required documents successfully.,Thesis_Submission,Thesis_Submission,True,validation
3099,Research administration problem,A university research office matter needs attention from the concerned office. I have already contacted the concerned office.,Other,Other,True,test
811,Issue regarding RAC meeting,My rac schedule has not been updated. I submitted the relevant research documents.,RAC,RAC,True,train
558,Request for supervisor change,The supervisor information in the portal has not been updated. I have not received a clear update from the concerned office.,Supervisor_Related,Supervisor_Related,True,train
2767,Research portal data correction,My personal information in the research portal needs to be updated. I request the concerned office to update the record.,Portal_Data_Correction,Portal_Data_Correction,True,train
1563,Problem submitting doctoral thesis,The final thesis submission process is not visible in the portal. The issue is preventing me from moving to the next stage.,Thesis_Submission,Thesis_Submission,True,train
950,Issue regarding RAC meeting,The recommendations recorded by the rac has not been scheduled. I submitted the relevant research documents.,RAC,RAC,True,validation
2719,Portal record correction request,My portal data contains incorrect information. The incorrect information may affect official records.,Portal_Data_Correction,Portal_Data_Correction,True,validation
1264,Publication verification pending,The paper verification request has not been processed. I need the verification for my academic record.,Publication_Verification,Publication_Verification,True,train
440,Problem with research supervisor,My supervision arrangement has not been updated. The matter has remained unresolved for several days.,Supervisor_Related,Supervisor_Related,True,train
1826,Doctoral defense date not received,The viva schedule requires clarification. The delay is affecting completion of my PhD.,Viva,Viva,True,train
1296,Paper verification request delayed,The verification of my published paper has not been processed. The delay is affecting my research documentation.,Publication_Verification,Publication_Verification,True,train
2809,IIGRS grievance status issue,The rti request submitted through the concerned process is awaiting action. I have the submission reference available.,RTI_IIGRS,RTI_IIGRS,True,train
622,Course work status not updated,The coursework classes are missing from my record. The concerned course has already been completed.,Course_Work,Course_Work,True,test
1919,Problem regarding doctoral defense,My viva examination date has not been updated. I have not received the examination schedule.,Viva,Viva,True,test
2361,Fee transaction issue,The payment status is not reflected. The amount was already paid successfully.,Fee,Fee,True,train
2846,IIGRS request pending,My grievance under the rti/iigrs process is awaiting action. I submitted the request through the appropriate channel.,RTI_IIGRS,RTI_IIGRS,True,train
2135,Part-time conversion pending,My research status conversion has not been processed. I am waiting for confirmation from the concerned office.,FT_PT_Conversion,FT_PT_Conversion,True,train
1730,Delay in doctoral thesis assessment,My thesis evaluation has not progressed. I would like the concerned office to verify the current status.,Thesis_Evaluation,Thesis_Evaluation,True,train
176,Admission application not updated,The doctoral admission process has not been updated. I submitted all required documents on time.,PhD_Admission,PhD_Admission,True,train
583,Supervisor assignment pending,The supervisor information in the portal is still pending. I have already submitted the required request.,Supervisor_Related,Supervisor_Related,True,train
332,Registration status not updated,My registration request has not been processed. The required documents are already available.,Registration,Registration,True,train
2229,Payment record not updated,The fee transaction in the portal has not generated a receipt. I have the transaction details available.,Fee,Fee,True,validation
2155,Full-time part-time status change,My research status conversion is showing the old status. The request was submitted through the prescribed process.,FT_PT_Conversion,FT_PT_Conversion,True,train
1658,Thesis evaluation not updated,The status of my thesis review has not been updated. The delay is affecting the next stage of my doctoral process.,Thesis_Evaluation,Thesis_Evaluation,True,test
1107,Issue with RDC review,My rdc proposal has not been updated. The matter was submitted through the prescribed process.,RDC,RDC,True,train
2379,Problem with doctoral fee,The fee transaction in the portal is showing as unpaid. The payment was made before the deadline.,Fee,Fee,True,train
1733,Thesis evaluation delayed,The thesis assessment process has not progressed. I would like the concerned office to verify the current status.,Thesis_Evaluation,Thesis_Evaluation,True,train
858,RAC approval pending,My rac approval has not been updated. I have completed the required preparation.,RAC,RAC,True,train
3112,General research grievance,A university research office matter needs attention from the concerned office. I am requesting appropriate guidance on the next step.,Other,Other,True,train
2230,Fee payment not reflected,The payment status appears to contain an incorrect amount. The issue is preventing completion of the required process.,Fee,Fee,True,validation
2821,Issue related to RTI request,The rti request submitted through the concerned process is awaiting action. The current status has not changed.,RTI_IIGRS,RTI_IIGRS,True,train
1958,Doctoral defense date not received,My doctoral defense is awaiting confirmation. My thesis evaluation has already progressed.,Viva,Viva,True,train
3047,General doctoral process grievance,My research-related request has not received a response. I have already contacted the concerned office.,Other,Other,True,train
2654,Research portal details need correction,My research record in the portal has not been corrected. I request the concerned office to update the record.,Portal_Data_Correction,Portal_Data_Correction,True,train
2858,IIGRS grievance status issue,The rti request submitted through the concerned process requires clarification. I am waiting for an official response.,RTI_IIGRS,RTI_IIGRS,True,train
1672,Thesis evaluation not updated,My thesis evaluation requires clarification. My thesis has already been submitted.,Thesis_Evaluation,Thesis_Evaluation,True,train
1821,Viva examination not scheduled,My doctoral defense requires clarification. My thesis evaluation has already progressed.,Viva,Viva,True,test
2556,Research fellowship issue,My pending stipend is still pending. The delay is causing difficulty in managing my research expenses.,Fellowship,Fellowship,True,train
799,Course work registration problem,The coursework classes have not been updated. I have supporting records for the completed work.,Course_Work,Course_Work,True,train
680,Course work credit issue,My registered research courses are missing from my record. The issue is affecting my research progress.,Course_Work,Course_Work,True,train
2582,Fellowship payment delayed,My scholarship payment requires clarification. The delay is causing difficulty in managing my research expenses.,Fellowship,Fellowship,True,train
2072,Research status conversion issue,My research status conversion has not been updated. The supporting documents have already been provided.,FT_PT_Conversion,FT_PT_Conversion,True,train
2013,Part-time conversion pending,The research mode recorded in the portal needs clarification. The supporting documents have already been provided.,FT_PT_Conversion,FT_PT_Conversion,True,train
267,Unable to complete research registration,My doctoral registration status has not been updated. I have completed the required registration steps.,Registration,Registration,True,train
2575,Problem with monthly stipend,The fellowship record is still pending. The previous payments were processed normally.,Fellowship,Fellowship,True,validation
197,PhD admission approval delayed,My phd admission approval has not been updated. The required documents were uploaded successfully.,PhD_Admission,PhD_Admission,True,train
2399,Research fee status pending,My research fee payment appears to contain an incorrect amount. I need the fee record corrected.,Fee,Fee,True,train
89,PhD admission application pending,The doctoral admission process is awaiting verification. I have already completed the required admission steps.,PhD_Admission,PhD_Admission,True,train
2510,Fellowship payment delayed,The fellowship record requires clarification. I have completed the required fellowship formalities.,Fellowship,Fellowship,True,validation
3083,Unclassified research-related issue,An issue related to my doctoral process is still pending. I am requesting appropriate guidance on the next step.,Other,Other,True,train
1196,RDC proposal status not updated,My research matter before the rdc has not been updated. I need confirmation from the concerned office.,RDC,RDC,True,train
1787,Problem regarding thesis evaluation,My thesis evaluation has not been updated. My thesis has already been submitted.,Thesis_Evaluation,Thesis_Evaluation,True,train
953,Research Advisory Committee request pending,My rac approval has not been updated. I have been waiting for an official update.,RAC,RAC,True,train
760,Course work registration problem,My coursework completion status are showing an incorrect value. I have supporting records for the completed work.,Course_Work,Course_Work,True,train
464,Supervisor allocation issue,The doctoral supervision process is still pending. The matter has remained unresolved for several days.,Supervisor_Related,Supervisor_Related,True,test
830,Problem with RAC proceedings,My rac approval has not been updated. I have completed the required preparation.,RAC,RAC,True,train
444,Problem with research supervisor,My research supervisor allocation is still pending. The current information does not match my records.,Supervisor_Related,Supervisor_Related,True,train
1819,Problem regarding doctoral defense,My doctoral defense has not been updated. I need confirmation of the next step.,Viva,Viva,True,train
26,PhD admission application pending,The admission status in the research portal is showing an incorrect status. I have not received any further update.,PhD_Admission,PhD_Admission,True,validation
756,Course work status not updated,The coursework classes have not been updated. The concerned course has already been completed.,Course_Work,Course_Work,True,train
1273,Publication verification not completed,The publication documents submitted for verification has not been processed. I submitted the publication documents as requested.,Publication_Verification,Publication_Verification,True,train
2094,Full-time to part-time conversion request,The research mode recorded in the portal is still pending. I am waiting for confirmation from the concerned office.,FT_PT_Conversion,FT_PT_Conversion,True,validation
2285,Fee payment not reflected,My semester research fee is still pending. The issue is preventing completion of the required process.,Fee,Fee,True,train
1455,Problem submitting doctoral thesis,My submitted thesis documents is not visible in the portal. I submitted the required documents successfully.,Thesis_Submission,Thesis_Submission,True,train
1038,RDC meeting request pending,My rdc proposal has not progressed. The matter was submitted through the prescribed process.,RDC,RDC,True,train
2237,Research fee payment issue,The fee transaction in the portal is not reflected. I have the transaction details available.,Fee,Fee,True,train
2457,Research fellowship issue,My monthly stipend has not been updated. I have not received any update from the concerned office.,Fellowship,Fellowship,True,train
486,Supervisor assignment pending,The doctoral supervision process is causing difficulty in continuing my research. The matter has remained unresolved for several days.,Supervisor_Related,Supervisor_Related,True,train
2305,Fee payment not reflected,My semester research fee appears to contain an incorrect amount. The amount was already paid successfully.,Fee,Fee,True,test
2031,Full-time to part-time conversion request,My full-time to part-time conversion application needs clarification. I need the change to be reflected in my academic record.,FT_PT_Conversion,FT_PT_Conversion,True,test
3043,Research administration problem,A university research office matter has not been resolved. The issue is affecting my research work.,Other,Other,True,train
68,Problem during doctoral admission,My phd admission request is still pending. I have already completed the required admission steps.,PhD_Admission,PhD_Admission,True,train
2879,Problem with RTI/IIGRS submission,The rti request submitted through the concerned process has not been processed. I submitted the request through the appropriate channel.,RTI_IIGRS,RTI_IIGRS,True,train
569,Supervisor assignment pending,The doctoral supervision process has not been updated. The matter has remained unresolved for several days.,Supervisor_Related,Supervisor_Related,True,train
730,Course work status not updated,My coursework completion status cannot be completed due to a portal issue. I completed the required academic activities.,Course_Work,Course_Work,True,train
32,PhD admission approval delayed,The doctoral admission process is awaiting verification. I have already completed the required admission steps.,PhD_Admission,PhD_Admission,True,train
719,Course work registration problem,The coursework classes are missing from my record. I completed the required academic activities.,Course_Work,Course_Work,True,train
1424,Thesis submission process delayed,My submitted thesis documents requires confirmation. I submitted the required documents successfully.,Thesis_Submission,Thesis_Submission,True,test
2321,Research fee status pending,The fee receipt has not been updated. The amount was already paid successfully.,Fee,Fee,True,train
979,Problem with RAC proceedings,The next rac meeting has not been scheduled. I submitted the relevant research documents.,RAC,RAC,True,test
3048,Other research administration issue,A university research office matter needs attention from the concerned office. I would like the matter to be reviewed.,Other,Other,True,validation
1109,RDC proposal status not updated,My rdc proposal has not been updated. The required research documents have already been submitted.,RDC,RDC,True,train
59,PhD admission approval delayed,My doctoral admission application has not moved to the next stage. The required documents were uploaded successfully.,PhD_Admission,PhD_Admission,True,train
2966,IIGRS request pending,My grievance under the rti/iigrs process has not received a response. I am waiting for an official response.,RTI_IIGRS,RTI_IIGRS,True,validation
344,Research registration pending,The registration details in the portal has not been processed. The registration deadline is approaching.,Registration,Registration,True,train
1808,Doctoral defense date not received,The viva schedule has not been communicated. The delay is affecting completion of my PhD.,Viva,Viva,True,train
1030,Problem regarding RDC decision,My research degree committee review has not progressed. I need confirmation from the concerned office.,RDC,RDC,True,train
167,Issue with PhD admission status,The admission status in the research portal has not moved to the next stage. I have already completed the required admission steps.,PhD_Admission,PhD_Admission,True,train
125,Problem during doctoral admission,My admission documents has not been updated. I have already completed the required admission steps.,PhD_Admission,PhD_Admission,True,train
2526,Fellowship payment record incorrect,My monthly stipend requires clarification. I have not received any update from the concerned office.,Fellowship,Fellowship,True,validation
2634,Incorrect doctoral record,My research record in the portal needs to be updated. The discrepancy is visible in my portal profile.,Portal_Data_Correction,Portal_Data_Correction,True,test
472,Supervisor allocation issue,My request for a supervisor change is still pending. The matter has remained unresolved for several days.,Supervisor_Related,Supervisor_Related,True,train
904,Issue regarding RAC meeting,My rac approval has not been updated. I have completed the required preparation.,RAC,RAC,True,train
600,Supervisor details not updated,My request for a supervisor change has not been updated. I have not received a clear update from the concerned office.,Supervisor_Related,Supervisor_Related,True,validation
1511,Issue with thesis submission,My submitted thesis documents requires confirmation. I need confirmation that the submission was received.,Thesis_Submission,Thesis_Submission,True,test
599,Supervisor details not updated,My supervision arrangement is causing difficulty in continuing my research. The matter has remained unresolved for several days.,Supervisor_Related,Supervisor_Related,True,train
1764,Issue with thesis evaluation,The thesis assessment process has not progressed. My thesis has already been submitted.,Thesis_Evaluation,Thesis_Evaluation,True,train
2764,Incorrect personal information in portal,My portal data needs to be updated. I submitted a correction request earlier.,Portal_Data_Correction,Portal_Data_Correction,True,train
2793,Incorrect personal information in portal,My doctoral profile does not match my official documents. I have the correct supporting document.,Portal_Data_Correction,Portal_Data_Correction,True,train
1129,Problem regarding RDC decision,The rdc approval process is still pending. The required research documents have already been submitted.,RDC,RDC,True,test
1913,Viva status pending,My viva examination date is awaiting confirmation. My thesis evaluation has already progressed.,Viva,Viva,True,train
1399,Paper verification request delayed,My research publication verification has not been processed. The publication details are available for verification.,Publication_Verification,Publication_Verification,True,train
3154,General research grievance,A university research office matter does not fit the available grievance categories. I would like the matter to be reviewed.,Other,Other,True,train
1114,Problem regarding RDC decision,The rdc decision is still pending. I have been waiting for the committee's decision.,RDC,RDC,True,train
1968,Doctoral defense date not received,The viva schedule has not been communicated. I have completed the required pre-viva formalities.,Viva,Viva,True,test
1648,Thesis evaluation delayed,My thesis review status has not been updated. My thesis has already been submitted.,Thesis_Evaluation,Thesis_Evaluation,True,train
177,PhD admission approval delayed,The admission status in the research portal has not been approved. I submitted all required documents on time.,PhD_Admission,PhD_Admission,True,train
409,Problem with research supervisor,The supervisor assigned to my phd requires review. I need clarification before proceeding with my research.,Supervisor_Related,Supervisor_Related,True,train
696,Issue with research classes,My coursework credits are not reflected correctly. I need the academic record corrected.,Course_Work,Course_Work,True,train
2529,Stipend not credited,My research fellowship payment is still pending. The payment was expected for the current month.,Fellowship,Fellowship,True,test
1308,Problem verifying research publication,My publication record requires clarification. The publication details are available for verification.,Publication_Verification,Publication_Verification,True,test
3052,Other research administration issue,An administrative issue concerning my research needs attention from the concerned office. I have submitted the relevant documents.,Other,Other,True,train
2467,Stipend not credited,The fellowship record is showing an incorrect status. The previous payments were processed normally.,Fellowship,Fellowship,True,validation
1766,Issue with thesis evaluation,My thesis review status is still pending. I would like the concerned office to verify the current status.,Thesis_Evaluation,Thesis_Evaluation,True,train
1245,Publication record verification issue,My research publication verification has not been processed. The publication details are available for verification.,Publication_Verification,Publication_Verification,True,train
81,Unable to complete PhD admission,My admission documents has not been approved. I have already completed the required admission steps.,PhD_Admission,PhD_Admission,True,validation
2228,Research fee payment issue,My semester research fee appears to contain an incorrect amount. The payment was made before the deadline.,Fee,Fee,True,train
1232,Publication verification not completed,My research publication verification has not been completed. I have already provided the required evidence.,Publication_Verification,Publication_Verification,True,train
2373,Problem with doctoral fee,The payment status is showing as unpaid. The issue is preventing completion of the required process.,Fee,Fee,True,validation
1910,Viva status pending,The defense process has not been updated. I need confirmation of the next step.,Viva,Viva,True,train
2088,Request to change research mode,My request to convert from full-time to part-time has not been processed. The request was submitted through the prescribed process.,FT_PT_Conversion,FT_PT_Conversion,True,train
2857,IIGRS request pending,My iigrs grievance is awaiting action. I am waiting for an official response.,RTI_IIGRS,RTI_IIGRS,True,test
451,Issue regarding doctoral supervision,The supervisor assigned to my phd has not been updated. I have not received a clear update from the concerned office.,Supervisor_Related,Supervisor_Related,True,train
3023,Other research administration issue,My research administration matter does not fit the available grievance categories. I would like the matter to be reviewed.,Other,Other,True,validation
2065,Problem with research status conversion,My research status conversion has not been processed. The request was submitted through the prescribed process.,FT_PT_Conversion,FT_PT_Conversion,True,train
434,Supervisor assignment pending,The supervisor assigned to my phd requires review. The current information does not match my records.,Supervisor_Related,Supervisor_Related,True,train
1212,Publication verification not completed,My research publication verification is awaiting verification. The publication details are available for verification.,Publication_Verification,Publication_Verification,True,test
2009,Full-time to part-time conversion request,The research mode recorded in the portal has not been processed. I am waiting for confirmation from the concerned office.,FT_PT_Conversion,FT_PT_Conversion,True,validation
371,Unable to complete research registration,My enrollment record has not been processed. All requested information has been submitted.,Registration,Registration,True,train
403,Supervisor allocation issue,My supervision arrangement is causing difficulty in continuing my research. The current information does not match my records.,Supervisor_Related,Supervisor_Related,True,test
2919,Problem with RTI/IIGRS submission,My iigrs grievance is still pending. The current status has not changed.,RTI_IIGRS,RTI_IIGRS,True,train
1012,RDC meeting request pending,My rdc proposal is still pending. The matter was submitted through the prescribed process.,RDC,RDC,True,train
1737,Thesis review status pending,My thesis evaluation record is still pending. My thesis has already been submitted.,Thesis_Evaluation,Thesis_Evaluation,True,validation
1738,Delay in doctoral thesis assessment,My thesis review status has not been updated. I have not received an official evaluation status.,Thesis_Evaluation,Thesis_Evaluation,True,train
2944,IIGRS grievance status issue,The rti request submitted through the concerned process has not been updated. I submitted the request through the appropriate channel.,RTI_IIGRS,RTI_IIGRS,True,test
1962,Issue with viva examination,The defense process is awaiting confirmation. I have completed the required pre-viva formalities.,Viva,Viva,True,test
1624,Thesis evaluation not updated,The evaluation of my doctoral thesis requires clarification. The delay is affecting the next stage of my doctoral process.,Thesis_Evaluation,Thesis_Evaluation,True,train
2043,Research status conversion issue,The change in my doctoral study mode needs clarification. I am waiting for confirmation from the concerned office.,FT_PT_Conversion,FT_PT_Conversion,True,train
548,Request for supervisor change,My supervision arrangement needs correction. I have already submitted the required request.,Supervisor_Related,Supervisor_Related,True,train
1622,Thesis evaluation delayed,The thesis assessment process appears to be delayed. My thesis has already been submitted.,Thesis_Evaluation,Thesis_Evaluation,True,test
2103,Research status conversion issue,My request to convert from full-time to part-time has not been processed. I am waiting for confirmation from the concerned office.,FT_PT_Conversion,FT_PT_Conversion,True,train
142,PhD admission application pending,The admission status in the research portal has not been updated. The required documents were uploaded successfully.,PhD_Admission,PhD_Admission,True,train
1242,Publication record verification issue,The publication documents submitted for verification is awaiting verification. The delay is affecting my research documentation.,Publication_Verification,Publication_Verification,True,train
2045,Full-time part-time status change,The change in my doctoral study mode requires approval. The supporting documents have already been provided.,FT_PT_Conversion,FT_PT_Conversion,True,test
2610,Incorrect doctoral record,My doctoral profile needs to be updated. I submitted a correction request earlier.,Portal_Data_Correction,Portal_Data_Correction,True,validation
2779,Portal record correction request,My portal data needs to be updated. The discrepancy is visible in my portal profile.,Portal_Data_Correction,Portal_Data_Correction,True,train
1986,Viva status pending,My viva voce examination requires clarification. I have not received the examination schedule.,Viva,Viva,True,train
1923,Viva voce scheduling issue,The viva schedule is still pending. The delay is affecting completion of my PhD.,Viva,Viva,True,train
545,Supervisor allocation issue,My supervision arrangement requires review. The current information does not match my records.,Supervisor_Related,Supervisor_Related,True,train
1850,Problem regarding doctoral defense,The viva schedule is still pending. My thesis evaluation has already progressed.,Viva,Viva,True,train
818,RAC meeting issue,My rac schedule has not been updated. The matter is affecting my research timeline.,RAC,RAC,True,train
812,RAC schedule not received,The recommendations recorded by the rac has not been communicated. I have completed the required preparation.,RAC,RAC,True,train
1615,Problem regarding thesis evaluation,My thesis evaluation has not been completed. The delay is affecting the next stage of my doctoral process.,Thesis_Evaluation,Thesis_Evaluation,True,validation
2127,Request to change research mode,The change in my doctoral study mode has not been updated. The supporting documents have already been provided.,FT_PT_Conversion,FT_PT_Conversion,True,train
529,Supervisor allocation issue,My research supervisor allocation has not been updated. I have not received a clear update from the concerned office.,Supervisor_Related,Supervisor_Related,True,train
2178,Problem with research status conversion,My request to convert from full-time to part-time has not been updated. The supporting documents have already been provided.,FT_PT_Conversion,FT_PT_Conversion,True,train
2513,Fellowship payment record incorrect,The fellowship amount requires clarification. I have completed the required fellowship formalities.,Fellowship,Fellowship,True,train
941,Research Advisory Committee request pending,My rac approval has not been scheduled. I need the concerned office to confirm the next step.,RAC,RAC,True,train
417,Supervisor allocation issue,My supervision arrangement is still pending. The current information does not match my records.,Supervisor_Related,Supervisor_Related,True,test
178,PhD admission application pending,My admission documents has not been updated. I have already completed the required admission steps.,PhD_Admission,PhD_Admission,True,train
977,Problem with RAC proceedings,My rac meeting is still pending. I need the concerned office to confirm the next step.,RAC,RAC,True,train
2078,Part-time conversion pending,The research mode recorded in the portal is showing the old status. I am waiting for confirmation from the concerned office.,FT_PT_Conversion,FT_PT_Conversion,True,train
1076,Research Degree Committee issue,The rdc approval process has not been communicated. I need confirmation from the concerned office.,RDC,RDC,True,train
1627,Thesis evaluation not updated,The evaluation of my doctoral thesis requires clarification. I have been waiting for the evaluation update.,Thesis_Evaluation,Thesis_Evaluation,True,train
2029,Problem with research status conversion,My request to convert from full-time to part-time requires approval. The request was submitted through the prescribed process.,FT_PT_Conversion,FT_PT_Conversion,True,train
802,Issue regarding RAC meeting,The research advisory committee process has not been communicated. I have completed the required preparation.,RAC,RAC,True,train
2382,Fee transaction issue,My doctoral fee record has not generated a receipt. The payment was made before the deadline.,Fee,Fee,True,train
2390,Research fee status pending,The fee transaction in the portal has not generated a receipt. The amount was already paid successfully.,Fee,Fee,True,train
184,Problem during doctoral admission,My admission documents is showing an incorrect status. I submitted all required documents on time.,PhD_Admission,PhD_Admission,True,validation
1042,Problem regarding RDC decision,The rdc decision has not been communicated. The delay is affecting my research schedule.,RDC,RDC,True,train
2044,Research status conversion issue,My research status conversion is still pending. The supporting documents have already been provided.,FT_PT_Conversion,FT_PT_Conversion,True,train
2816,IIGRS request pending,My iigrs grievance has not been processed. The current status has not changed.,RTI_IIGRS,RTI_IIGRS,True,train
2914,RTI matter not updated,The status of my iigrs request has not been processed. I submitted the request through the appropriate channel.,RTI_IIGRS,RTI_IIGRS,True,train
2707,Incorrect personal information in portal,My name and academic details shows outdated details. I submitted a correction request earlier.,Portal_Data_Correction,Portal_Data_Correction,True,train
2427,Stipend not credited,The fellowship record requires clarification. I have not received any update from the concerned office.,Fellowship,Fellowship,True,validation
1382,Publication verification not completed,My research publication verification requires clarification. I have already provided the required evidence.,Publication_Verification,Publication_Verification,True,train
2059,Research status conversion issue,My request to convert from full-time to part-time needs clarification. The request was submitted through the prescribed process.,FT_PT_Conversion,FT_PT_Conversion,True,validation
813,Problem with RAC proceedings,My rac approval has not been updated. I need the concerned office to confirm the next step.,RAC,RAC,True,test
3120,Other research administration issue,My research administration matter has not been resolved. I would like the matter to be reviewed.,Other,Other,True,train
1019,RDC meeting request pending,My rdc proposal has not been updated. The required research documents have already been submitted.,RDC,RDC,True,validation
394,Problem with doctoral enrollment,My enrollment record is not reflecting the submitted information. I need the registration to be completed for my research work.,Registration,Registration,True,validation
1544,Thesis submission not updated,The final thesis submission process has not been updated. I submitted the required documents successfully.,Thesis_Submission,Thesis_Submission,True,train
1489,Issue with thesis submission,My thesis upload requires confirmation. I need confirmation that the submission was received.,Thesis_Submission,Thesis_Submission,True,train
479,Supervisor assignment pending,My research supervisor allocation has not been updated. I have already submitted the required request.,Supervisor_Related,Supervisor_Related,True,test
439,Supervisor assignment pending,The doctoral supervision process needs correction. The matter has remained unresolved for several days.,Supervisor_Related,Supervisor_Related,True,train
163,Issue with PhD admission status,My admission documents is showing an incorrect status. I have already completed the required admission steps.,PhD_Admission,PhD_Admission,True,train
2594,Research fellowship issue,My monthly stipend is still pending. The payment was expected for the current month.,Fellowship,Fellowship,True,validation
2067,Full-time part-time status change,My full-time to part-time conversion application requires approval. The supporting documents have already been provided.,FT_PT_Conversion,FT_PT_Conversion,True,train
3064,General doctoral process grievance,My research administration matter does not fit the available grievance categories. I am requesting appropriate guidance on the next step.,Other,Other,True,test
2971,Issue related to RTI request,My grievance under the rti/iigrs process is still pending. I have the submission reference available.,RTI_IIGRS,RTI_IIGRS,True,train
1823,Issue with viva examination,My doctoral defense has not been scheduled. My thesis evaluation has already progressed.,Viva,Viva,True,train
1518,Thesis submission record missing,My thesis submission is showing an incorrect status. The issue is preventing me from moving to the next stage.,Thesis_Submission,Thesis_Submission,True,validation
2149,Request to change research mode,My request for a change of research status requires approval. I need the change to be reflected in my academic record.,FT_PT_Conversion,FT_PT_Conversion,True,train
671,Problem with course credits,My coursework completion status are still pending. The issue is affecting my research progress.,Course_Work,Course_Work,True,validation
1374,Paper verification request delayed,My research article verification requires clarification. The delay is affecting my research documentation.,Publication_Verification,Publication_Verification,True,test
1125,RDC approval pending,The rdc approval process has not progressed. The matter was submitted through the prescribed process.,RDC,RDC,True,train
1564,Thesis submission process delayed,The final thesis submission process has not been updated. The submission deadline has already passed.,Thesis_Submission,Thesis_Submission,True,train
1103,RDC proposal status not updated,My research degree committee review requires clarification. I need confirmation from the concerned office.,RDC,RDC,True,train
1002,RDC approval pending,My rdc proposal has not progressed. I have been waiting for the committee's decision.,RDC,RDC,True,test
31,PhD admission approval delayed,My doctoral admission application is still pending. I have already completed the required admission steps.,PhD_Admission,PhD_Admission,True,train
1519,Thesis submission record missing,My submitted thesis documents is not visible in the portal. The issue is preventing me from moving to the next stage.,Thesis_Submission,Thesis_Submission,True,test
556,Supervisor assignment pending,My supervision arrangement has not been updated. I need clarification before proceeding with my research.,Supervisor_Related,Supervisor_Related,True,train
1007,RDC approval pending,My rdc proposal has not been communicated. The delay is affecting my research schedule.,RDC,RDC,True,train
1499,Thesis submission process delayed,The doctoral thesis submission record requires confirmation. The thesis was submitted through the prescribed process.,Thesis_Submission,Thesis_Submission,True,validation
174,PhD admission application pending,The doctoral admission process is showing an incorrect status. The application was submitted before the deadline.,PhD_Admission,PhD_Admission,True,train
2085,Part-time conversion pending,My request to convert from full-time to part-time has not been processed. I need the change to be reflected in my academic record.,FT_PT_Conversion,FT_PT_Conversion,True,train
297,Research registration pending,My doctoral registration status has not been updated. I need the registration to be completed for my research work.,Registration,Registration,True,train
326,PhD registration issue,The research enrollment process cannot be completed. I have completed the required registration steps.,Registration,Registration,True,validation
1331,Problem verifying research publication,The paper verification request has not been updated. I have already provided the required evidence.,Publication_Verification,Publication_Verification,True,train
1289,Paper verification request delayed,My research publication verification has not been processed. I submitted the publication documents as requested.,Publication_Verification,Publication_Verification,True,train
280,Problem with doctoral enrollment,My registration request is showing an error. All requested information has been submitted.,Registration,Registration,True,train
613,Course work status not updated,My registered research courses cannot be completed due to a portal issue. The issue is affecting my research progress.,Course_Work,Course_Work,True,train
965,RAC schedule not received,My rac meeting has not been communicated. I submitted the relevant research documents.,RAC,RAC,True,train
2882,RTI/IIGRS grievance pending,My grievance under the rti/iigrs process is awaiting action. The current status has not changed.,RTI_IIGRS,RTI_IIGRS,True,train
2124,Research status conversion issue,The research mode recorded in the portal needs clarification. I need the change to be reflected in my academic record.,FT_PT_Conversion,FT_PT_Conversion,True,train
2243,Fee payment not reflected,My semester research fee is still pending. The amount was already paid successfully.,Fee,Fee,True,validation
3166,General research grievance,An administrative issue concerning my research is still pending. The issue is affecting my research work.,Other,Other,True,train
1423,Problem submitting doctoral thesis,The final thesis submission process is still pending. The thesis was submitted through the prescribed process.,Thesis_Submission,Thesis_Submission,True,train
2964,Issue related to RTI request,The status of my iigrs request is awaiting action. I would like the concerned office to verify the matter.,RTI_IIGRS,RTI_IIGRS,True,train
1205,Research paper verification issue,The publication documents submitted for verification requires clarification. I submitted the publication documents as requested.,Publication_Verification,Publication_Verification,True,train
2017,Full-time part-time status change,The research mode recorded in the portal is still pending. I am waiting for confirmation from the concerned office.,FT_PT_Conversion,FT_PT_Conversion,True,validation
612,Problem with course credits,My coursework completion status cannot be completed due to a portal issue. I need the academic record corrected.,Course_Work,Course_Work,True,train
74,Unable to complete PhD admission,My phd admission approval has not been approved. The application was submitted before the deadline.,PhD_Admission,PhD_Admission,True,train
49,Unable to complete PhD admission,The admission status in the research portal has not been approved. I have already completed the required admission steps.,PhD_Admission,PhD_Admission,True,train
1996,Viva voce scheduling issue,The viva schedule requires clarification. I need confirmation of the next step.,Viva,Viva,True,train
602,Problem with course credits,My coursework completion status cannot be completed due to a portal issue. The concerned course has already been completed.,Course_Work,Course_Work,True,train
2308,Fee payment not reflected,My semester research fee has not generated a receipt. I have the transaction details available.,Fee,Fee,True,validation
1870,Problem regarding doctoral defense,My viva status has not been scheduled. I have completed the required pre-viva formalities.,Viva,Viva,True,validation
1538,Issue with thesis submission,My submitted thesis documents requires confirmation. The submission deadline has already passed.,Thesis_Submission,Thesis_Submission,True,test
1189,Research Degree Committee issue,My research matter before the rdc appears to be awaiting review. I have been waiting for the committee's decision.,RDC,RDC,True,train
762,Course work status not updated,My research coursework are showing an incorrect value. I completed the required academic activities.,Course_Work,Course_Work,True,train
2187,Request to change research mode,The change in my doctoral study mode needs clarification. I need the change to be reflected in my academic record.,FT_PT_Conversion,FT_PT_Conversion,True,train
1607,Problem regarding thesis evaluation,My thesis evaluation has not been completed. I would like the concerned office to verify the current status.,Thesis_Evaluation,Thesis_Evaluation,True,test
2311,Fee transaction issue,The fee receipt is still pending. I have the transaction details available.,Fee,Fee,True,validation
2033,Request to change research mode,My full-time to part-time conversion application has not been processed. I submitted the required application.,FT_PT_Conversion,FT_PT_Conversion,True,test
2437,Problem with monthly stipend,My monthly stipend has not been credited. The delay is causing difficulty in managing my research expenses.,Fellowship,Fellowship,True,test
2245,Research fee payment issue,The fee receipt is still pending. The amount was already paid successfully.,Fee,Fee,True,train
3160,General doctoral process grievance,My research administration matter requires clarification. I have submitted the relevant documents.,Other,Other,True,train
1886,Problem regarding doctoral defense,My viva voce examination has not been communicated. The delay is affecting completion of my PhD.,Viva,Viva,True,train
2502,Fellowship status pending,The fellowship amount is showing an incorrect status. The payment was expected for the current month.,Fellowship,Fellowship,True,train
2603,Incorrect personal information in portal,My portal data does not match my official documents. I have the correct supporting document.,Portal_Data_Correction,Portal_Data_Correction,True,test
1457,Problem submitting doctoral thesis,The doctoral thesis submission record requires confirmation. The thesis was submitted through the prescribed process.,Thesis_Submission,Thesis_Submission,True,train
2011,Research status conversion issue,The research mode recorded in the portal has not been updated. The supporting documents have already been provided.,FT_PT_Conversion,FT_PT_Conversion,True,train
2309,Fee payment not reflected,The payment status has not generated a receipt. The issue is preventing completion of the required process.,Fee,Fee,True,train
1895,Doctoral defense date not received,My viva examination date is awaiting confirmation. I need confirmation of the next step.,Viva,Viva,True,validation
2491,Problem with monthly stipend,My research fellowship payment has not been credited. The payment was expected for the current month.,Fellowship,Fellowship,True,train
1377,Research paper verification issue,The verification of my published paper has not been updated. I have already provided the required evidence.,Publication_Verification,Publication_Verification,True,train
1094,Problem regarding RDC decision,The rdc decision has not progressed. The required research documents have already been submitted.,RDC,RDC,True,validation
1840,Viva voce scheduling issue,The defense process has not been updated. The delay is affecting completion of my PhD.,Viva,Viva,True,validation
1712,Thesis evaluation delayed,My thesis evaluation has not progressed. My thesis has already been submitted.,Thesis_Evaluation,Thesis_Evaluation,True,validation
2413,Stipend not credited,My pending stipend requires clarification. I have not received any update from the concerned office.,Fellowship,Fellowship,True,train
1728,Delay in doctoral thesis assessment,My thesis evaluation has not progressed. I have not received an official evaluation status.,Thesis_Evaluation,Thesis_Evaluation,True,validation
1414,Thesis submission record missing,My thesis submission has not been updated. The thesis was submitted through the prescribed process.,Thesis_Submission,Thesis_Submission,True,train
1776,Thesis evaluation delayed,The thesis assessment process requires clarification. My thesis has already been submitted.,Thesis_Evaluation,Thesis_Evaluation,True,train
1533,Issue with thesis submission,The final thesis submission process is showing an incorrect status. I need confirmation that the submission was received.,Thesis_Submission,Thesis_Submission,True,train
2710,Incorrect personal information in portal,My research record in the portal does not match my official documents. I have the correct supporting document.,Portal_Data_Correction,Portal_Data_Correction,True,test
3090,Research administration problem,My doctoral administrative problem has not received a response. I would like the matter to be reviewed.,Other,Other,True,train
1018,Research Degree Committee issue,My research matter before the rdc appears to be awaiting review. I need confirmation from the concerned office.,RDC,RDC,True,train
3088,Other research administration issue,My research administration matter has not been resolved. I am requesting appropriate guidance on the next step.,Other,Other,True,train
109,Problem during doctoral admission,The admission status in the research portal is awaiting verification. I submitted all required documents on time.,PhD_Admission,PhD_Admission,True,test
2299,Payment record not updated,My research fee payment has not been updated. The payment was made before the deadline.,Fee,Fee,True,train
1883,Issue with viva examination,The defense process requires clarification. I have completed the required pre-viva formalities.,Viva,Viva,True,train
319,PhD registration issue,My doctoral registration status cannot be completed. I need the registration to be completed for my research work.,Registration,Registration,True,test
2476,Stipend not credited,My scholarship payment is still pending. The previous payments were processed normally.,Fellowship,Fellowship,True,validation
2907,Issue related to RTI request,My grievance under the rti/iigrs process has not been updated. I am waiting for an official response.,RTI_IIGRS,RTI_IIGRS,True,train
1546,Issue with thesis submission,My thesis upload is not visible in the portal. I submitted the required documents successfully.,Thesis_Submission,Thesis_Submission,True,train
3119,General doctoral process grievance,A university research office matter has not received a response. The issue is affecting my research work.,Other,Other,True,validation
2096,Research status conversion issue,My research status conversion is showing the old status. I need the change to be reflected in my academic record.,FT_PT_Conversion,FT_PT_Conversion,True,validation
2651,Problem with profile information,My portal data shows outdated details. The incorrect information may affect official records.,Portal_Data_Correction,Portal_Data_Correction,True,test
1174,RDC meeting request pending,My research degree committee review is still pending. The matter was submitted through the prescribed process.,RDC,RDC,True,train
1495,Issue with thesis submission,My thesis submission has not been updated. The thesis was submitted through the prescribed process.,Thesis_Submission,Thesis_Submission,True,validation
611,Course work marks not reflected,My registered research courses are still pending. I have supporting records for the completed work.,Course_Work,Course_Work,True,train
2190,Research status conversion issue,My research status conversion is showing the old status. I submitted the required application.,FT_PT_Conversion,FT_PT_Conversion,True,test
1512,Issue with thesis submission,The final thesis submission process has not been acknowledged. The thesis was submitted through the prescribed process.,Thesis_Submission,Thesis_Submission,True,train
1357,Problem verifying research publication,My research article verification has not been processed. The delay is affecting my research documentation.,Publication_Verification,Publication_Verification,True,train
2727,Research portal data correction,My personal information in the research portal does not match my official documents. I submitted a correction request earlier.,Portal_Data_Correction,Portal_Data_Correction,True,validation
1118,RDC meeting request pending,The rdc decision has not progressed. I need confirmation from the concerned office.,RDC,RDC,True,train
579,Request for supervisor change,The doctoral supervision process is still pending. I have already submitted the required request.,Supervisor_Related,Supervisor_Related,True,train
57,Problem during doctoral admission,My doctoral admission application has not been approved. I have not received any further update.,PhD_Admission,PhD_Admission,True,train
1911,Viva examination not scheduled,My doctoral defense is awaiting confirmation. I have completed the required pre-viva formalities.,Viva,Viva,True,test
1682,Issue with thesis evaluation,The status of my thesis review has not been updated. The delay is affecting the next stage of my doctoral process.,Thesis_Evaluation,Thesis_Evaluation,True,train
2163,Problem with research status conversion,My research status conversion is still pending. The supporting documents have already been provided.,FT_PT_Conversion,FT_PT_Conversion,True,train
603,Course work status not updated,My registered research courses are not reflected correctly. I completed the required academic activities.,Course_Work,Course_Work,True,train
469,Request for supervisor change,My supervision arrangement needs correction. I need clarification before proceeding with my research.,Supervisor_Related,Supervisor_Related,True,train
2516,Fellowship payment delayed,The fellowship amount has not been updated. The previous payments were processed normally.,Fellowship,Fellowship,True,train
2148,Part-time conversion pending,The research mode recorded in the portal has not been updated. I submitted the required application.,FT_PT_Conversion,FT_PT_Conversion,True,validation
536,Request for supervisor change,My research supervisor allocation is still pending. The matter has remained unresolved for several days.,Supervisor_Related,Supervisor_Related,True,train
1747,Thesis evaluation delayed,My thesis review status has not progressed. I have not received an official evaluation status.,Thesis_Evaluation,Thesis_Evaluation,True,test
582,Supervisor allocation issue,My request for a supervisor change requires review. I have already submitted the required request.,Supervisor_Related,Supervisor_Related,True,test
913,RAC meeting issue,My rac meeting has not been scheduled. The matter is affecting my research timeline.,RAC,RAC,True,train
2244,Problem with doctoral fee,The fee receipt has not generated a receipt. The amount was already paid successfully.,Fee,Fee,True,train
3075,Unclassified research-related issue,An issue related to my doctoral process requires clarification. I have already contacted the concerned office.,Other,Other,True,test
2121,Problem with research status conversion,My full-time to part-time conversion application has not been updated. The request was submitted through the prescribed process.,FT_PT_Conversion,FT_PT_Conversion,True,validation
70,PhD admission application pending,My doctoral admission application is still pending. I submitted all required documents on time.,PhD_Admission,PhD_Admission,True,test
2805,Problem with RTI/IIGRS submission,The rti request submitted through the concerned process has not been processed. I would like the concerned office to verify the matter.,RTI_IIGRS,RTI_IIGRS,True,train
1794,Issue with thesis evaluation,My thesis evaluation is still pending. I would like the concerned office to verify the current status.,Thesis_Evaluation,Thesis_Evaluation,True,train
437,Issue regarding doctoral supervision,My supervision arrangement is still pending. I have not received a clear update from the concerned office.,Supervisor_Related,Supervisor_Related,True,test
2154,Request to change research mode,My request to convert from full-time to part-time needs clarification. I am waiting for confirmation from the concerned office.,FT_PT_Conversion,FT_PT_Conversion,True,train
1984,Doctoral defense date not received,The defense process is still pending. I have completed the required pre-viva formalities.,Viva,Viva,True,train
209,Problem with doctoral enrollment,The research enrollment process has not been updated. The registration deadline is approaching.,Registration,Registration,True,train
1452,Issue with thesis submission,My thesis submission is not visible in the portal. The submission deadline has already passed.,Thesis_Submission,Thesis_Submission,True,validation
566,Supervisor allocation issue,The supervisor assigned to my phd is still pending. I need clarification before proceeding with my research.,Supervisor_Related,Supervisor_Related,True,validation
314,Registration status not updated,My enrollment record has not been processed. I have completed the required registration steps.,Registration,Registration,True,train
234,Unable to complete research registration,My registration request has not been updated. All requested information has been submitted.,Registration,Registration,True,test
991,RAC meeting issue,The recommendations recorded by the rac is still pending. The matter is affecting my research timeline.,RAC,RAC,True,train
2967,IIGRS grievance status issue,My rti/iigrs case is awaiting action. I would like the concerned office to verify the matter.,RTI_IIGRS,RTI_IIGRS,True,train
808,RAC schedule not received,My rac schedule has not been communicated. I need the concerned office to confirm the next step.,RAC,RAC,True,validation
112,Unable to complete PhD admission,My phd admission approval is awaiting verification. The application was submitted before the deadline.,PhD_Admission,PhD_Admission,True,test
3013,General doctoral process grievance,A university research office matter is still pending. I would like the matter to be reviewed.,Other,Other,True,train
839,Problem with RAC proceedings,My rac schedule needs clarification. I have been waiting for an official update.,RAC,RAC,True,validation
655,Course work registration problem,My registered research courses are still pending. The concerned course has already been completed.,Course_Work,Course_Work,True,train
1771,Thesis evaluation delayed,My thesis evaluation record requires clarification. I have been waiting for the evaluation update.,Thesis_Evaluation,Thesis_Evaluation,True,train
1814,Viva status pending,My viva status is still pending. My thesis evaluation has already progressed.,Viva,Viva,True,train
473,Problem with research supervisor,The supervisor information in the portal requires review. I have not received a clear update from the concerned office.,Supervisor_Related,Supervisor_Related,True,train
2637,Research portal details need correction,My personal information in the research portal shows outdated details. The incorrect information may affect official records.,Portal_Data_Correction,Portal_Data_Correction,True,test
1666,Thesis evaluation not updated,My thesis evaluation is still pending. I have not received an official evaluation status.,Thesis_Evaluation,Thesis_Evaluation,True,train
735,Problem with course credits,My registered research courses are missing from my record. The issue is affecting my research progress.,Course_Work,Course_Work,True,train
2749,Research portal data correction,My portal data does not match my official documents. The discrepancy is visible in my portal profile.,Portal_Data_Correction,Portal_Data_Correction,True,train
747,Problem with course credits,The coursework classes are missing from my record. The issue is affecting my research progress.,Course_Work,Course_Work,True,train
1178,RDC proposal status not updated,The rdc decision appears to be awaiting review. The delay is affecting my research schedule.,RDC,RDC,True,train
1629,Thesis evaluation not updated,The evaluation of my doctoral thesis has not been updated. The delay is affecting the next stage of my doctoral process.,Thesis_Evaluation,Thesis_Evaluation,True,train
765,Problem with course credits,My coursework completion status are still pending. I have supporting records for the completed work.,Course_Work,Course_Work,True,train
1104,Research Degree Committee issue,My rdc proposal is still pending. I need confirmation from the concerned office.,RDC,RDC,True,train
1341,Paper verification request delayed,The verification of my published paper requires clarification. I have already provided the required evidence.,Publication_Verification,Publication_Verification,True,test
362,Registration status not updated,The research enrollment process is still pending. All requested information has been submitted.,Registration,Registration,True,train
136,PhD admission application pending,My admission documents is awaiting verification. I submitted all required documents on time.,PhD_Admission,PhD_Admission,True,train
1413,Thesis submission record missing,The thesis submission status is not visible in the portal. I submitted the required documents successfully.,Thesis_Submission,Thesis_Submission,True,train
2319,Payment record not updated,My semester research fee has not generated a receipt. I need the fee record corrected.,Fee,Fee,True,validation
2740,Incorrect doctoral record,My research record in the portal has not been corrected. The discrepancy is visible in my portal profile.,Portal_Data_Correction,Portal_Data_Correction,True,train
2415,Research fellowship issue,My pending stipend requires clarification. The payment was expected for the current month.,Fellowship,Fellowship,True,validation
367,Registration status not updated,My registration request is still pending. The required documents are already available.,Registration,Registration,True,test
1926,Viva examination not scheduled,My doctoral defense is still pending. The delay is affecting completion of my PhD.,Viva,Viva,True,validation
30,Problem during doctoral admission,The admission status in the research portal is showing an incorrect status. I submitted all required documents on time.,PhD_Admission,PhD_Admission,True,train
2671,Portal record correction request,My doctoral profile does not match my official documents. The incorrect information may affect official records.,Portal_Data_Correction,Portal_Data_Correction,True,train
23,Admission application not updated,The doctoral admission process is awaiting verification. I have not received any further update.,PhD_Admission,PhD_Admission,True,train
2829,IIGRS request pending,My iigrs grievance has not received a response. I would like the concerned office to verify the matter.,RTI_IIGRS,RTI_IIGRS,True,train
2331,Payment record not updated,The fee receipt is not reflected. The issue is preventing completion of the required process.,Fee,Fee,True,validation
2847,IIGRS request pending,My grievance under the rti/iigrs process is still pending. I am waiting for an official response.,RTI_IIGRS,RTI_IIGRS,True,train
421,Request for supervisor change,My request for a supervisor change requires review. The current information does not match my records.,Supervisor_Related,Supervisor_Related,True,train
1589,Issue with thesis submission,The thesis submission status is not visible in the portal. The thesis was submitted through the prescribed process.,Thesis_Submission,Thesis_Submission,True,train
461,Request for supervisor change,My supervision arrangement is causing difficulty in continuing my research. I have already submitted the required request.,Supervisor_Related,Supervisor_Related,True,train
44,Issue with PhD admission status,My phd admission request has not been approved. I submitted all required documents on time.,PhD_Admission,PhD_Admission,True,validation
88,Issue with PhD admission status,My admission documents has not been approved. I have already completed the required admission steps.,PhD_Admission,PhD_Admission,True,train
1201,Research paper verification issue,My publication record requires clarification. The delay is affecting my research documentation.,Publication_Verification,Publication_Verification,True,train
2937,Problem with RTI/IIGRS submission,My rti/iigrs case is still pending. The current status has not changed.,RTI_IIGRS,RTI_IIGRS,True,test
1469,Thesis submission process delayed,The thesis submission status has not been acknowledged. The issue is preventing me from moving to the next stage.,Thesis_Submission,Thesis_Submission,True,test
562,Request for supervisor change,The supervisor assigned to my phd has not been updated. I need clarification before proceeding with my research.,Supervisor_Related,Supervisor_Related,True,train
283,Problem with doctoral enrollment,The registration details in the portal is not reflecting the submitted information. I need the registration to be completed for my research work.,Registration,Registration,True,train
1652,Issue with thesis evaluation,The status of my thesis review has not been completed. The delay is affecting the next stage of my doctoral process.,Thesis_Evaluation,Thesis_Evaluation,True,train
701,Course work credit issue,The coursework classes are missing from my record. The issue is affecting my research progress.,Course_Work,Course_Work,True,validation
1221,Publication verification pending,The paper verification request is still pending. The publication details are available for verification.,Publication_Verification,Publication_Verification,True,train
3037,Issue not covered by listed categories,My doctoral administrative problem does not fit the available grievance categories. The issue is affecting my research work.,Other,Other,True,train
2300,Fee payment not reflected,My doctoral fee record has not been updated. I need the fee record corrected.,Fee,Fee,True,validation
534,Supervisor details not updated,My request for a supervisor change needs correction. I need clarification before proceeding with my research.,Supervisor_Related,Supervisor_Related,True,train
1398,Publication verification pending,My research article verification requires clarification. The publication details are available for verification.,Publication_Verification,Publication_Verification,True,test
2619,Portal record correction request,My personal information in the research portal does not match my official documents. I request the concerned office to update the record.,Portal_Data_Correction,Portal_Data_Correction,True,train
2850,RTI matter not updated,My rti-related matter has not received a response. I have the submission reference available.,RTI_IIGRS,RTI_IIGRS,True,train
2873,IIGRS request pending,My rti-related matter has not received a response. I am waiting for an official response.,RTI_IIGRS,RTI_IIGRS,True,train
2554,Fellowship status pending,My scholarship payment requires clarification. The previous payments were processed normally.,Fellowship,Fellowship,True,train
2261,Research fee status pending,My semester research fee has not been updated. The payment was made before the deadline.,Fee,Fee,True,test
3153,Research administration problem,An administrative issue concerning my research requires clarification. I would like the matter to be reviewed.,Other,Other,True,test
1379,Paper verification request delayed,The paper verification request is still pending. I submitted the publication documents as requested.,Publication_Verification,Publication_Verification,True,train
2444,Problem with monthly stipend,The fellowship amount has not been updated. The delay is causing difficulty in managing my research expenses.,Fellowship,Fellowship,True,test
1917,Problem regarding doctoral defense,My doctoral defense is awaiting confirmation. My thesis evaluation has already progressed.,Viva,Viva,True,train
638,Issue with research classes,The coursework classes have not been updated. The issue is affecting my research progress.,Course_Work,Course_Work,True,validation
773,Course work registration problem,The coursework marks in the portal are showing an incorrect value. I completed the required academic activities.,Course_Work,Course_Work,True,train
2010,Research status conversion issue,My full-time to part-time conversion application needs clarification. The request was submitted through the prescribed process.,FT_PT_Conversion,FT_PT_Conversion,True,train
1961,Problem regarding doctoral defense,My viva voce examination has not been updated. I have not received the examination schedule.,Viva,Viva,True,train
2345,Payment record not updated,The fee transaction in the portal has not generated a receipt. The amount was already paid successfully.,Fee,Fee,True,test
1271,Paper verification request delayed,My research article verification has not been completed. I need the verification for my academic record.,Publication_Verification,Publication_Verification,True,train
1872,Viva voce scheduling issue,The defense process requires clarification. I need confirmation of the next step.,Viva,Viva,True,test
2314,Problem with doctoral fee,The fee transaction in the portal has not generated a receipt. I have the transaction details available.,Fee,Fee,True,train
222,Unable to complete research registration,My enrollment record has not been updated. The required documents are already available.,Registration,Registration,True,train
544,Supervisor assignment pending,My supervision arrangement is causing difficulty in continuing my research. The current information does not match my records.,Supervisor_Related,Supervisor_Related,True,train
2120,Request to change research mode,The change in my doctoral study mode requires approval. I need the change to be reflected in my academic record.,FT_PT_Conversion,FT_PT_Conversion,True,train
2292,Research fee payment issue,The payment status is showing as unpaid. The amount was already paid successfully.,Fee,Fee,True,train
737,Course work credit issue,My research coursework are still pending. I need the academic record corrected.,Course_Work,Course_Work,True,validation
2899,Issue related to RTI request,My rti-related matter requires clarification. The current status has not changed.,RTI_IIGRS,RTI_IIGRS,True,train
1925,Issue with viva examination,The defense process is awaiting confirmation. I need confirmation of the next step.,Viva,Viva,True,validation
1601,Problem regarding thesis evaluation,My thesis evaluation record has not been updated. The delay is affecting the next stage of my doctoral process.,Thesis_Evaluation,Thesis_Evaluation,True,train
2824,Problem with RTI/IIGRS submission,The rti request submitted through the concerned process is awaiting action. The current status has not changed.,RTI_IIGRS,RTI_IIGRS,True,train
841,Issue regarding RAC meeting,The next rac meeting has not been updated. I need the concerned office to confirm the next step.,RAC,RAC,True,validation
1191,Issue with RDC review,My rdc proposal has not been updated. The required research documents have already been submitted.,RDC,RDC,True,validation
2630,Problem with profile information,My portal data is missing important information. The discrepancy is visible in my portal profile.,Portal_Data_Correction,Portal_Data_Correction,True,validation
791,Problem with course credits,My research coursework cannot be completed due to a portal issue. I need the academic record corrected.,Course_Work,Course_Work,True,validation
2602,Portal record correction request,My doctoral profile is missing important information. I request the concerned office to update the record.,Portal_Data_Correction,Portal_Data_Correction,True,train
273,Unable to complete research registration,My registration request cannot be completed. I need the registration to be completed for my research work.,Registration,Registration,True,test
522,Supervisor allocation issue,My supervision arrangement is causing difficulty in continuing my research. I need clarification before proceeding with my research.,Supervisor_Related,Supervisor_Related,True,train
523,Issue regarding doctoral supervision,My supervision arrangement is causing difficulty in continuing my research. The current information does not match my records.,Supervisor_Related,Supervisor_Related,True,train
1739,Thesis evaluation delayed,My thesis evaluation record has not progressed. I have been waiting for the evaluation update.,Thesis_Evaluation,Thesis_Evaluation,True,train
683,Course work credit issue,My coursework completion status have not been updated. The issue is affecting my research progress.,Course_Work,Course_Work,True,train
2241,Problem with doctoral fee,The fee receipt is showing as unpaid. The issue is preventing completion of the required process.,Fee,Fee,True,train
351,PhD registration issue,My phd registration cannot be completed. I have completed the required registration steps.,Registration,Registration,True,train
1451,Thesis submission record missing,The doctoral thesis submission record has not been acknowledged. The submission deadline has already passed.,Thesis_Submission,Thesis_Submission,True,validation
2015,Full-time to part-time conversion request,My full-time to part-time conversion application requires approval. I am waiting for confirmation from the concerned office.,FT_PT_Conversion,FT_PT_Conversion,True,train
2475,Fellowship status pending,My research fellowship payment requires clarification. The payment was expected for the current month.,Fellowship,Fellowship,True,train
652,Problem with course credits,My coursework completion status are missing from my record. I have supporting records for the completed work.,Course_Work,Course_Work,True,train
2756,Research portal data correction,My research record in the portal shows outdated details. I submitted a correction request earlier.,Portal_Data_Correction,Portal_Data_Correction,True,train
863,Issue regarding RAC meeting,My rac meeting has not been communicated. I have completed the required preparation.,RAC,RAC,True,train
2766,Portal record correction request,My name and academic details shows outdated details. The incorrect information may affect official records.,Portal_Data_Correction,Portal_Data_Correction,True,test
860,RAC meeting issue,My rac approval requires review. I have completed the required preparation.,RAC,RAC,True,train
1269,Publication verification pending,My publication record has not been updated. The publication details are available for verification.,Publication_Verification,Publication_Verification,True,train
1106,Problem regarding RDC decision,The status of my rdc case is still pending. The matter was submitted through the prescribed process.,RDC,RDC,True,train
1252,Paper verification request delayed,The paper verification request has not been updated. The publication details are available for verification.,Publication_Verification,Publication_Verification,True,train
169,Issue with PhD admission status,My phd admission request has not been updated. The required documents were uploaded successfully.,PhD_Admission,PhD_Admission,True,test
2675,Research portal details need correction,My portal data does not match my official documents. I submitted a correction request earlier.,Portal_Data_Correction,Portal_Data_Correction,True,train
2462,Stipend not credited,My scholarship payment has not been updated. I have not received any update from the concerned office.,Fellowship,Fellowship,True,train
1262,Paper verification request delayed,My research article verification has not been completed. The delay is affecting my research documentation.,Publication_Verification,Publication_Verification,True,train
2629,Portal record correction request,My name and academic details does not match my official documents. The incorrect information may affect official records.,Portal_Data_Correction,Portal_Data_Correction,True,train
1180,Research Degree Committee issue,The status of my rdc case appears to be awaiting review. The matter was submitted through the prescribed process.,RDC,RDC,True,train
1570,Thesis submission status pending,My thesis upload is showing an incorrect status. I submitted the required documents successfully.,Thesis_Submission,Thesis_Submission,True,train
1612,Delay in doctoral thesis assessment,My thesis evaluation has not been completed. I have not received an official evaluation status.,Thesis_Evaluation,Thesis_Evaluation,True,train
3127,General doctoral process grievance,My doctoral administrative problem has not received a response. I would like the matter to be reviewed.,Other,Other,True,train
2284,Payment record not updated,My research fee payment is still pending. The issue is preventing completion of the required process.,Fee,Fee,True,train
2388,Research fee payment issue,My research fee payment appears to contain an incorrect amount. The issue is preventing completion of the required process.,Fee,Fee,True,train
220,Problem with doctoral enrollment,My phd registration has not been updated. All requested information has been submitted.,Registration,Registration,True,train
368,Research registration pending,My phd registration is still pending. I need the registration to be completed for my research work.,Registration,Registration,True,train
1966,Viva status pending,My viva voce examination requires clarification. I need confirmation of the next step.,Viva,Viva,True,train
2770,Problem with profile information,My personal information in the research portal needs to be updated. The incorrect information may affect official records.,Portal_Data_Correction,Portal_Data_Correction,True,train
3179,Issue not covered by listed categories,My research administration matter requires clarification. I would like the matter to be reviewed.,Other,Other,True,validation
2286,Research fee status pending,My doctoral fee record has not been updated. The issue is preventing completion of the required process.,Fee,Fee,True,train
2861,Problem with RTI/IIGRS submission,The rti request submitted through the concerned process requires clarification. I am waiting for an official response.,RTI_IIGRS,RTI_IIGRS,True,train
352,Unable to complete research registration,My doctoral registration status has not been processed. All requested information has been submitted.,Registration,Registration,True,train
1890,Problem regarding doctoral defense,My viva examination date is awaiting confirmation. I need confirmation of the next step.,Viva,Viva,True,test
2054,Research status conversion issue,My request to convert from full-time to part-time is still pending. I am waiting for confirmation from the concerned office.,FT_PT_Conversion,FT_PT_Conversion,True,train
2264,Fee payment not reflected,The fee receipt is not reflected. I need the fee record corrected.,Fee,Fee,True,train
491,Supervisor details not updated,The supervisor assigned to my phd has not been finalized. I have not received a clear update from the concerned office.,Supervisor_Related,Supervisor_Related,True,train
2869,Problem with RTI/IIGRS submission,The status of my iigrs request requires clarification. The current status has not changed.,RTI_IIGRS,RTI_IIGRS,True,train
2532,Fellowship payment delayed,My pending stipend is showing an incorrect status. The payment was expected for the current month.,Fellowship,Fellowship,True,train
499,Request for supervisor change,The supervisor assigned to my phd needs correction. I have not received a clear update from the concerned office.,Supervisor_Related,Supervisor_Related,True,validation
2431,Fellowship payment record incorrect,My pending stipend is showing an incorrect status. The delay is causing difficulty in managing my research expenses.,Fellowship,Fellowship,True,train
211,Unable to complete research registration,My registration request is not reflecting the submitted information. All requested information has been submitted.,Registration,Registration,True,train
938,RAC approval pending,My rac approval has not been communicated. I submitted the relevant research documents.,RAC,RAC,True,test
875,Issue regarding RAC meeting,My rac meeting has not been updated. The matter is affecting my research timeline.,RAC,RAC,True,test
651,Problem with course credits,My registered research courses cannot be completed due to a portal issue. The concerned course has already been completed.,Course_Work,Course_Work,True,train
228,Research registration pending,My phd registration is not reflecting the submitted information. All requested information has been submitted.,Registration,Registration,True,train
366,PhD registration issue,My enrollment record has not been updated. The required documents are already available.,Registration,Registration,True,train
757,Course work credit issue,My coursework credits cannot be completed due to a portal issue. I have supporting records for the completed work.,Course_Work,Course_Work,True,test
277,Research registration pending,My doctoral registration status is showing an error. I need the registration to be completed for my research work.,Registration,Registration,True,validation
2131,Full-time part-time status change,My request to convert from full-time to part-time requires approval. I am waiting for confirmation from the concerned office.,FT_PT_Conversion,FT_PT_Conversion,True,train
2682,Incorrect doctoral record,My name and academic details shows outdated details. I request the concerned office to update the record.,Portal_Data_Correction,Portal_Data_Correction,True,train
2115,Part-time conversion pending,My request for a change of research status needs clarification. I submitted the required application.,FT_PT_Conversion,FT_PT_Conversion,True,validation
1098,Issue with RDC review,The rdc decision has not been communicated. The required research documents have already been submitted.,RDC,RDC,True,train
2108,Research status conversion issue,My request to convert from full-time to part-time has not been updated. The supporting documents have already been provided.,FT_PT_Conversion,FT_PT_Conversion,True,test
408,Request for supervisor change,My request for a supervisor change is causing difficulty in continuing my research. The matter has remained unresolved for several days.,Supervisor_Related,Supervisor_Related,True,train
2452,Fellowship payment delayed,My research fellowship payment is showing an incorrect status. The delay is causing difficulty in managing my research expenses.,Fellowship,Fellowship,True,train
1065,Issue with RDC review,My research degree committee review has not been communicated. The delay is affecting my research schedule.,RDC,RDC,True,validation
2494,Research fellowship issue,The fellowship amount has not been released. The previous payments were processed normally.,Fellowship,Fellowship,True,validation
1537,Thesis submission not updated,The doctoral thesis submission record requires confirmation. The submission deadline has already passed.,Thesis_Submission,Thesis_Submission,True,test
1254,Problem verifying research publication,My research article verification has not been completed. I need the verification for my academic record.,Publication_Verification,Publication_Verification,True,train
3096,Other research administration issue,An issue related to my doctoral process does not fit the available grievance categories. The issue is affecting my research work.,Other,Other,True,train
1753,Thesis evaluation delayed,My thesis evaluation appears to be delayed. I have been waiting for the evaluation update.,Thesis_Evaluation,Thesis_Evaluation,True,train
8,Admission application not updated,The doctoral admission process has not moved to the next stage. I have not received any further update.,PhD_Admission,PhD_Admission,True,train
1175,Research Degree Committee issue,My research degree committee review has not been updated. The delay is affecting my research schedule.,RDC,RDC,True,train
1392,Publication verification not completed,The verification of my published paper has not been completed. I have already provided the required evidence.,Publication_Verification,Publication_Verification,True,train
1897,Viva voce scheduling issue,My doctoral defense is still pending. I have completed the required pre-viva formalities.,Viva,Viva,True,train
416,Problem with research supervisor,My research supervisor allocation is still pending. I need clarification before proceeding with my research.,Supervisor_Related,Supervisor_Related,True,train
1090,RDC approval pending,The rdc decision requires clarification. I need confirmation from the concerned office.,RDC,RDC,True,test
2951,Issue related to RTI request,The status of my iigrs request has not been processed. I have the submission reference available.,RTI_IIGRS,RTI_IIGRS,True,train
2609,Problem with profile information,The information displayed in my account does not match my official documents. I have the correct supporting document.,Portal_Data_Correction,Portal_Data_Correction,True,validation
1124,RDC meeting request pending,The rdc approval process has not progressed. The matter was submitted through the prescribed process.,RDC,RDC,True,train
200,PhD admission application pending,My phd admission request has not been updated. I submitted all required documents on time.,PhD_Admission,PhD_Admission,True,test
1111,RDC meeting request pending,My research matter before the rdc appears to be awaiting review. I need confirmation from the concerned office.,RDC,RDC,True,validation
1656,Thesis review status pending,My thesis evaluation record has not been completed. I have not received an official evaluation status.,Thesis_Evaluation,Thesis_Evaluation,True,train
284,PhD registration issue,The research enrollment process cannot be completed. The registration deadline is approaching.,Registration,Registration,True,validation
232,Research registration pending,My registration request cannot be completed. The required documents are already available.,Registration,Registration,True,train
806,RAC meeting issue,The recommendations recorded by the rac has not been scheduled. I need the concerned office to confirm the next step.,RAC,RAC,True,train
2796,Research portal data correction,My name and academic details has not been corrected. The incorrect information may affect official records.,Portal_Data_Correction,Portal_Data_Correction,True,train
97,Unable to complete PhD admission,The doctoral admission process is showing an incorrect status. The required documents were uploaded successfully.,PhD_Admission,PhD_Admission,True,train
1559,Thesis submission status pending,My submitted thesis documents is not visible in the portal. I need confirmation that the submission was received.,Thesis_Submission,Thesis_Submission,True,test
2742,Incorrect doctoral record,My name and academic details shows outdated details. The incorrect information may affect official records.,Portal_Data_Correction,Portal_Data_Correction,True,train
1594,Problem submitting doctoral thesis,The doctoral thesis submission record has not been updated. The submission deadline has already passed.,Thesis_Submission,Thesis_Submission,True,train
882,Problem with RAC proceedings,My rac meeting has not been scheduled. The matter is affecting my research timeline.,RAC,RAC,True,train
1236,Research paper verification issue,My research article verification is still pending. The delay is affecting my research documentation.,Publication_Verification,Publication_Verification,True,validation
1058,Problem regarding RDC decision,My research degree committee review has not been updated. I have been waiting for the committee's decision.,RDC,RDC,True,train
3054,General doctoral process grievance,My doctoral administrative problem has not been resolved. I would like the matter to be reviewed.,Other,Other,True,train
2760,Problem with profile information,My portal data has not been corrected. I request the concerned office to update the record.,Portal_Data_Correction,Portal_Data_Correction,True,validation
1613,Thesis evaluation delayed,My thesis evaluation appears to be delayed. The delay is affecting the next stage of my doctoral process.,Thesis_Evaluation,Thesis_Evaluation,True,test
1993,Doctoral defense date not received,My viva voce examination is still pending. I have not received the examination schedule.,Viva,Viva,True,test
105,Admission application not updated,My phd admission approval has not moved to the next stage. The required documents were uploaded successfully.,PhD_Admission,PhD_Admission,True,validation
2384,Payment record not updated,The payment status is still pending. The amount was already paid successfully.,Fee,Fee,True,train
1197,RDC meeting request pending,The rdc decision has not been updated. I have been waiting for the committee's decision.,RDC,RDC,True,test
1048,Problem regarding RDC decision,My rdc proposal requires clarification. The matter was submitted through the prescribed process.,RDC,RDC,True,train
2333,Fee payment not reflected,The fee transaction in the portal is still pending. I need the fee record corrected.,Fee,Fee,True,train
2689,Research portal data correction,My portal data does not match my official documents. I request the concerned office to update the record.,Portal_Data_Correction,Portal_Data_Correction,True,train
840,Problem with RAC proceedings,My rac schedule has not been scheduled. I have been waiting for an official update.,RAC,RAC,True,test
1026,RDC approval pending,My research degree committee review requires clarification. I need confirmation from the concerned office.,RDC,RDC,True,validation
2620,Incorrect doctoral record,My doctoral profile is missing important information. The incorrect information may affect official records.,Portal_Data_Correction,Portal_Data_Correction,True,train
745,Issue with research classes,My coursework completion status are missing from my record. The concerned course has already been completed.,Course_Work,Course_Work,True,validation
227,Registration request not processed,My enrollment record is not reflecting the submitted information. The required documents are already available.,Registration,Registration,True,train
1062,Issue with RDC review,The rdc decision has not been updated. I have been waiting for the committee's decision.,RDC,RDC,True,train
2210,Fee payment not reflected,The payment status appears to contain an incorrect amount. The amount was already paid successfully.,Fee,Fee,True,train
2983,RTI/IIGRS grievance pending,The status of my iigrs request requires clarification. I am waiting for an official response.,RTI_IIGRS,RTI_IIGRS,True,test
2810,RTI/IIGRS grievance pending,My rti/iigrs case has not been processed. I am waiting for an official response.,RTI_IIGRS,RTI_IIGRS,True,validation
3071,General doctoral process grievance,My doctoral administrative problem does not fit the available grievance categories. I would like the matter to be reviewed.,Other,Other,True,train
2831,Problem with RTI/IIGRS submission,My iigrs grievance requires clarification. I have the submission reference available.,RTI_IIGRS,RTI_IIGRS,True,train
1056,Research Degree Committee issue,My rdc proposal has not been communicated. The delay is affecting my research schedule.,RDC,RDC,True,train
1214,Publication verification not completed,The verification of my published paper requires clarification. The publication details are available for verification.,Publication_Verification,Publication_Verification,True,test
2046,Part-time conversion pending,The research mode recorded in the portal is showing the old status. I need the change to be reflected in my academic record.,FT_PT_Conversion,FT_PT_Conversion,True,train
2003,Part-time conversion pending,The change in my doctoral study mode is showing the old status. I submitted the required application.,FT_PT_Conversion,FT_PT_Conversion,True,train
832,RAC meeting issue,The next rac meeting requires review. I need the concerned office to confirm the next step.,RAC,RAC,True,test
1937,Doctoral defense date not received,My viva examination date requires clarification. I have completed the required pre-viva formalities.,Viva,Viva,True,train
2795,Incorrect doctoral record,My name and academic details needs to be updated. The incorrect information may affect official records.,Portal_Data_Correction,Portal_Data_Correction,True,train
1867,Viva status pending,The defense process has not been updated. My thesis evaluation has already progressed.,Viva,Viva,True,train
1069,RDC approval pending,My research degree committee review appears to be awaiting review. The matter was submitted through the prescribed process.,RDC,RDC,True,train
1834,Viva status pending,The viva schedule has not been scheduled. I need confirmation of the next step.,Viva,Viva,True,test
465,Issue regarding doctoral supervision,My request for a supervisor change is causing difficulty in continuing my research. The current information does not match my records.,Supervisor_Related,Supervisor_Related,True,test
1075,Problem regarding RDC decision,My rdc proposal has not been communicated. I have been waiting for the committee's decision.,RDC,RDC,True,test
1287,Research paper verification issue,The paper verification request is awaiting verification. The publication details are available for verification.,Publication_Verification,Publication_Verification,True,train
2808,RTI/IIGRS grievance pending,My grievance under the rti/iigrs process has not been processed. I am waiting for an official response.,RTI_IIGRS,RTI_IIGRS,True,validation
2737,Portal record correction request,My personal information in the research portal needs to be updated. I have the correct supporting document.,Portal_Data_Correction,Portal_Data_Correction,True,validation
1256,Publication record verification issue,My research publication verification has not been updated. The publication details are available for verification.,Publication_Verification,Publication_Verification,True,train
2334,Fee transaction issue,The fee receipt has not generated a receipt. I have the transaction details available.,Fee,Fee,True,train
2579,Problem with monthly stipend,My research fellowship payment has not been updated. The payment was expected for the current month.,Fellowship,Fellowship,True,train
1091,Issue with RDC review,My research matter before the rdc has not progressed. The required research documents have already been submitted.,RDC,RDC,True,train
213,Registration status not updated,The research enrollment process has not been updated. The required documents are already available.,Registration,Registration,True,train
13,PhD admission approval delayed,My phd admission request is awaiting verification. I have already completed the required admission steps.,PhD_Admission,PhD_Admission,True,train
3097,Research administration problem,My doctoral administrative problem is still pending. I would like the matter to be reviewed.,Other,Other,True,train
423,Supervisor assignment pending,The doctoral supervision process requires review. I have already submitted the required request.,Supervisor_Related,Supervisor_Related,True,train
2116,Full-time part-time status change,My research status conversion has not been updated. I need the change to be reflected in my academic record.,FT_PT_Conversion,FT_PT_Conversion,True,validation
2391,Research fee status pending,My doctoral fee record has not generated a receipt. The amount was already paid successfully.,Fee,Fee,True,validation
1085,RDC proposal status not updated,My rdc proposal has not been communicated. The required research documents have already been submitted.,RDC,RDC,True,train
1504,Thesis submission status pending,My thesis submission is still pending. The issue is preventing me from moving to the next stage.,Thesis_Submission,Thesis_Submission,True,train
742,Problem with course credits,My coursework completion status are showing an incorrect value. The concerned course has already been completed.,Course_Work,Course_Work,True,train
2818,Issue related to RTI request,The rti request submitted through the concerned process requires clarification. I submitted the request through the appropriate channel.,RTI_IIGRS,RTI_IIGRS,True,validation
1736,Thesis review status pending,The evaluation of my doctoral thesis requires clarification. I have not received an official evaluation status.,Thesis_Evaluation,Thesis_Evaluation,True,train
1583,Thesis submission record missing,My thesis submission is not visible in the portal. The thesis was submitted through the prescribed process.,Thesis_Submission,Thesis_Submission,True,validation
1810,Issue with viva examination,My viva status is awaiting confirmation. I have not received the examination schedule.,Viva,Viva,True,train
3159,Research administration problem,An administrative issue concerning my research does not fit the available grievance categories. The issue is affecting my research work.,Other,Other,True,train
2258,Problem with doctoral fee,The fee receipt is not reflected. The amount was already paid successfully.,Fee,Fee,True,train
510,Supervisor details not updated,The doctoral supervision process is still pending. I have not received a clear update from the concerned office.,Supervisor_Related,Supervisor_Related,True,train
645,Course work marks not reflected,My coursework credits are not reflected correctly. I need the academic record corrected.,Course_Work,Course_Work,True,train
598,Issue regarding doctoral supervision,The supervisor assigned to my phd requires review. I have already submitted the required request.,Supervisor_Related,Supervisor_Related,True,validation
2754,Problem with profile information,My name and academic details has not been corrected. I submitted a correction request earlier.,Portal_Data_Correction,Portal_Data_Correction,True,validation
1193,RDC approval pending,My research matter before the rdc is still pending. I have been waiting for the committee's decision.,RDC,RDC,True,test
1327,Problem verifying research publication,The paper verification request has not been updated. The delay is affecting my research documentation.,Publication_Verification,Publication_Verification,True,train
2019,Problem with research status conversion,My request for a change of research status has not been updated. The supporting documents have already been provided.,FT_PT_Conversion,FT_PT_Conversion,True,train
2822,RTI/IIGRS grievance pending,My rti-related matter is still pending. I would like the concerned office to verify the matter.,RTI_IIGRS,RTI_IIGRS,True,validation
519,Supervisor assignment pending,My supervision arrangement needs correction. The matter has remained unresolved for several days.,Supervisor_Related,Supervisor_Related,True,train
2084,Full-time part-time status change,My request for a change of research status requires approval. The supporting documents have already been provided.,FT_PT_Conversion,FT_PT_Conversion,True,train
928,RAC approval pending,The research advisory committee process requires review. I have completed the required preparation.,RAC,RAC,True,train
574,Problem with research supervisor,My research supervisor allocation is still pending. I have not received a clear update from the concerned office.,Supervisor_Related,Supervisor_Related,True,validation
3123,Other research administration issue,My doctoral administrative problem does not fit the available grievance categories. I have already contacted the concerned office.,Other,Other,True,test
2909,RTI/IIGRS grievance pending,My iigrs grievance is still pending. I have the submission reference available.,RTI_IIGRS,RTI_IIGRS,True,train
1585,Thesis submission record missing,My submitted thesis documents is still pending. The thesis was submitted through the prescribed process.,Thesis_Submission,Thesis_Submission,True,train
2139,Full-time part-time status change,The research mode recorded in the portal has not been updated. The request was submitted through the prescribed process.,FT_PT_Conversion,FT_PT_Conversion,True,test
870,Problem with RAC proceedings,My rac meeting has not been communicated. I have been waiting for an official update.,RAC,RAC,True,train
1314,Publication record verification issue,My publication record is still pending. I submitted the publication documents as requested.,Publication_Verification,Publication_Verification,True,train
3194,Other research administration issue,My research-related request is still pending. I am requesting appropriate guidance on the next step.,Other,Other,True,train
124,Issue with PhD admission status,My phd admission approval has not been updated. I submitted all required documents on time.,PhD_Admission,PhD_Admission,True,train
1603,Thesis evaluation not updated,My thesis evaluation has not been updated. I have been waiting for the evaluation update.,Thesis_Evaluation,Thesis_Evaluation,True,test
845,Research Advisory Committee request pending,My rac meeting requires review. The matter is affecting my research timeline.,RAC,RAC,True,train
221,Unable to complete research registration,My enrollment record has not been processed. I need the registration to be completed for my research work.,Registration,Registration,True,test
820,Issue regarding RAC meeting,The recommendations recorded by the rac is still pending. I submitted the relevant research documents.,RAC,RAC,True,validation
3101,Research administration problem,An issue related to my doctoral process has not been resolved. I am requesting appropriate guidance on the next step.,Other,Other,True,train
359,PhD registration issue,The registration details in the portal is showing an error. The registration deadline is approaching.,Registration,Registration,True,validation
1845,Doctoral defense date not received,My viva examination date has not been communicated. The delay is affecting completion of my PhD.,Viva,Viva,True,train
2819,RTI/IIGRS grievance pending,The status of my iigrs request requires clarification. The current status has not changed.,RTI_IIGRS,RTI_IIGRS,True,train
552,Supervisor details not updated,My supervision arrangement needs correction. I need clarification before proceeding with my research.,Supervisor_Related,Supervisor_Related,True,train
2752,Incorrect doctoral record,The information displayed in my account does not match my official documents. I submitted a correction request earlier.,Portal_Data_Correction,Portal_Data_Correction,True,train
3157,Research administration problem,My doctoral administrative problem does not fit the available grievance categories. I have already contacted the concerned office.,Other,Other,True,train
260,Registration request not processed,The research enrollment process is still pending. The required documents are already available.,Registration,Registration,True,train
2959,IIGRS request pending,My grievance under the rti/iigrs process is still pending. I have the submission reference available.,RTI_IIGRS,RTI_IIGRS,True,train
3122,Research administration problem,My research-related request requires clarification. I have submitted the relevant documents.,Other,Other,True,test
1024,RDC meeting request pending,My research degree committee review requires clarification. The required research documents have already been submitted.,RDC,RDC,True,train
2555,Fellowship payment record incorrect,My scholarship payment requires clarification. I have not received any update from the concerned office.,Fellowship,Fellowship,True,test
1101,RDC meeting request pending,My rdc proposal requires clarification. I need confirmation from the concerned office.,RDC,RDC,True,train
1135,Problem regarding RDC decision,The status of my rdc case has not been updated. The required research documents have already been submitted.,RDC,RDC,True,train
2712,Research portal details need correction,My name and academic details contains incorrect information. I submitted a correction request earlier.,Portal_Data_Correction,Portal_Data_Correction,True,train
2272,Payment record not updated,The fee receipt has not been updated. I need the fee record corrected.,Fee,Fee,True,train
1710,Thesis evaluation not updated,My thesis evaluation record is still pending. My thesis has already been submitted.,Thesis_Evaluation,Thesis_Evaluation,True,train
2288,Payment record not updated,My research fee payment is still pending. The amount was already paid successfully.,Fee,Fee,True,train
2900,Problem with RTI/IIGRS submission,My rti-related matter requires clarification. I am waiting for an official response.,RTI_IIGRS,RTI_IIGRS,True,train
2485,Fellowship payment record incorrect,My monthly stipend is showing an incorrect status. I have completed the required fellowship formalities.,Fellowship,Fellowship,True,train
457,Problem with research supervisor,The supervisor assigned to my phd is still pending. I need clarification before proceeding with my research.,Supervisor_Related,Supervisor_Related,True,test
463,Problem with research supervisor,The doctoral supervision process needs correction. The current information does not match my records.,Supervisor_Related,Supervisor_Related,True,train
2378,Payment record not updated,The fee transaction in the portal is showing as unpaid. The issue is preventing completion of the required process.,Fee,Fee,True,test
2534,Fellowship status pending,My monthly stipend is still pending. I have not received any update from the concerned office.,Fellowship,Fellowship,True,test
1721,Delay in doctoral thesis assessment,The evaluation of my doctoral thesis appears to be delayed. I would like the concerned office to verify the current status.,Thesis_Evaluation,Thesis_Evaluation,True,test
1460,Thesis submission process delayed,My submitted thesis documents is still pending. The thesis was submitted through the prescribed process.,Thesis_Submission,Thesis_Submission,True,train
382,PhD registration issue,My phd registration cannot be completed. I need the registration to be completed for my research work.,Registration,Registration,True,test
2986,RTI/IIGRS grievance pending,The rti request submitted through the concerned process has not been updated. I would like the concerned office to verify the matter.,RTI_IIGRS,RTI_IIGRS,True,train
1588,Thesis submission process delayed,The final thesis submission process is showing an incorrect status. The submission deadline has already passed.,Thesis_Submission,Thesis_Submission,True,train
1884,Issue with viva examination,The viva schedule requires clarification. I have completed the required pre-viva formalities.,Viva,Viva,True,train
2064,Part-time conversion pending,My request for a change of research status has not been processed. The request was submitted through the prescribed process.,FT_PT_Conversion,FT_PT_Conversion,True,train
1011,RDC approval pending,My research matter before the rdc has not progressed. The matter was submitted through the prescribed process.,RDC,RDC,True,train
1035,Research Degree Committee issue,My rdc proposal appears to be awaiting review. I have been waiting for the committee's decision.,RDC,RDC,True,train
1602,Issue with thesis evaluation,My thesis review status appears to be delayed. I have not received an official evaluation status.,Thesis_Evaluation,Thesis_Evaluation,True,train
1507,Problem submitting doctoral thesis,The final thesis submission process has not been updated. The submission deadline has already passed.,Thesis_Submission,Thesis_Submission,True,train
60,Unable to complete PhD admission,My doctoral admission application has not been approved. The required documents were uploaded successfully.,PhD_Admission,PhD_Admission,True,validation
933,Problem with RAC proceedings,The recommendations recorded by the rac requires review. I have completed the required preparation.,RAC,RAC,True,train
2903,IIGRS grievance status issue,My grievance under the rti/iigrs process has not been processed. The current status has not changed.,RTI_IIGRS,RTI_IIGRS,True,train
1162,Research Degree Committee issue,The status of my rdc case has not been communicated. I need confirmation from the concerned office.,RDC,RDC,True,train
3199,General doctoral process grievance,A university research office matter does not fit the available grievance categories. I am requesting appropriate guidance on the next step.,Other,Other,True,train
1628,Thesis review status pending,The evaluation of my doctoral thesis has not progressed. The delay is affecting the next stage of my doctoral process.,Thesis_Evaluation,Thesis_Evaluation,True,validation
2935,IIGRS grievance status issue,The status of my iigrs request has not received a response. I have the submission reference available.,RTI_IIGRS,RTI_IIGRS,True,train
2624,Portal record correction request,My doctoral profile shows outdated details. The incorrect information may affect official records.,Portal_Data_Correction,Portal_Data_Correction,True,train
1054,RDC meeting request pending,The rdc approval process requires clarification. The matter was submitted through the prescribed process.,RDC,RDC,True,train
658,Issue with research classes,My registered research courses cannot be completed due to a portal issue. The concerned course has already been completed.,Course_Work,Course_Work,True,validation
3021,General doctoral process grievance,An issue related to my doctoral process requires clarification. The issue is affecting my research work.,Other,Other,True,validation
846,RAC approval pending,The research advisory committee process requires review. I need the concerned office to confirm the next step.,RAC,RAC,True,train
543,Issue regarding doctoral supervision,My research supervisor allocation needs correction. I have not received a clear update from the concerned office.,Supervisor_Related,Supervisor_Related,True,train
1558,Thesis submission process delayed,The final thesis submission process requires confirmation. I submitted the required documents successfully.,Thesis_Submission,Thesis_Submission,True,test
2100,Research status conversion issue,My request to convert from full-time to part-time is still pending. The request was submitted through the prescribed process.,FT_PT_Conversion,FT_PT_Conversion,True,train
1351,Research paper verification issue,The paper verification request has not been completed. The publication details are available for verification.,Publication_Verification,Publication_Verification,True,test
2030,Full-time part-time status change,My research status conversion requires approval. The supporting documents have already been provided.,FT_PT_Conversion,FT_PT_Conversion,True,train
3116,General doctoral process grievance,My research administration matter needs attention from the concerned office. I am requesting appropriate guidance on the next step.,Other,Other,True,train
1053,RDC proposal status not updated,My rdc proposal has not progressed. The delay is affecting my research schedule.,RDC,RDC,True,test
2585,Fellowship payment record incorrect,The fellowship record requires clarification. The payment was expected for the current month.,Fellowship,Fellowship,True,train
2000,Problem regarding doctoral defense,My viva status has not been communicated. I have completed the required pre-viva formalities.,Viva,Viva,True,train
1555,Thesis submission not updated,My thesis submission is not visible in the portal. The submission deadline has already passed.,Thesis_Submission,Thesis_Submission,True,train
1792,Problem regarding thesis evaluation,The status of my thesis review appears to be delayed. I would like the concerned office to verify the current status.,Thesis_Evaluation,Thesis_Evaluation,True,train
3087,Unclassified research-related issue,My research administration matter does not fit the available grievance categories. I have submitted the relevant documents.,Other,Other,True,train
2528,Problem with monthly stipend,My scholarship payment has not been released. The delay is causing difficulty in managing my research expenses.,Fellowship,Fellowship,True,test
1481,Thesis submission record missing,My thesis submission requires confirmation. I need confirmation that the submission was received.,Thesis_Submission,Thesis_Submission,True,train
2584,Problem with monthly stipend,My research fellowship payment has not been credited. The delay is causing difficulty in managing my research expenses.,Fellowship,Fellowship,True,train
2697,Incorrect doctoral record,My research record in the portal is missing important information. The incorrect information may affect official records.,Portal_Data_Correction,Portal_Data_Correction,True,train
2280,Research fee payment issue,The fee receipt is showing as unpaid. The payment was made before the deadline.,Fee,Fee,True,train
1476,Thesis submission status pending,My submitted thesis documents is still pending. I need confirmation that the submission was received.,Thesis_Submission,Thesis_Submission,True,validation
2997,IIGRS grievance status issue,My grievance under the rti/iigrs process has not received a response. I have the submission reference available.,RTI_IIGRS,RTI_IIGRS,True,train
436,Issue regarding doctoral supervision,The supervisor assigned to my phd requires review. I have not received a clear update from the concerned office.,Supervisor_Related,Supervisor_Related,True,test
1045,Problem regarding RDC decision,The rdc approval process has not been updated. The required research documents have already been submitted.,RDC,RDC,True,train
238,Research registration pending,My doctoral registration status has not been processed. The required documents are already available.,Registration,Registration,True,train
2214,Research fee payment issue,The payment status has not generated a receipt. I need the fee record corrected.,Fee,Fee,True,train
1150,RDC proposal status not updated,The rdc decision requires clarification. The delay is affecting my research schedule.,RDC,RDC,True,train
110,PhD admission approval delayed,The doctoral admission process is showing an incorrect status. The application was submitted before the deadline.,PhD_Admission,PhD_Admission,True,train
2098,Full-time part-time status change,My request for a change of research status is showing the old status. I need the change to be reflected in my academic record.,FT_PT_Conversion,FT_PT_Conversion,True,train
782,Course work credit issue,My coursework credits have not been updated. I have supporting records for the completed work.,Course_Work,Course_Work,True,test
2197,Full-time to part-time conversion request,My full-time to part-time conversion application needs clarification. The supporting documents have already been provided.,FT_PT_Conversion,FT_PT_Conversion,True,train
164,Admission application not updated,The doctoral admission process is still pending. I have already completed the required admission steps.,PhD_Admission,PhD_Admission,True,validation
289,Unable to complete research registration,My doctoral registration status has not been updated. I need the registration to be completed for my research work.,Registration,Registration,True,validation
1642,Problem regarding thesis evaluation,The status of my thesis review appears to be delayed. I have not received an official evaluation status.,Thesis_Evaluation,Thesis_Evaluation,True,train
253,Unable to complete research registration,My doctoral registration status cannot be completed. I need the registration to be completed for my research work.,Registration,Registration,True,train
2535,Research fellowship issue,My scholarship payment has not been released. The payment was expected for the current month.,Fellowship,Fellowship,True,train
2342,Research fee payment issue,The fee transaction in the portal has not generated a receipt. The amount was already paid successfully.,Fee,Fee,True,test
2125,Research status conversion issue,My request for a change of research status requires approval. The supporting documents have already been provided.,FT_PT_Conversion,FT_PT_Conversion,True,train
768,Course work registration problem,My research coursework are not reflected correctly. I need the academic record corrected.,Course_Work,Course_Work,True,train
788,Course work credit issue,The coursework classes cannot be completed due to a portal issue. I have supporting records for the completed work.,Course_Work,Course_Work,True,validation
1955,Viva examination not scheduled,My doctoral defense requires clarification. I need confirmation of the next step.,Viva,Viva,True,train
1179,RDC approval pending,My rdc proposal requires clarification. The matter was submitted through the prescribed process.,RDC,RDC,True,train
931,Issue regarding RAC meeting,The research advisory committee process is still pending. The matter is affecting my research timeline.,RAC,RAC,True,train
2898,Problem with RTI/IIGRS submission,The status of my iigrs request is awaiting action. I would like the concerned office to verify the matter.,RTI_IIGRS,RTI_IIGRS,True,train
1437,Issue with thesis submission,The thesis submission status has not been acknowledged. The thesis was submitted through the prescribed process.,Thesis_Submission,Thesis_Submission,True,train
1831,Problem regarding doctoral defense,My viva voce examination requires clarification. I have completed the required pre-viva formalities.,Viva,Viva,True,train
2393,Research fee status pending,The fee transaction in the portal is not reflected. The issue is preventing completion of the required process.,Fee,Fee,True,validation
2592,Fellowship payment delayed,The fellowship amount is showing an incorrect status. The payment was expected for the current month.,Fellowship,Fellowship,True,train
1147,RDC proposal status not updated,The status of my rdc case has not been communicated. I have been waiting for the committee's decision.,RDC,RDC,True,validation
3036,Issue not covered by listed categories,My research administration matter is still pending. I am requesting appropriate guidance on the next step.,Other,Other,True,train
2830,RTI/IIGRS grievance pending,My rti/iigrs case has not received a response. I have the submission reference available.,RTI_IIGRS,RTI_IIGRS,True,test
2068,Problem with research status conversion,My request to convert from full-time to part-time is still pending. I submitted the required application.,FT_PT_Conversion,FT_PT_Conversion,True,train
848,RAC approval pending,My rac schedule needs clarification. I have been waiting for an official update.,RAC,RAC,True,train
2235,Fee payment not reflected,My semester research fee has not generated a receipt. The amount was already paid successfully.,Fee,Fee,True,train
2562,Fellowship payment record incorrect,The fellowship amount is showing an incorrect status. The previous payments were processed normally.,Fellowship,Fellowship,True,train
462,Problem with research supervisor,My request for a supervisor change requires review. I have already submitted the required request.,Supervisor_Related,Supervisor_Related,True,train
2408,Problem with monthly stipend,My research fellowship payment is still pending. The delay is causing difficulty in managing my research expenses.,Fellowship,Fellowship,True,train
2360,Fee transaction issue,The payment status is still pending. The payment was made before the deadline.,Fee,Fee,True,train
158,Problem during doctoral admission,The admission status in the research portal has not moved to the next stage. I have not received any further update.,PhD_Admission,PhD_Admission,True,train
803,RAC meeting issue,The recommendations recorded by the rac has not been updated. I have been waiting for an official update.,RAC,RAC,True,test
2119,Full-time part-time status change,My request to convert from full-time to part-time is still pending. I am waiting for confirmation from the concerned office.,FT_PT_Conversion,FT_PT_Conversion,True,train
1863,Viva voce scheduling issue,My viva voce examination has not been updated. I have not received the examination schedule.,Viva,Viva,True,train
678,Course work status not updated,The coursework classes are not reflected correctly. I completed the required academic activities.,Course_Work,Course_Work,True,train
2203,Fee payment not reflected,The fee receipt is still pending. The issue is preventing completion of the required process.,Fee,Fee,True,train
1809,Issue with viva examination,The defense process is awaiting confirmation. I have not received the examination schedule.,Viva,Viva,True,test
239,Registration status not updated,My doctoral registration status is still pending. The registration deadline is approaching.,Registration,Registration,True,test
2845,IIGRS grievance status issue,My grievance under the rti/iigrs process is awaiting action. I am waiting for an official response.,RTI_IIGRS,RTI_IIGRS,True,test
3002,Research administration problem,My doctoral administrative problem has not received a response. The issue is affecting my research work.,Other,Other,True,test
244,Unable to complete research registration,The registration details in the portal is showing an error. The registration deadline is approaching.,Registration,Registration,True,test
101,Issue with PhD admission status,The doctoral admission process is awaiting verification. The required documents were uploaded successfully.,PhD_Admission,PhD_Admission,True,train
316,Registration status not updated,My doctoral registration status has not been processed. The required documents are already available.,Registration,Registration,True,train
1043,RDC meeting request pending,The rdc approval process requires clarification. The delay is affecting my research schedule.,RDC,RDC,True,train
1188,RDC meeting request pending,The rdc approval process requires clarification. I have been waiting for the committee's decision.,RDC,RDC,True,train
1765,Delay in doctoral thesis assessment,The evaluation of my doctoral thesis has not been updated. The delay is affecting the next stage of my doctoral process.,Thesis_Evaluation,Thesis_Evaluation,True,train
1000,RAC schedule not received,The research advisory committee process has not been communicated. I have been waiting for an official update.,RAC,RAC,True,train
2581,Problem with monthly stipend,The fellowship record has not been credited. The payment was expected for the current month.,Fellowship,Fellowship,True,test
262,PhD registration issue,My phd registration is not reflecting the submitted information. The registration deadline is approaching.,Registration,Registration,True,train
1033,RDC proposal status not updated,My research matter before the rdc is still pending. The delay is affecting my research schedule.,RDC,RDC,True,validation
2668,Incorrect doctoral record,My research record in the portal needs to be updated. I request the concerned office to update the record.,Portal_Data_Correction,Portal_Data_Correction,True,train
196,Problem during doctoral admission,The admission status in the research portal is showing an incorrect status. The application was submitted before the deadline.,PhD_Admission,PhD_Admission,True,validation
2894,IIGRS request pending,My rti/iigrs case has not received a response. I have the submission reference available.,RTI_IIGRS,RTI_IIGRS,True,train
3094,Research administration problem,A university research office matter needs attention from the concerned office. The issue is affecting my research work.,Other,Other,True,train
2723,Research portal data correction,My personal information in the research portal contains incorrect information. I have the correct supporting document.,Portal_Data_Correction,Portal_Data_Correction,True,train
180,PhD admission approval delayed,My doctoral admission application is awaiting verification. The required documents were uploaded successfully.,PhD_Admission,PhD_Admission,True,train
835,RAC meeting issue,The research advisory committee process has not been communicated. The matter is affecting my research timeline.,RAC,RAC,True,test
843,Issue regarding RAC meeting,My rac schedule needs clarification. I have been waiting for an official update.,RAC,RAC,True,train
2477,Stipend not credited,The fellowship record is still pending. The payment was expected for the current month.,Fellowship,Fellowship,True,test
1079,Issue with RDC review,The rdc decision appears to be awaiting review. The delay is affecting my research schedule.,RDC,RDC,True,validation
1633,Thesis evaluation not updated,The status of my thesis review has not progressed. I would like the concerned office to verify the current status.,Thesis_Evaluation,Thesis_Evaluation,True,validation
1581,Thesis submission not updated,My submitted thesis documents is not visible in the portal. I need confirmation that the submission was received.,Thesis_Submission,Thesis_Submission,True,train
341,Research registration pending,The research enrollment process cannot be completed. All requested information has been submitted.,Registration,Registration,True,train
2739,Research portal details need correction,My research record in the portal needs to be updated. The discrepancy is visible in my portal profile.,Portal_Data_Correction,Portal_Data_Correction,True,validation
1346,Publication record verification issue,The paper verification request has not been updated. The publication details are available for verification.,Publication_Verification,Publication_Verification,True,train
749,Course work status not updated,The coursework marks in the portal have not been updated. I completed the required academic activities.,Course_Work,Course_Work,True,train
1226,Publication verification not completed,My publication record has not been processed. The publication details are available for verification.,Publication_Verification,Publication_Verification,True,train
663,Course work status not updated,The coursework marks in the portal cannot be completed due to a portal issue. I need the academic record corrected.,Course_Work,Course_Work,True,train
481,Problem with research supervisor,My supervision arrangement has not been finalized. I have not received a clear update from the concerned office.,Supervisor_Related,Supervisor_Related,True,train
804,Issue regarding RAC meeting,My rac approval is still pending. I need the concerned office to confirm the next step.,RAC,RAC,True,train
3182,Issue not covered by listed categories,An issue related to my doctoral process is still pending. I am requesting appropriate guidance on the next step.,Other,Other,True,train
2568,Research fellowship issue,My research fellowship payment has not been updated. I have not received any update from the concerned office.,Fellowship,Fellowship,True,train
1617,Thesis evaluation delayed,The evaluation of my doctoral thesis has not been updated. I would like the concerned office to verify the current status.,Thesis_Evaluation,Thesis_Evaluation,True,train
2600,Research fellowship issue,The fellowship amount has not been released. The delay is causing difficulty in managing my research expenses.,Fellowship,Fellowship,True,train
550,Supervisor allocation issue,My research supervisor allocation needs correction. I have not received a clear update from the concerned office.,Supervisor_Related,Supervisor_Related,True,validation
1303,Research paper verification issue,The publication documents submitted for verification is still pending. The delay is affecting my research documentation.,Publication_Verification,Publication_Verification,True,train
784,Problem with course credits,The coursework classes are showing an incorrect value. The concerned course has already been completed.,Course_Work,Course_Work,True,train
2891,IIGRS request pending,My iigrs grievance is still pending. I have the submission reference available.,RTI_IIGRS,RTI_IIGRS,True,test
2105,Full-time part-time status change,My request for a change of research status needs clarification. I submitted the required application.,FT_PT_Conversion,FT_PT_Conversion,True,validation
743,Issue with research classes,My research coursework are missing from my record. I need the academic record corrected.,Course_Work,Course_Work,True,validation
2578,Fellowship payment record incorrect,My pending stipend is showing an incorrect status. The payment was expected for the current month.,Fellowship,Fellowship,True,train
2792,Incorrect doctoral record,My doctoral profile shows outdated details. I have the correct supporting document.,Portal_Data_Correction,Portal_Data_Correction,True,train
1963,Problem regarding doctoral defense,The viva schedule is still pending. The delay is affecting completion of my PhD.,Viva,Viva,True,test
966,RAC approval pending,My rac meeting has not been communicated. The matter is affecting my research timeline.,RAC,RAC,True,train
3089,Other research administration issue,My research-related request has not received a response. I would like the matter to be reviewed.,Other,Other,True,train
1049,Issue with RDC review,My rdc proposal has not progressed. The matter was submitted through the prescribed process.,RDC,RDC,True,train
2231,Problem with doctoral fee,The fee transaction in the portal has not been updated. The amount was already paid successfully.,Fee,Fee,True,train
1028,Problem regarding RDC decision,My rdc proposal has not been communicated. The matter was submitted through the prescribed process.,RDC,RDC,True,test
2269,Research fee status pending,My doctoral fee record has not generated a receipt. I need the fee record corrected.,Fee,Fee,True,test
1158,Research Degree Committee issue,My rdc proposal has not progressed. The delay is affecting my research schedule.,RDC,RDC,True,train
248,Registration status not updated,My enrollment record has not been processed. All requested information has been submitted.,Registration,Registration,True,train
872,RAC approval pending,The recommendations recorded by the rac requires review. The matter is affecting my research timeline.,RAC,RAC,True,train
3045,General research grievance,My doctoral administrative problem has not been resolved. I have submitted the relevant documents.,Other,Other,True,test
3025,Unclassified research-related issue,My research administration matter has not received a response. The issue is affecting my research work.,Other,Other,True,test
2296,Payment record not updated,The fee transaction in the portal is not reflected. The amount was already paid successfully.,Fee,Fee,True,train
2904,IIGRS request pending,My iigrs grievance is awaiting action. I would like the concerned office to verify the matter.,RTI_IIGRS,RTI_IIGRS,True,test
627,Course work status not updated,My coursework completion status are missing from my record. I need the academic record corrected.,Course_Work,Course_Work,True,train
348,Problem with doctoral enrollment,My enrollment record is not reflecting the submitted information. The required documents are already available.,Registration,Registration,True,train
279,Unable to complete research registration,The research enrollment process cannot be completed. All requested information has been submitted.,Registration,Registration,True,train
2289,Research fee payment issue,The payment status has not been updated. I need the fee record corrected.,Fee,Fee,True,train
2439,Fellowship status pending,My research fellowship payment has not been updated. I have completed the required fellowship formalities.,Fellowship,Fellowship,True,train
656,Course work status not updated,My coursework credits are missing from my record. I completed the required academic activities.,Course_Work,Course_Work,True,train
3014,Issue not covered by listed categories,My doctoral administrative problem is still pending. The issue is affecting my research work.,Other,Other,True,train
980,Problem with RAC proceedings,The next rac meeting requires review. I need the concerned office to confirm the next step.,RAC,RAC,True,train
1953,Doctoral defense date not received,My doctoral defense has not been communicated. I need confirmation of the next step.,Viva,Viva,True,test
908,RAC schedule not received,My rac schedule requires review. I have been waiting for an official update.,RAC,RAC,True,train
2802,Problem with RTI/IIGRS submission,The rti request submitted through the concerned process has not received a response. I would like the concerned office to verify the matter.,RTI_IIGRS,RTI_IIGRS,True,train
2761,Portal record correction request,My name and academic details is missing important information. I request the concerned office to update the record.,Portal_Data_Correction,Portal_Data_Correction,True,train
912,RAC approval pending,My rac meeting requires review. The matter is affecting my research timeline.,RAC,RAC,True,train
1967,Doctoral defense date not received,My viva voce examination has not been updated. I have completed the required pre-viva formalities.,Viva,Viva,True,validation
633,Course work credit issue,My coursework credits cannot be completed due to a portal issue. The issue is affecting my research progress.,Course_Work,Course_Work,True,test
1777,Delay in doctoral thesis assessment,The thesis assessment process has not been completed. I have not received an official evaluation status.,Thesis_Evaluation,Thesis_Evaluation,True,train
446,Problem with research supervisor,The supervisor assigned to my phd needs correction. The current information does not match my records.,Supervisor_Related,Supervisor_Related,True,validation
618,Course work credit issue,My coursework credits are showing an incorrect value. The concerned course has already been completed.,Course_Work,Course_Work,True,train
1407,Thesis submission status pending,The thesis submission status is showing an incorrect status. The issue is preventing me from moving to the next stage.,Thesis_Submission,Thesis_Submission,True,train
1229,Publication verification not completed,My publication record is awaiting verification. The delay is affecting my research documentation.,Publication_Verification,Publication_Verification,True,test
3062,Other research administration issue,A university research office matter does not fit the available grievance categories. I have already contacted the concerned office.,Other,Other,True,train
1300,Publication record verification issue,My research publication verification has not been completed. I need the verification for my academic record.,Publication_Verification,Publication_Verification,True,train
2725,Incorrect personal information in portal,My personal information in the research portal has not been corrected. The discrepancy is visible in my portal profile.,Portal_Data_Correction,Portal_Data_Correction,True,train
3196,General research grievance,An issue related to my doctoral process requires clarification. I have submitted the relevant documents.,Other,Other,True,test
3061,Unclassified research-related issue,An administrative issue concerning my research does not fit the available grievance categories. The issue is affecting my research work.,Other,Other,True,validation
354,Registration request not processed,My phd registration is still pending. All requested information has been submitted.,Registration,Registration,True,test
614,Issue with research classes,My coursework completion status are not reflected correctly. The concerned course has already been completed.,Course_Work,Course_Work,True,train
1074,RDC meeting request pending,The status of my rdc case is still pending. The matter was submitted through the prescribed process.,RDC,RDC,True,train
2949,Issue related to RTI request,The rti request submitted through the concerned process has not been processed. I am waiting for an official response.,RTI_IIGRS,RTI_IIGRS,True,train
2014,Research status conversion issue,The change in my doctoral study mode is showing the old status. I need the change to be reflected in my academic record.,FT_PT_Conversion,FT_PT_Conversion,True,train
58,Issue with PhD admission status,The doctoral admission process is awaiting verification. I submitted all required documents on time.,PhD_Admission,PhD_Admission,True,train
1317,Publication verification not completed,The publication documents submitted for verification has not been processed. I have already provided the required evidence.,Publication_Verification,Publication_Verification,True,train
2660,Research portal data correction,The information displayed in my account is missing important information. The discrepancy is visible in my portal profile.,Portal_Data_Correction,Portal_Data_Correction,True,train
2346,Research fee payment issue,The payment status is still pending. The issue is preventing completion of the required process.,Fee,Fee,True,train
2680,Research portal data correction,My personal information in the research portal shows outdated details. The incorrect information may affect official records.,Portal_Data_Correction,Portal_Data_Correction,True,validation
1980,Viva voce scheduling issue,The viva schedule is awaiting confirmation. The delay is affecting completion of my PhD.,Viva,Viva,True,validation
1715,Thesis evaluation not updated,The status of my thesis review is still pending. I have not received an official evaluation status.,Thesis_Evaluation,Thesis_Evaluation,True,validation
2404,Fellowship payment record incorrect,My scholarship payment has not been credited. I have completed the required fellowship formalities.,Fellowship,Fellowship,True,train
1233,Research paper verification issue,My research publication verification has not been completed. I submitted the publication documents as requested.,Publication_Verification,Publication_Verification,True,train
1741,Thesis review status pending,My thesis evaluation has not progressed. I have not received an official evaluation status.,Thesis_Evaluation,Thesis_Evaluation,True,validation
1743,Thesis evaluation not updated,My thesis evaluation has not progressed. The delay is affecting the next stage of my doctoral process.,Thesis_Evaluation,Thesis_Evaluation,True,validation
561,Supervisor allocation issue,The doctoral supervision process is causing difficulty in continuing my research. I have not received a clear update from the concerned office.,Supervisor_Related,Supervisor_Related,True,train
708,Course work marks not reflected,My research coursework are missing from my record. I have supporting records for the completed work.,Course_Work,Course_Work,True,train
2249,Problem with doctoral fee,My semester research fee is not reflected. The amount was already paid successfully.,Fee,Fee,True,train
425,Supervisor details not updated,My request for a supervisor change is still pending. The matter has remained unresolved for several days.,Supervisor_Related,Supervisor_Related,True,train
648,Course work status not updated,My registered research courses cannot be completed due to a portal issue. I need the academic record corrected.,Course_Work,Course_Work,True,train
1942,Issue with viva examination,My doctoral defense is still pending. The delay is affecting completion of my PhD.,Viva,Viva,True,train
2601,Incorrect personal information in portal,The information displayed in my account is missing important information. The incorrect information may affect official records.,Portal_Data_Correction,Portal_Data_Correction,True,validation
1223,Publication verification pending,The paper verification request is awaiting verification. I need the verification for my academic record.,Publication_Verification,Publication_Verification,True,test
1117,RDC meeting request pending,My research degree committee review has not progressed. I need confirmation from the concerned office.,RDC,RDC,True,validation
1006,Problem regarding RDC decision,The rdc decision appears to be awaiting review. The matter was submitted through the prescribed process.,RDC,RDC,True,validation
621,Course work credit issue,The coursework marks in the portal are showing an incorrect value. The concerned course has already been completed.,Course_Work,Course_Work,True,train
2977,Issue related to RTI request,The status of my iigrs request has not received a response. I have the submission reference available.,RTI_IIGRS,RTI_IIGRS,True,train
554,Supervisor allocation issue,The supervisor assigned to my phd is still pending. I have already submitted the required request.,Supervisor_Related,Supervisor_Related,True,test
2844,IIGRS request pending,My grievance under the rti/iigrs process is awaiting action. The current status has not changed.,RTI_IIGRS,RTI_IIGRS,True,test
1609,Issue with thesis evaluation,My thesis evaluation requires clarification. My thesis has already been submitted.,Thesis_Evaluation,Thesis_Evaluation,True,train
999,RAC schedule not received,My rac meeting needs clarification. The matter is affecting my research timeline.,RAC,RAC,True,train
3015,Other research administration issue,A university research office matter has not received a response. I would like the matter to be reviewed.,Other,Other,True,train
1339,Publication verification pending,My research publication verification has not been completed. I have already provided the required evidence.,Publication_Verification,Publication_Verification,True,train
2930,Problem with RTI/IIGRS submission,My rti-related matter has not received a response. I would like the concerned office to verify the matter.,RTI_IIGRS,RTI_IIGRS,True,train
3183,Issue not covered by listed categories,A university research office matter has not been resolved. I have submitted the relevant documents.,Other,Other,True,validation
2910,IIGRS request pending,The status of my iigrs request requires clarification. I would like the concerned office to verify the matter.,RTI_IIGRS,RTI_IIGRS,True,train
441,Supervisor details not updated,The supervisor information in the portal has not been updated. I need clarification before proceeding with my research.,Supervisor_Related,Supervisor_Related,True,test
509,Issue regarding doctoral supervision,My request for a supervisor change has not been updated. I have already submitted the required request.,Supervisor_Related,Supervisor_Related,True,train
590,Supervisor allocation issue,My supervision arrangement is causing difficulty in continuing my research. The matter has remained unresolved for several days.,Supervisor_Related,Supervisor_Related,True,train
2209,Research fee status pending,The fee receipt has not generated a receipt. The payment was made before the deadline.,Fee,Fee,True,train
650,Course work registration problem,My registered research courses are showing an incorrect value. I have supporting records for the completed work.,Course_Work,Course_Work,True,train
2307,Research fee payment issue,My semester research fee has not been updated. The payment was made before the deadline.,Fee,Fee,True,test
1722,Problem regarding thesis evaluation,My thesis review status appears to be delayed. I have not received an official evaluation status.,Thesis_Evaluation,Thesis_Evaluation,True,train
1358,Publication verification pending,The publication documents submitted for verification is awaiting verification. The publication details are available for verification.,Publication_Verification,Publication_Verification,True,train
1378,Publication verification pending,My research article verification has not been updated. I submitted the publication documents as requested.,Publication_Verification,Publication_Verification,True,validation
2911,IIGRS request pending,My rti-related matter has not been updated. I have the submission reference available.,RTI_IIGRS,RTI_IIGRS,True,test
631,Course work registration problem,My coursework credits are still pending. I need the academic record corrected.,Course_Work,Course_Work,True,train
1462,Thesis submission process delayed,The final thesis submission process is not visible in the portal. The thesis was submitted through the prescribed process.,Thesis_Submission,Thesis_Submission,True,train
483,Supervisor details not updated,The doctoral supervision process is still pending. I have already submitted the required request.,Supervisor_Related,Supervisor_Related,True,validation
1284,Publication record verification issue,The paper verification request has not been updated. I have already provided the required evidence.,Publication_Verification,Publication_Verification,True,validation
2878,IIGRS grievance status issue,The rti request submitted through the concerned process is still pending. I have the submission reference available.,RTI_IIGRS,RTI_IIGRS,True,train
2590,Problem with monthly stipend,My monthly stipend has not been credited. I have not received any update from the concerned office.,Fellowship,Fellowship,True,train
2981,Issue related to RTI request,The rti request submitted through the concerned process requires clarification. I would like the concerned office to verify the matter.,RTI_IIGRS,RTI_IIGRS,True,train
2358,Problem with doctoral fee,My semester research fee has not been updated. I have the transaction details available.,Fee,Fee,True,train
1779,Thesis review status pending,My thesis evaluation requires clarification. I have been waiting for the evaluation update.,Thesis_Evaluation,Thesis_Evaluation,True,train
857,RAC schedule not received,The research advisory committee process has not been scheduled. The matter is affecting my research timeline.,RAC,RAC,True,train
1899,Doctoral defense date not received,My doctoral defense has not been updated. I have not received the examination schedule.,Viva,Viva,True,train
531,Request for supervisor change,My request for a supervisor change has not been finalized. I have already submitted the required request.,Supervisor_Related,Supervisor_Related,True,validation
1965,Issue with viva examination,My viva status requires clarification. The delay is affecting completion of my PhD.,Viva,Viva,True,train
50,Problem during doctoral admission,My doctoral admission application has not been updated. I have already completed the required admission steps.,PhD_Admission,PhD_Admission,True,validation
859,Problem with RAC proceedings,The research advisory committee process requires review. I have been waiting for an official update.,RAC,RAC,True,train
1073,Problem regarding RDC decision,The rdc approval process has not progressed. The matter was submitted through the prescribed process.,RDC,RDC,True,train
720,Course work registration problem,The coursework classes are still pending. I need the academic record corrected.,Course_Work,Course_Work,True,train
1353,Research paper verification issue,The paper verification request is still pending. I have already provided the required evidence.,Publication_Verification,Publication_Verification,True,train
1478,Thesis submission status pending,The thesis submission status is not visible in the portal. The thesis was submitted through the prescribed process.,Thesis_Submission,Thesis_Submission,True,test
2405,Stipend not credited,My scholarship payment requires clarification. I have not received any update from the concerned office.,Fellowship,Fellowship,True,train
2901,Problem with RTI/IIGRS submission,My rti/iigrs case has not been processed. I would like the concerned office to verify the matter.,RTI_IIGRS,RTI_IIGRS,True,train
1685,Issue with thesis evaluation,My thesis review status has not progressed. My thesis has already been submitted.,Thesis_Evaluation,Thesis_Evaluation,True,test
2277,Problem with doctoral fee,My research fee payment is still pending. I have the transaction details available.,Fee,Fee,True,train
1692,Thesis evaluation delayed,My thesis review status has not been completed. I would like the concerned office to verify the current status.,Thesis_Evaluation,Thesis_Evaluation,True,train
3029,Unclassified research-related issue,An issue related to my doctoral process is still pending. The issue is affecting my research work.,Other,Other,True,train
1484,Thesis submission record missing,The doctoral thesis submission record is showing an incorrect status. I submitted the required documents successfully.,Thesis_Submission,Thesis_Submission,True,validation
1430,Thesis submission process delayed,The doctoral thesis submission record requires confirmation. The issue is preventing me from moving to the next stage.,Thesis_Submission,Thesis_Submission,True,train
2788,Portal record correction request,My doctoral profile is missing important information. I have the correct supporting document.,Portal_Data_Correction,Portal_Data_Correction,True,train
3109,General doctoral process grievance,My doctoral administrative problem does not fit the available grievance categories. I have submitted the relevant documents.,Other,Other,True,train
2290,Payment record not updated,My research fee payment is showing as unpaid. The issue is preventing completion of the required process.,Fee,Fee,True,test
1657,Problem regarding thesis evaluation,My thesis evaluation record has not progressed. I would like the concerned office to verify the current status.,Thesis_Evaluation,Thesis_Evaluation,True,train
3058,Unclassified research-related issue,An issue related to my doctoral process requires clarification. The issue is affecting my research work.,Other,Other,True,train
1704,Delay in doctoral thesis assessment,My thesis evaluation has not been completed. I would like the concerned office to verify the current status.,Thesis_Evaluation,Thesis_Evaluation,True,test
298,Registration status not updated,My doctoral registration status has not been updated. The required documents are already available.,Registration,Registration,True,test
1643,Thesis evaluation delayed,My thesis review status has not progressed. I would like the concerned office to verify the current status.,Thesis_Evaluation,Thesis_Evaluation,True,train
1375,Publication verification pending,My publication record requires clarification. I submitted the publication documents as requested.,Publication_Verification,Publication_Verification,True,train
959,Research Advisory Committee request pending,The research advisory committee process is still pending. The matter is affecting my research timeline.,RAC,RAC,True,train
1362,Research paper verification issue,The verification of my published paper has not been processed. I have already provided the required evidence.,Publication_Verification,Publication_Verification,True,train
2635,Portal record correction request,My doctoral profile needs to be updated. I have the correct supporting document.,Portal_Data_Correction,Portal_Data_Correction,True,validation
3184,General research grievance,My doctoral administrative problem needs attention from the concerned office. The issue is affecting my research work.,Other,Other,True,train
350,Problem with doctoral enrollment,My registration request is still pending. The required documents are already available.,Registration,Registration,True,train
3005,Issue not covered by listed categories,My research administration matter has not been resolved. I would like the matter to be reviewed.,Other,Other,True,test
644,Course work registration problem,My registered research courses have not been updated. I have supporting records for the completed work.,Course_Work,Course_Work,True,test
2976,IIGRS request pending,My grievance under the rti/iigrs process is still pending. I would like the concerned office to verify the matter.,RTI_IIGRS,RTI_IIGRS,True,train
1324,Publication verification pending,The paper verification request has not been updated. I have already provided the required evidence.,Publication_Verification,Publication_Verification,True,train
670,Course work registration problem,The coursework marks in the portal are showing an incorrect value. I need the academic record corrected.,Course_Work,Course_Work,True,train
2173,Full-time part-time status change,My request to convert from full-time to part-time has not been updated. I submitted the required application.,FT_PT_Conversion,FT_PT_Conversion,True,validation
1182,Research Degree Committee issue,The rdc decision has not been updated. The required research documents have already been submitted.,RDC,RDC,True,test
1957,Viva examination not scheduled,My viva examination date is still pending. The delay is affecting completion of my PhD.,Viva,Viva,True,train
1367,Publication verification not completed,My research article verification is still pending. I have already provided the required evidence.,Publication_Verification,Publication_Verification,True,train
2537,Research fellowship issue,My research fellowship payment is still pending. The payment was expected for the current month.,Fellowship,Fellowship,True,train
2347,Problem with doctoral fee,The payment status is not reflected. I need the fee record corrected.,Fee,Fee,True,train
2848,Problem with RTI/IIGRS submission,The rti request submitted through the concerned process is still pending. The current status has not changed.,RTI_IIGRS,RTI_IIGRS,True,train
787,Problem with course credits,My research coursework have not been updated. The issue is affecting my research progress.,Course_Work,Course_Work,True,validation
2875,Problem with RTI/IIGRS submission,The rti request submitted through the concerned process has not been processed. I have the submission reference available.,RTI_IIGRS,RTI_IIGRS,True,validation
141,Issue with PhD admission status,My doctoral admission application is showing an incorrect status. I submitted all required documents on time.,PhD_Admission,PhD_Admission,True,train
789,Course work registration problem,The coursework marks in the portal are showing an incorrect value. The concerned course has already been completed.,Course_Work,Course_Work,True,train
1780,Thesis evaluation not updated,My thesis evaluation record is still pending. I have been waiting for the evaluation update.,Thesis_Evaluation,Thesis_Evaluation,True,test
2426,Fellowship status pending,My pending stipend is showing an incorrect status. I have completed the required fellowship formalities.,Fellowship,Fellowship,True,validation
715,Problem with course credits,My research coursework have not been updated. I need the academic record corrected.,Course_Work,Course_Work,True,train
3033,General research grievance,My research administration matter does not fit the available grievance categories. I am requesting appropriate guidance on the next step.,Other,Other,True,train
1796,Issue with thesis evaluation,The thesis assessment process has not been completed. My thesis has already been submitted.,Thesis_Evaluation,Thesis_Evaluation,True,validation
1748,Thesis review status pending,My thesis evaluation record has not progressed. The delay is affecting the next stage of my doctoral process.,Thesis_Evaluation,Thesis_Evaluation,True,validation
1584,Issue with thesis submission,The final thesis submission process requires confirmation. I submitted the required documents successfully.,Thesis_Submission,Thesis_Submission,True,train
2016,Research status conversion issue,My research status conversion has not been updated. I am waiting for confirmation from the concerned office.,FT_PT_Conversion,FT_PT_Conversion,True,test
1235,Research paper verification issue,The verification of my published paper has not been updated. The delay is affecting my research documentation.,Publication_Verification,Publication_Verification,True,train
619,Course work marks not reflected,My registered research courses are showing an incorrect value. I have supporting records for the completed work.,Course_Work,Course_Work,True,train
407,Issue regarding doctoral supervision,My request for a supervisor change has not been finalized. The current information does not match my records.,Supervisor_Related,Supervisor_Related,True,train
1335,Research paper verification issue,The publication documents submitted for verification is awaiting verification. I have already provided the required evidence.,Publication_Verification,Publication_Verification,True,train
1978,Viva voce scheduling issue,My viva status is awaiting confirmation. The delay is affecting completion of my PhD.,Viva,Viva,True,train
1227,Paper verification request delayed,The paper verification request requires clarification. I submitted the publication documents as requested.,Publication_Verification,Publication_Verification,True,train
2270,Problem with doctoral fee,The fee transaction in the portal has not been updated. The payment was made before the deadline.,Fee,Fee,True,validation
1989,Viva examination not scheduled,My viva voce examination has not been scheduled. My thesis evaluation has already progressed.,Viva,Viva,True,validation
498,Supervisor allocation issue,The supervisor information in the portal has not been updated. The current information does not match my records.,Supervisor_Related,Supervisor_Related,True,train
343,Problem with doctoral enrollment,The research enrollment process cannot be completed. The required documents are already available.,Registration,Registration,True,train
2338,Payment record not updated,The fee receipt is showing as unpaid. The issue is preventing completion of the required process.,Fee,Fee,True,test
2425,Research fellowship issue,My research fellowship payment requires clarification. The previous payments were processed normally.,Fellowship,Fellowship,True,test
783,Problem with course credits,My research coursework are showing an incorrect value. The concerned course has already been completed.,Course_Work,Course_Work,True,train
2550,Fellowship status pending,My research fellowship payment has not been released. The payment was expected for the current month.,Fellowship,Fellowship,True,train
304,Unable to complete research registration,The research enrollment process is still pending. The required documents are already available.,Registration,Registration,True,validation
2622,Problem with profile information,My name and academic details contains incorrect information. The discrepancy is visible in my portal profile.,Portal_Data_Correction,Portal_Data_Correction,True,train
1908,Viva examination not scheduled,My viva status has not been communicated. The delay is affecting completion of my PhD.,Viva,Viva,True,validation
665,Course work registration problem,The coursework marks in the portal are still pending. I need the academic record corrected.,Course_Work,Course_Work,True,train
1951,Problem regarding doctoral defense,My viva status is awaiting confirmation. I need confirmation of the next step.,Viva,Viva,True,train
1676,Problem regarding thesis evaluation,The thesis assessment process has not been updated. I have not received an official evaluation status.,Thesis_Evaluation,Thesis_Evaluation,True,train
2273,Fee payment not reflected,The fee receipt has not been updated. I need the fee record corrected.,Fee,Fee,True,test
3050,Research administration problem,My research-related request has not received a response. I would like the matter to be reviewed.,Other,Other,True,train
85,Admission application not updated,The admission status in the research portal is still pending. I have already completed the required admission steps.,PhD_Admission,PhD_Admission,True,train
2367,Research fee payment issue,The fee receipt is still pending. I need the fee record corrected.,Fee,Fee,True,train
942,RAC approval pending,The recommendations recorded by the rac is still pending. I submitted the relevant research documents.,RAC,RAC,True,train
962,RAC approval pending,The next rac meeting is still pending. I have completed the required preparation.,RAC,RAC,True,train
842,Research Advisory Committee request pending,The recommendations recorded by the rac has not been communicated. I need the concerned office to confirm the next step.,RAC,RAC,True,train
2948,IIGRS request pending,My rti/iigrs case is awaiting action. I have the submission reference available.,RTI_IIGRS,RTI_IIGRS,True,test
2616,Incorrect personal information in portal,My portal data is missing important information. I submitted a correction request earlier.,Portal_Data_Correction,Portal_Data_Correction,True,train
2507,Fellowship payment record incorrect,The fellowship amount is still pending. The delay is causing difficulty in managing my research expenses.,Fellowship,Fellowship,True,train
1463,Thesis submission not updated,The final thesis submission process has not been acknowledged. The submission deadline has already passed.,Thesis_Submission,Thesis_Submission,True,train
291,Registration request not processed,The registration details in the portal has not been processed. I need the registration to be completed for my research work.,Registration,Registration,True,train
2051,Full-time to part-time conversion request,The research mode recorded in the portal is still pending. I need the change to be reflected in my academic record.,FT_PT_Conversion,FT_PT_Conversion,True,train
1293,Publication verification pending,My research publication verification has not been updated. I submitted the publication documents as requested.,Publication_Verification,Publication_Verification,True,train
605,Issue with research classes,My registered research courses cannot be completed due to a portal issue. I completed the required academic activities.,Course_Work,Course_Work,True,train
2182,Request to change research mode,My research status conversion is showing the old status. The request was submitted through the prescribed process.,FT_PT_Conversion,FT_PT_Conversion,True,test
917,RAC meeting issue,The research advisory committee process needs clarification. The matter is affecting my research timeline.,RAC,RAC,True,train
1433,Thesis submission not updated,The final thesis submission process has not been updated. I need confirmation that the submission was received.,Thesis_Submission,Thesis_Submission,True,train
2587,Fellowship payment record incorrect,My pending stipend is still pending. The delay is causing difficulty in managing my research expenses.,Fellowship,Fellowship,True,test
1100,Issue with RDC review,The rdc approval process has not progressed. The delay is affecting my research schedule.,RDC,RDC,True,train
1089,Problem regarding RDC decision,My research degree committee review has not been updated. The required research documents have already been submitted.,RDC,RDC,True,train
2247,Research fee status pending,The fee receipt is showing as unpaid. I need the fee record corrected.,Fee,Fee,True,validation
2407,Problem with monthly stipend,The fellowship amount requires clarification. The payment was expected for the current month.,Fellowship,Fellowship,True,test
822,RAC approval pending,My rac schedule requires review. I have completed the required preparation.,RAC,RAC,True,train
2636,Research portal data correction,My portal data needs to be updated. I have the correct supporting document.,Portal_Data_Correction,Portal_Data_Correction,True,train
1001,Issue with RDC review,The rdc approval process is still pending. The delay is affecting my research schedule.,RDC,RDC,True,train
1727,Problem regarding thesis evaluation,My thesis evaluation has not progressed. I have been waiting for the evaluation update.,Thesis_Evaluation,Thesis_Evaluation,True,train
19,PhD admission application pending,My phd admission request has not moved to the next stage. I submitted all required documents on time.,PhD_Admission,PhD_Admission,True,train
3143,Research administration problem,My research-related request needs attention from the concerned office. The issue is affecting my research work.,Other,Other,True,train
1126,RDC approval pending,The rdc approval process has not been communicated. I have been waiting for the committee's decision.,RDC,RDC,True,test
1396,Paper verification request delayed,The publication documents submitted for verification requires clarification. The publication details are available for verification.,Publication_Verification,Publication_Verification,True,test
2414,Stipend not credited,My research fellowship payment is showing an incorrect status. I have completed the required fellowship formalities.,Fellowship,Fellowship,True,train
1851,Issue with viva examination,My viva voce examination has not been scheduled. The delay is affecting completion of my PhD.,Viva,Viva,True,test
1442,Issue with thesis submission,The doctoral thesis submission record is showing an incorrect status. I need confirmation that the submission was received.,Thesis_Submission,Thesis_Submission,True,train
2004,Full-time part-time status change,My research status conversion has not been processed. I need the change to be reflected in my academic record.,FT_PT_Conversion,FT_PT_Conversion,True,train
3193,Other research administration issue,An issue related to my doctoral process requires clarification. The issue is affecting my research work.,Other,Other,True,train
1869,Problem regarding doctoral defense,My viva examination date has not been communicated. I have completed the required pre-viva formalities.,Viva,Viva,True,train
1711,Thesis evaluation not updated,My thesis review status has not been updated. I have not received an official evaluation status.,Thesis_Evaluation,Thesis_Evaluation,True,train
2955,RTI matter not updated,My rti/iigrs case is awaiting action. I submitted the request through the appropriate channel.,RTI_IIGRS,RTI_IIGRS,True,train
2160,Problem with research status conversion,My research status conversion has not been updated. I submitted the required application.,FT_PT_Conversion,FT_PT_Conversion,True,train
2695,Portal record correction request,The information displayed in my account does not match my official documents. I request the concerned office to update the record.,Portal_Data_Correction,Portal_Data_Correction,True,validation
1010,RDC approval pending,The status of my rdc case has not been updated. The delay is affecting my research schedule.,RDC,RDC,True,train
361,PhD registration issue,The registration details in the portal is still pending. The registration deadline is approaching.,Registration,Registration,True,train
3030,General research grievance,An administrative issue concerning my research has not been resolved. The issue is affecting my research work.,Other,Other,True,test
2058,Full-time part-time status change,My full-time to part-time conversion application has not been updated. The supporting documents have already been provided.,FT_PT_Conversion,FT_PT_Conversion,True,train
1988,Doctoral defense date not received,My viva examination date is awaiting confirmation. I have completed the required pre-viva formalities.,Viva,Viva,True,test
2274,Research fee status pending,The payment status is showing as unpaid. The payment was made before the deadline.,Fee,Fee,True,train
1443,Thesis submission not updated,The doctoral thesis submission record requires confirmation. The issue is preventing me from moving to the next stage.,Thesis_Submission,Thesis_Submission,True,train
1875,Viva voce scheduling issue,My viva status has not been communicated. I have completed the required pre-viva formalities.,Viva,Viva,True,train
345,Unable to complete research registration,My enrollment record has not been processed. The registration deadline is approaching.,Registration,Registration,True,train
987,RAC approval pending,My rac meeting requires review. I need the concerned office to confirm the next step.,RAC,RAC,True,train
1456,Thesis submission process delayed,My thesis upload is still pending. I submitted the required documents successfully.,Thesis_Submission,Thesis_Submission,True,train
2504,Fellowship status pending,The fellowship record has not been updated. I have not received any update from the concerned office.,Fellowship,Fellowship,True,train
2275,Payment record not updated,The fee receipt is not reflected. The payment was made before the deadline.,Fee,Fee,True,validation
1310,Publication record verification issue,My research article verification has not been completed. The delay is affecting my research documentation.,Publication_Verification,Publication_Verification,True,validation
114,Issue with PhD admission status,My doctoral admission application has not been approved. The required documents were uploaded successfully.,PhD_Admission,PhD_Admission,True,train
1660,Problem regarding thesis evaluation,My thesis evaluation has not been completed. I have been waiting for the evaluation update.,Thesis_Evaluation,Thesis_Evaluation,True,train
1143,RDC approval pending,My research matter before the rdc has not been communicated. The delay is affecting my research schedule.,RDC,RDC,True,test
2638,Problem with profile information,My research record in the portal is missing important information. The incorrect information may affect official records.,Portal_Data_Correction,Portal_Data_Correction,True,test
1217,Problem verifying research publication,My publication record has not been processed. The delay is affecting my research documentation.,Publication_Verification,Publication_Verification,True,test
1199,RDC meeting request pending,The status of my rdc case requires clarification. I need confirmation from the concerned office.,RDC,RDC,True,train
86,Problem during doctoral admission,The doctoral admission process has not been approved. I submitted all required documents on time.,PhD_Admission,PhD_Admission,True,validation
2207,Fee transaction issue,The fee receipt is not reflected. I have the transaction details available.,Fee,Fee,True,train
669,Issue with research classes,My coursework credits are still pending. I have supporting records for the completed work.,Course_Work,Course_Work,True,test
1015,RDC proposal status not updated,My research matter before the rdc appears to be awaiting review. I have been waiting for the committee's decision.,RDC,RDC,True,train
129,PhD admission application pending,My phd admission request has not moved to the next stage. The required documents were uploaded successfully.,PhD_Admission,PhD_Admission,True,train
2536,Problem with monthly stipend,The fellowship amount has not been credited. The payment was expected for the current month.,Fellowship,Fellowship,True,validation
1323,Research paper verification issue,The publication documents submitted for verification has not been updated. I submitted the publication documents as requested.,Publication_Verification,Publication_Verification,True,test
892,Problem with RAC proceedings,My rac schedule requires review. I have completed the required preparation.,RAC,RAC,True,test
3152,General doctoral process grievance,My research-related request does not fit the available grievance categories. I would like the matter to be reviewed.,Other,Other,True,train
308,PhD registration issue,My enrollment record is not reflecting the submitted information. All requested information has been submitted.,Registration,Registration,True,train
384,PhD registration issue,My phd registration cannot be completed. All requested information has been submitted.,Registration,Registration,True,train
151,PhD admission application pending,My doctoral admission application is showing an incorrect status. The application was submitted before the deadline.,PhD_Admission,PhD_Admission,True,train
2887,Issue related to RTI request,My grievance under the rti/iigrs process is awaiting action. I have the submission reference available.,RTI_IIGRS,RTI_IIGRS,True,train
2099,Part-time conversion pending,The change in my doctoral study mode is still pending. I need the change to be reflected in my academic record.,FT_PT_Conversion,FT_PT_Conversion,True,train
427,Supervisor assignment pending,My request for a supervisor change is causing difficulty in continuing my research. I have not received a clear update from the concerned office.,Supervisor_Related,Supervisor_Related,True,train
495,Problem with research supervisor,The doctoral supervision process has not been finalized. I have not received a clear update from the concerned office.,Supervisor_Related,Supervisor_Related,True,test
1208,Paper verification request delayed,My research article verification is still pending. The publication details are available for verification.,Publication_Verification,Publication_Verification,True,train
1611,Thesis evaluation delayed,My thesis evaluation record requires clarification. My thesis has already been submitted.,Thesis_Evaluation,Thesis_Evaluation,True,train
3163,General research grievance,My doctoral administrative problem has not received a response. I would like the matter to be reviewed.,Other,Other,True,train
1209,Publication verification pending,My research publication verification has not been processed. I submitted the publication documents as requested.,Publication_Verification,Publication_Verification,True,train
2597,Problem with monthly stipend,The fellowship record has not been released. The previous payments were processed normally.,Fellowship,Fellowship,True,train
2351,Research fee status pending,My semester research fee is not reflected. The amount was already paid successfully.,Fee,Fee,True,validation
1240,Publication verification pending,My publication record has not been processed. I need the verification for my academic record.,Publication_Verification,Publication_Verification,True,validation
2606,Incorrect personal information in portal,The information displayed in my account is missing important information. I have the correct supporting document.,Portal_Data_Correction,Portal_Data_Correction,True,validation
1498,Thesis submission process delayed,The thesis submission status is still pending. I need confirmation that the submission was received.,Thesis_Submission,Thesis_Submission,True,test
276,Problem with doctoral enrollment,The registration details in the portal has not been updated. The required documents are already available.,Registration,Registration,True,train
490,Issue regarding doctoral supervision,The supervisor information in the portal is causing difficulty in continuing my research. I need clarification before proceeding with my research.,Supervisor_Related,Supervisor_Related,True,train
1393,Paper verification request delayed,My publication record is still pending. I submitted the publication documents as requested.,Publication_Verification,Publication_Verification,True,train
1230,Research paper verification issue,The verification of my published paper has not been updated. The publication details are available for verification.,Publication_Verification,Publication_Verification,True,train
691,Course work credit issue,My registered research courses are still pending. I completed the required academic activities.,Course_Work,Course_Work,True,train
1952,Doctoral defense date not received,The viva schedule requires clarification. I have not received the examination schedule.,Viva,Viva,True,test
1930,Viva status pending,The defense process is awaiting confirmation. I need confirmation of the next step.,Viva,Viva,True,train
1321,Research paper verification issue,The verification of my published paper requires clarification. The publication details are available for verification.,Publication_Verification,Publication_Verification,True,train
1832,Viva voce scheduling issue,My doctoral defense has not been communicated. My thesis evaluation has already progressed.,Viva,Viva,True,train
2359,Problem with doctoral fee,The fee receipt has not been updated. I have the transaction details available.,Fee,Fee,True,test
2224,Fee transaction issue,My research fee payment is not reflected. The payment was made before the deadline.,Fee,Fee,True,train
1059,RDC approval pending,The status of my rdc case appears to be awaiting review. The delay is affecting my research schedule.,RDC,RDC,True,train
119,Problem during doctoral admission,The admission status in the research portal is showing an incorrect status. I have already completed the required admission steps.,PhD_Admission,PhD_Admission,True,test
1025,RDC approval pending,The rdc decision has not been communicated. I have been waiting for the committee's decision.,RDC,RDC,True,train
1833,Issue with viva examination,My viva examination date is still pending. The delay is affecting completion of my PhD.,Viva,Viva,True,train
282,PhD registration issue,My phd registration has not been processed. I need the registration to be completed for my research work.,Registration,Registration,True,validation
2128,Full-time part-time status change,The change in my doctoral study mode requires approval. I need the change to be reflected in my academic record.,FT_PT_Conversion,FT_PT_Conversion,True,train
2495,Fellowship payment delayed,My scholarship payment has not been released. I have completed the required fellowship formalities.,Fellowship,Fellowship,True,validation
969,Problem with RAC proceedings,The recommendations recorded by the rac requires review. The matter is affecting my research timeline.,RAC,RAC,True,train
2478,Fellowship status pending,My monthly stipend requires clarification. I have completed the required fellowship formalities.,Fellowship,Fellowship,True,train
1361,Publication verification pending,The paper verification request has not been updated. I submitted the publication documents as requested.,Publication_Verification,Publication_Verification,True,train
2733,Portal record correction request,The information displayed in my account contains incorrect information. I request the concerned office to update the record.,Portal_Data_Correction,Portal_Data_Correction,True,train
1848,Viva status pending,My viva voce examination has not been updated. I need confirmation of the next step.,Viva,Viva,True,test
156,Unable to complete PhD admission,My phd admission approval is showing an incorrect status. The required documents were uploaded successfully.,PhD_Admission,PhD_Admission,True,train
305,Registration request not processed,My enrollment record has not been processed. I have completed the required registration steps.,Registration,Registration,True,train
2871,IIGRS grievance status issue,My rti-related matter is still pending. I submitted the request through the appropriate channel.,RTI_IIGRS,RTI_IIGRS,True,train
2724,Problem with profile information,My personal information in the research portal does not match my official documents. I have the correct supporting document.,Portal_Data_Correction,Portal_Data_Correction,True,train
1568,Thesis submission record missing,The final thesis submission process requires confirmation. The issue is preventing me from moving to the next stage.,Thesis_Submission,Thesis_Submission,True,validation
1740,Problem regarding thesis evaluation,My thesis evaluation has not been updated. I would like the concerned office to verify the current status.,Thesis_Evaluation,Thesis_Evaluation,True,train
2401,Fellowship status pending,The fellowship amount requires clarification. The delay is causing difficulty in managing my research expenses.,Fellowship,Fellowship,True,validation
1577,Thesis submission record missing,My thesis submission has not been updated. I submitted the required documents successfully.,Thesis_Submission,Thesis_Submission,True,train
576,Issue regarding doctoral supervision,The doctoral supervision process is causing difficulty in continuing my research. The matter has remained unresolved for several days.,Supervisor_Related,Supervisor_Related,True,train
2097,Full-time to part-time conversion request,My research status conversion requires approval. I need the change to be reflected in my academic record.,FT_PT_Conversion,FT_PT_Conversion,True,train
2745,Portal record correction request,The information displayed in my account contains incorrect information. I have the correct supporting document.,Portal_Data_Correction,Portal_Data_Correction,True,train
2961,IIGRS grievance status issue,The status of my iigrs request is still pending. I submitted the request through the appropriate channel.,RTI_IIGRS,RTI_IIGRS,True,validation
2644,Research portal details need correction,My portal data is missing important information. The incorrect information may affect official records.,Portal_Data_Correction,Portal_Data_Correction,True,train
2604,Incorrect personal information in portal,My portal data shows outdated details. I have the correct supporting document.,Portal_Data_Correction,Portal_Data_Correction,True,train
1363,Problem verifying research publication,My publication record has not been completed. I submitted the publication documents as requested.,Publication_Verification,Publication_Verification,True,train
844,RAC meeting issue,The recommendations recorded by the rac requires review. I need the concerned office to confirm the next step.,RAC,RAC,True,test
1784,Thesis review status pending,My thesis review status appears to be delayed. My thesis has already been submitted.,Thesis_Evaluation,Thesis_Evaluation,True,train
270,Unable to complete research registration,The research enrollment process is showing an error. The required documents are already available.,Registration,Registration,True,train
630,Issue with research classes,My coursework credits are missing from my record. I have supporting records for the completed work.,Course_Work,Course_Work,True,train
1034,Research Degree Committee issue,My rdc proposal is still pending. The delay is affecting my research schedule.,RDC,RDC,True,train
287,Registration request not processed,The research enrollment process has not been updated. All requested information has been submitted.,Registration,Registration,True,validation
2365,Problem with doctoral fee,My research fee payment is not reflected. The payment was made before the deadline.,Fee,Fee,True,train
301,Problem with doctoral enrollment,My phd registration cannot be completed. The registration deadline is approaching.,Registration,Registration,True,train
1690,Issue with thesis evaluation,The thesis assessment process is still pending. The delay is affecting the next stage of my doctoral process.,Thesis_Evaluation,Thesis_Evaluation,True,test
2341,Fee payment not reflected,The fee transaction in the portal is not reflected. The payment was made before the deadline.,Fee,Fee,True,train
1927,Doctoral defense date not received,My doctoral defense has not been communicated. My thesis evaluation has already progressed.,Viva,Viva,True,train
3181,Other research administration issue,My research administration matter has not received a response. I would like the matter to be reviewed.,Other,Other,True,train
66,PhD admission approval delayed,My phd admission approval is still pending. I have not received any further update.,PhD_Admission,PhD_Admission,True,validation
2374,Research fee payment issue,The payment status has not been updated. The payment was made before the deadline.,Fee,Fee,True,train
891,RAC schedule not received,The research advisory committee process has not been scheduled. I submitted the relevant research documents.,RAC,RAC,True,train
1718,Delay in doctoral thesis assessment,The thesis assessment process requires clarification. I have not received an official evaluation status.,Thesis_Evaluation,Thesis_Evaluation,True,train
2032,Research status conversion issue,My request for a change of research status is showing the old status. I am waiting for confirmation from the concerned office.,FT_PT_Conversion,FT_PT_Conversion,True,validation
2145,Request to change research mode,The research mode recorded in the portal requires approval. I need the change to be reflected in my academic record.,FT_PT_Conversion,FT_PT_Conversion,True,train
1408,Thesis submission not updated,My submitted thesis documents requires confirmation. I submitted the required documents successfully.,Thesis_Submission,Thesis_Submission,True,train
231,Research registration pending,My enrollment record cannot be completed. I have completed the required registration steps.,Registration,Registration,True,test
504,Supervisor allocation issue,The supervisor assigned to my phd requires review. I have already submitted the required request.,Supervisor_Related,Supervisor_Related,True,test
2544,Problem with monthly stipend,The fellowship record is still pending. The payment was expected for the current month.,Fellowship,Fellowship,True,test
1887,Issue with viva examination,My viva status has not been updated. My thesis evaluation has already progressed.,Viva,Viva,True,train
1938,Viva voce scheduling issue,My viva examination date has not been updated. The delay is affecting completion of my PhD.,Viva,Viva,True,train
1420,Issue with thesis submission,The doctoral thesis submission record is not visible in the portal. I submitted the required documents successfully.,Thesis_Submission,Thesis_Submission,True,train
1005,Problem regarding RDC decision,The rdc approval process has not been communicated. The required research documents have already been submitted.,RDC,RDC,True,train
837,Research Advisory Committee request pending,My rac schedule has not been scheduled. I submitted the relevant research documents.,RAC,RAC,True,train
1778,Delay in doctoral thesis assessment,The status of my thesis review has not progressed. I have been waiting for the evaluation update.,Thesis_Evaluation,Thesis_Evaluation,True,train
375,Research registration pending,The registration details in the portal has not been updated. All requested information has been submitted.,Registration,Registration,True,train
1445,Problem submitting doctoral thesis,The final thesis submission process is not visible in the portal. I need confirmation that the submission was received.,Thesis_Submission,Thesis_Submission,True,validation
2259,Fee transaction issue,My research fee payment is showing as unpaid. The payment was made before the deadline.,Fee,Fee,True,test
2371,Fee payment not reflected,My research fee payment is still pending. The issue is preventing completion of the required process.,Fee,Fee,True,train
940,RAC schedule not received,The recommendations recorded by the rac has not been updated. The matter is affecting my research timeline.,RAC,RAC,True,test
1322,Research paper verification issue,My research article verification has not been completed. I submitted the publication documents as requested.,Publication_Verification,Publication_Verification,True,validation
2216,Fee payment not reflected,My doctoral fee record is still pending. The issue is preventing completion of the required process.,Fee,Fee,True,train
752,Course work marks not reflected,My coursework credits are missing from my record. The concerned course has already been completed.,Course_Work,Course_Work,True,train
100,Admission application not updated,My phd admission approval has not moved to the next stage. The application was submitted before the deadline.,PhD_Admission,PhD_Admission,True,test
3022,General research grievance,My research administration matter requires clarification. I would like the matter to be reviewed.,Other,Other,True,test
867,Problem with RAC proceedings,The recommendations recorded by the rac has not been communicated. I have completed the required preparation.,RAC,RAC,True,train
911,Research Advisory Committee request pending,My rac schedule needs clarification. I submitted the relevant research documents.,RAC,RAC,True,train
1526,Problem submitting doctoral thesis,The final thesis submission process has not been acknowledged. The issue is preventing me from moving to the next stage.,Thesis_Submission,Thesis_Submission,True,train
530,Supervisor details not updated,My supervision arrangement requires review. The matter has remained unresolved for several days.,Supervisor_Related,Supervisor_Related,True,train
1261,Research paper verification issue,My research article verification requires clarification. I need the verification for my academic record.,Publication_Verification,Publication_Verification,True,train
2918,RTI matter not updated,My rti-related matter has not been updated. I would like the concerned office to verify the matter.,RTI_IIGRS,RTI_IIGRS,True,train
637,Course work credit issue,My coursework completion status are still pending. I have supporting records for the completed work.,Course_Work,Course_Work,True,test
1270,Research paper verification issue,The verification of my published paper has not been completed. The delay is affecting my research documentation.,Publication_Verification,Publication_Verification,True,validation
186,PhD admission application pending,My phd admission approval has not been updated. I submitted all required documents on time.,PhD_Admission,PhD_Admission,True,test
1371,Publication verification pending,My research publication verification has not been updated. The delay is affecting my research documentation.,Publication_Verification,Publication_Verification,True,train
1619,Thesis review status pending,My thesis review status has not been updated. I would like the concerned office to verify the current status.,Thesis_Evaluation,Thesis_Evaluation,True,train
932,RAC approval pending,My rac schedule needs clarification. I submitted the relevant research documents.,RAC,RAC,True,train
1912,Issue with viva examination,My doctoral defense requires clarification. My thesis evaluation has already progressed.,Viva,Viva,True,validation
2454,Research fellowship issue,The fellowship record has not been updated. I have not received any update from the concerned office.,Fellowship,Fellowship,True,train
1610,Thesis evaluation not updated,My thesis review status appears to be delayed. I would like the concerned office to verify the current status.,Thesis_Evaluation,Thesis_Evaluation,True,train
2563,Research fellowship issue,My monthly stipend is still pending. The previous payments were processed normally.,Fellowship,Fellowship,True,train
1274,Paper verification request delayed,The publication documents submitted for verification has not been processed. The publication details are available for verification.,Publication_Verification,Publication_Verification,True,validation
2213,Research fee payment issue,The fee transaction in the portal appears to contain an incorrect amount. The issue is preventing completion of the required process.,Fee,Fee,True,train
608,Course work registration problem,My registered research courses are still pending. I need the academic record corrected.,Course_Work,Course_Work,True,test
1554,Problem submitting doctoral thesis,The doctoral thesis submission record is still pending. I submitted the required documents successfully.,Thesis_Submission,Thesis_Submission,True,train
152,PhD admission application pending,My doctoral admission application is awaiting verification. I have not received any further update.,PhD_Admission,PhD_Admission,True,train
2515,Fellowship payment record incorrect,My pending stipend is showing an incorrect status. The previous payments were processed normally.,Fellowship,Fellowship,True,train
2293,Payment record not updated,My semester research fee has not been updated. I have the transaction details available.,Fee,Fee,True,train
732,Issue with research classes,My registered research courses are still pending. I need the academic record corrected.,Course_Work,Course_Work,True,train
1547,Thesis submission process delayed,My submitted thesis documents has not been updated. The submission deadline has already passed.,Thesis_Submission,Thesis_Submission,True,train
1843,Viva examination not scheduled,My viva voce examination requires clarification. The delay is affecting completion of my PhD.,Viva,Viva,True,train
2913,IIGRS grievance status issue,My rti-related matter has not been updated. The current status has not changed.,RTI_IIGRS,RTI_IIGRS,True,train
24,Admission application not updated,My phd admission approval is awaiting verification. I have not received any further update.,PhD_Admission,PhD_Admission,True,train
1915,Viva status pending,My viva voce examination requires clarification. The delay is affecting completion of my PhD.,Viva,Viva,True,train
159,PhD admission approval delayed,The admission status in the research portal has not been approved. The application was submitted before the deadline.,PhD_Admission,PhD_Admission,True,validation
862,Issue regarding RAC meeting,The recommendations recorded by the rac has not been scheduled. I have completed the required preparation.,RAC,RAC,True,train
1695,Thesis review status pending,The thesis assessment process has not been completed. I have been waiting for the evaluation update.,Thesis_Evaluation,Thesis_Evaluation,True,train
903,RAC meeting issue,My rac schedule is still pending. I need the concerned office to confirm the next step.,RAC,RAC,True,test
2673,Research portal details need correction,My personal information in the research portal contains incorrect information. The incorrect information may affect official records.,Portal_Data_Correction,Portal_Data_Correction,True,train
1231,Research paper verification issue,The verification of my published paper is still pending. I have already provided the required evidence.,Publication_Verification,Publication_Verification,True,train
2412,Fellowship status pending,The fellowship record requires clarification. The previous payments were processed normally.,Fellowship,Fellowship,True,train
445,Supervisor assignment pending,My supervision arrangement is causing difficulty in continuing my research. I have not received a clear update from the concerned office.,Supervisor_Related,Supervisor_Related,True,train
3132,Research administration problem,My doctoral administrative problem is still pending. I have submitted the relevant documents.,Other,Other,True,train
755,Course work status not updated,My research coursework are not reflected correctly. The issue is affecting my research progress.,Course_Work,Course_Work,True,test
924,RAC schedule not received,The research advisory committee process is still pending. I submitted the relevant research documents.,RAC,RAC,True,train
3168,Issue not covered by listed categories,My research-related request has not been resolved. I have already contacted the concerned office.,Other,Other,True,train
2251,Fee payment not reflected,My doctoral fee record has not been updated. The amount was already paid successfully.,Fee,Fee,True,train
312,Unable to complete research registration,The registration details in the portal is not reflecting the submitted information. The required documents are already available.,Registration,Registration,True,validation
1376,Publication verification pending,The verification of my published paper has not been completed. I need the verification for my academic record.,Publication_Verification,Publication_Verification,True,train
549,Supervisor allocation issue,My research supervisor allocation requires review. I have already submitted the required request.,Supervisor_Related,Supervisor_Related,True,validation
2666,Incorrect doctoral record,My research record in the portal has not been corrected. I have the correct supporting document.,Portal_Data_Correction,Portal_Data_Correction,True,test
3141,General doctoral process grievance,A university research office matter has not received a response. I have submitted the relevant documents.,Other,Other,True,train
307,Research registration pending,My registration request has not been processed. The required documents are already available.,Registration,Registration,True,train
288,Unable to complete research registration,My phd registration is still pending. The registration deadline is approaching.,Registration,Registration,True,test
695,Course work status not updated,My research coursework are missing from my record. The concerned course has already been completed.,Course_Work,Course_Work,True,train
309,Problem with doctoral enrollment,My doctoral registration status is not reflecting the submitted information. All requested information has been submitted.,Registration,Registration,True,validation
2721,Research portal details need correction,The information displayed in my account contains incorrect information. I request the concerned office to update the record.,Portal_Data_Correction,Portal_Data_Correction,True,train
2403,Research fellowship issue,My pending stipend has not been credited. The payment was expected for the current month.,Fellowship,Fellowship,True,validation
750,Course work registration problem,My research coursework have not been updated. I completed the required academic activities.,Course_Work,Course_Work,True,train
1654,Problem regarding thesis evaluation,The status of my thesis review is still pending. I would like the concerned office to verify the current status.,Thesis_Evaluation,Thesis_Evaluation,True,validation
2298,Fee transaction issue,My doctoral fee record appears to contain an incorrect amount. I have the transaction details available.,Fee,Fee,True,train
1744,Issue with thesis evaluation,My thesis evaluation record requires clarification. I have not received an official evaluation status.,Thesis_Evaluation,Thesis_Evaluation,True,train
1466,Thesis submission record missing,The doctoral thesis submission record is showing an incorrect status. I need confirmation that the submission was received.,Thesis_Submission,Thesis_Submission,True,train
909,RAC approval pending,The research advisory committee process has not been communicated. I need the concerned office to confirm the next step.,RAC,RAC,True,validation
87,PhD admission approval delayed,My admission documents is showing an incorrect status. The required documents were uploaded successfully.,PhD_Admission,PhD_Admission,True,train
2542,Fellowship payment record incorrect,The fellowship amount is showing an incorrect status. The payment was expected for the current month.,Fellowship,Fellowship,True,train
2363,Research fee status pending,The payment status appears to contain an incorrect amount. I need the fee record corrected.,Fee,Fee,True,train
2663,Incorrect doctoral record,My personal information in the research portal needs to be updated. I request the concerned office to update the record.,Portal_Data_Correction,Portal_Data_Correction,True,train
971,RAC meeting issue,The research advisory committee process has not been communicated. I have been waiting for an official update.,RAC,RAC,True,validation
14,PhD admission application pending,My admission documents is still pending. The required documents were uploaded successfully.,PhD_Admission,PhD_Admission,True,train
874,RAC approval pending,My rac schedule is still pending. I need the concerned office to confirm the next step.,RAC,RAC,True,train
809,Research Advisory Committee request pending,My rac meeting has not been communicated. I have completed the required preparation.,RAC,RAC,True,train
2751,Incorrect personal information in portal,My personal information in the research portal is missing important information. The incorrect information may affect official records.,Portal_Data_Correction,Portal_Data_Correction,True,test
515,Supervisor assignment pending,The supervisor assigned to my phd is causing difficulty in continuing my research. I have not received a clear update from the concerned office.,Supervisor_Related,Supervisor_Related,True,validation
2576,Problem with monthly stipend,The fellowship amount requires clarification. I have completed the required fellowship formalities.,Fellowship,Fellowship,True,train
410,Issue regarding doctoral supervision,The doctoral supervision process is causing difficulty in continuing my research. I have not received a clear update from the concerned office.,Supervisor_Related,Supervisor_Related,True,train
1625,Issue with thesis evaluation,My thesis evaluation has not been updated. I would like the concerned office to verify the current status.,Thesis_Evaluation,Thesis_Evaluation,True,train
1338,Publication verification not completed,The verification of my published paper has not been processed. The publication details are available for verification.,Publication_Verification,Publication_Verification,True,train
2418,Research fellowship issue,My pending stipend is still pending. The payment was expected for the current month.,Fellowship,Fellowship,True,train
1510,Thesis submission not updated,My thesis upload is showing an incorrect status. I submitted the required documents successfully.,Thesis_Submission,Thesis_Submission,True,train
1415,Thesis submission record missing,My thesis upload has not been updated. The thesis was submitted through the prescribed process.,Thesis_Submission,Thesis_Submission,True,train
1553,Issue with thesis submission,My thesis submission is not visible in the portal. The thesis was submitted through the prescribed process.,Thesis_Submission,Thesis_Submission,True,train
2283,Fee payment not reflected,My doctoral fee record appears to contain an incorrect amount. I need the fee record corrected.,Fee,Fee,True,train
383,Registration status not updated,The registration details in the portal cannot be completed. The required documents are already available.,Registration,Registration,True,validation
1815,Issue with viva examination,The defense process is awaiting confirmation. The delay is affecting completion of my PhD.,Viva,Viva,True,train
2340,Research fee status pending,My doctoral fee record is showing as unpaid. The amount was already paid successfully.,Fee,Fee,True,test
1678,Issue with thesis evaluation,My thesis review status is still pending. The delay is affecting the next stage of my doctoral process.,Thesis_Evaluation,Thesis_Evaluation,True,train
1534,Thesis submission process delayed,My thesis upload has not been updated. I submitted the required documents successfully.,Thesis_Submission,Thesis_Submission,True,train
2786,Incorrect personal information in portal,The information displayed in my account shows outdated details. The discrepancy is visible in my portal profile.,Portal_Data_Correction,Portal_Data_Correction,True,train
2091,Request to change research mode,My request for a change of research status requires approval. The supporting documents have already been provided.,FT_PT_Conversion,FT_PT_Conversion,True,train
1566,Problem submitting doctoral thesis,The thesis submission status has not been updated. I need confirmation that the submission was received.,Thesis_Submission,Thesis_Submission,True,train
1394,Publication verification pending,My research article verification is awaiting verification. I need the verification for my academic record.,Publication_Verification,Publication_Verification,True,validation
553,Supervisor assignment pending,My research supervisor allocation has not been updated. I have not received a clear update from the concerned office.,Supervisor_Related,Supervisor_Related,True,validation
223,PhD registration issue,My doctoral registration status has not been updated. The required documents are already available.,Registration,Registration,True,train
1790,Thesis evaluation not updated,The evaluation of my doctoral thesis has not been completed. I would like the concerned office to verify the current status.,Thesis_Evaluation,Thesis_Evaluation,True,validation
1097,RDC proposal status not updated,The rdc decision has not progressed. I have been waiting for the committee's decision.,RDC,RDC,True,train
2772,Research portal details need correction,My research record in the portal is missing important information. I have the correct supporting document.,Portal_Data_Correction,Portal_Data_Correction,True,train
9,Problem during doctoral admission,The doctoral admission process is showing an incorrect status. I have not received any further update.,PhD_Admission,PhD_Admission,True,train
2652,Portal record correction request,My research record in the portal needs to be updated. I request the concerned office to update the record.,Portal_Data_Correction,Portal_Data_Correction,True,train
317,PhD registration issue,The research enrollment process has not been updated. The registration deadline is approaching.,Registration,Registration,True,train
1329,Publication verification not completed,The publication documents submitted for verification has not been updated. I need the verification for my academic record.,Publication_Verification,Publication_Verification,True,train
428,Issue regarding doctoral supervision,My supervision arrangement requires review. I have not received a clear update from the concerned office.,Supervisor_Related,Supervisor_Related,True,test
1732,Delay in doctoral thesis assessment,The thesis assessment process has not been completed. I have been waiting for the evaluation update.,Thesis_Evaluation,Thesis_Evaluation,True,train
106,PhD admission application pending,The admission status in the research portal is awaiting verification. I have not received any further update.,PhD_Admission,PhD_Admission,True,train
2776,Research portal data correction,My research record in the portal has not been corrected. The discrepancy is visible in my portal profile.,Portal_Data_Correction,Portal_Data_Correction,True,train
143,Problem during doctoral admission,My doctoral admission application is still pending. I have already completed the required admission steps.,PhD_Admission,PhD_Admission,True,train
122,PhD admission application pending,My doctoral admission application has not moved to the next stage. I have already completed the required admission steps.,PhD_Admission,PhD_Admission,True,test
3041,Other research administration issue,A university research office matter requires clarification. I am requesting appropriate guidance on the next step.,Other,Other,True,train
3056,Other research administration issue,My research administration matter has not been resolved. I have submitted the relevant documents.,Other,Other,True,test
1190,Issue with RDC review,The status of my rdc case has not progressed. I have been waiting for the committee's decision.,RDC,RDC,True,train
2113,Full-time to part-time conversion request,My research status conversion is still pending. The request was submitted through the prescribed process.,FT_PT_Conversion,FT_PT_Conversion,True,train
3080,Other research administration issue,A university research office matter has not received a response. I have already contacted the concerned office.,Other,Other,True,train
1579,Thesis submission record missing,The doctoral thesis submission record is not visible in the portal. I need confirmation that the submission was received.,Thesis_Submission,Thesis_Submission,True,train
116,Admission application not updated,My phd admission approval has not moved to the next stage. I have not received any further update.,PhD_Admission,PhD_Admission,True,train
1621,Thesis evaluation delayed,The thesis assessment process has not been completed. My thesis has already been submitted.,Thesis_Evaluation,Thesis_Evaluation,True,validation
2885,IIGRS grievance status issue,The status of my iigrs request has not been processed. I would like the concerned office to verify the matter.,RTI_IIGRS,RTI_IIGRS,True,validation
2294,Research fee status pending,My doctoral fee record is not reflected. The issue is preventing completion of the required process.,Fee,Fee,True,train
2987,Problem with RTI/IIGRS submission,The rti request submitted through the concerned process is awaiting action. I have the submission reference available.,RTI_IIGRS,RTI_IIGRS,True,validation
3144,Research administration problem,An issue related to my doctoral process is still pending. I would like the matter to be reviewed.,Other,Other,True,train
1841,Viva status pending,The defense process has not been updated. The delay is affecting completion of my PhD.,Viva,Viva,True,train
2357,Problem with doctoral fee,The payment status appears to contain an incorrect amount. I need the fee record corrected.,Fee,Fee,True,test
673,Course work marks not reflected,The coursework classes have not been updated. The concerned course has already been completed.,Course_Work,Course_Work,True,validation
1651,Delay in doctoral thesis assessment,The thesis assessment process is still pending. I have not received an official evaluation status.,Thesis_Evaluation,Thesis_Evaluation,True,train
1878,Issue with viva examination,My viva status has not been scheduled. The delay is affecting completion of my PhD.,Viva,Viva,True,train
1746,Thesis review status pending,The status of my thesis review has not progressed. I would like the concerned office to verify the current status.,Thesis_Evaluation,Thesis_Evaluation,True,train
592,Problem with research supervisor,My supervision arrangement is causing difficulty in continuing my research. I need clarification before proceeding with my research.,Supervisor_Related,Supervisor_Related,True,train
1906,Viva status pending,My viva examination date has not been scheduled. My thesis evaluation has already progressed.,Viva,Viva,True,train
889,RAC meeting issue,My rac meeting is still pending. I have completed the required preparation.,RAC,RAC,True,train
2687,Incorrect personal information in portal,The information displayed in my account shows outdated details. The incorrect information may affect official records.,Portal_Data_Correction,Portal_Data_Correction,True,train
1578,Thesis submission status pending,The doctoral thesis submission record has not been acknowledged. The issue is preventing me from moving to the next stage.,Thesis_Submission,Thesis_Submission,True,train
2090,Request to change research mode,My research status conversion requires approval. I submitted the required application.,FT_PT_Conversion,FT_PT_Conversion,True,train
214,Registration request not processed,My registration request cannot be completed. The registration deadline is approaching.,Registration,Registration,True,train
779,Course work credit issue,My research coursework cannot be completed due to a portal issue. The issue is affecting my research progress.,Course_Work,Course_Work,True,train
2921,Problem with RTI/IIGRS submission,My rti/iigrs case is still pending. I submitted the request through the appropriate channel.,RTI_IIGRS,RTI_IIGRS,True,train
1449,Problem submitting doctoral thesis,My thesis submission requires confirmation. I submitted the required documents successfully.,Thesis_Submission,Thesis_Submission,True,train
1922,Viva status pending,My viva status requires clarification. I need confirmation of the next step.,Viva,Viva,True,train
801,RAC schedule not received,My rac approval needs clarification. I have completed the required preparation.,RAC,RAC,True,train
2649,Incorrect personal information in portal,The information displayed in my account contains incorrect information. The incorrect information may affect official records.,Portal_Data_Correction,Portal_Data_Correction,True,test
1667,Thesis review status pending,My thesis evaluation has not been completed. I would like the concerned office to verify the current status.,Thesis_Evaluation,Thesis_Evaluation,True,train
1757,Delay in doctoral thesis assessment,The evaluation of my doctoral thesis has not progressed. The delay is affecting the next stage of my doctoral process.,Thesis_Evaluation,Thesis_Evaluation,True,test
2442,Problem with monthly stipend,The fellowship record has not been updated. I have completed the required fellowship formalities.,Fellowship,Fellowship,True,train
2842,Issue related to RTI request,My rti-related matter has not received a response. I would like the concerned office to verify the matter.,RTI_IIGRS,RTI_IIGRS,True,train
1742,Thesis evaluation delayed,My thesis review status has not been updated. I have not received an official evaluation status.,Thesis_Evaluation,Thesis_Evaluation,True,train
2895,Problem with RTI/IIGRS submission,My iigrs grievance is awaiting action. I have the submission reference available.,RTI_IIGRS,RTI_IIGRS,True,train
1344,Research paper verification issue,The publication documents submitted for verification is still pending. I submitted the publication documents as requested.,Publication_Verification,Publication_Verification,True,train
274,Research registration pending,My phd registration is not reflecting the submitted information. The required documents are already available.,Registration,Registration,True,test
72,Admission application not updated,The doctoral admission process is showing an incorrect status. I submitted all required documents on time.,PhD_Admission,PhD_Admission,True,train
721,Course work registration problem,My coursework credits are missing from my record. I have supporting records for the completed work.,Course_Work,Course_Work,True,train
1088,RDC meeting request pending,The rdc decision is still pending. I have been waiting for the committee's decision.,RDC,RDC,True,validation
395,Research registration pending,My enrollment record has not been processed. I need the registration to be completed for my research work.,Registration,Registration,True,test
584,Supervisor allocation issue,The supervisor assigned to my phd is causing difficulty in continuing my research. The matter has remained unresolved for several days.,Supervisor_Related,Supervisor_Related,True,train
2060,Request to change research mode,My research status conversion has not been updated. The request was submitted through the prescribed process.,FT_PT_Conversion,FT_PT_Conversion,True,train
2156,Research status conversion issue,My full-time to part-time conversion application is still pending. The request was submitted through the prescribed process.,FT_PT_Conversion,FT_PT_Conversion,True,train
2162,Request to change research mode,My research status conversion needs clarification. I submitted the required application.,FT_PT_Conversion,FT_PT_Conversion,True,test
501,Request for supervisor change,The supervisor assigned to my phd has not been updated. The current information does not match my records.,Supervisor_Related,Supervisor_Related,True,train
2175,Part-time conversion pending,My full-time to part-time conversion application is showing the old status. The supporting documents have already been provided.,FT_PT_Conversion,FT_PT_Conversion,True,train
2377,Fee payment not reflected,The fee transaction in the portal is showing as unpaid. I have the transaction details available.,Fee,Fee,True,train
3177,General doctoral process grievance,My research administration matter has not received a response. I would like the matter to be reviewed.,Other,Other,True,train
2925,Issue related to RTI request,My iigrs grievance has not been processed. The current status has not changed.,RTI_IIGRS,RTI_IIGRS,True,validation
2219,Problem with doctoral fee,The fee transaction in the portal has not generated a receipt. The issue is preventing completion of the required process.,Fee,Fee,True,validation
1260,Publication verification pending,My research article verification requires clarification. I submitted the publication documents as requested.,Publication_Verification,Publication_Verification,True,train
2902,RTI matter not updated,My iigrs grievance has not received a response. The current status has not changed.,RTI_IIGRS,RTI_IIGRS,True,train
2081,Problem with research status conversion,My research status conversion is showing the old status. The request was submitted through the prescribed process.,FT_PT_Conversion,FT_PT_Conversion,True,train
206,PhD registration issue,My enrollment record is not reflecting the submitted information. The registration deadline is approaching.,Registration,Registration,True,train
734,Course work marks not reflected,The coursework classes are missing from my record. I have supporting records for the completed work.,Course_Work,Course_Work,True,train
2398,Fee transaction issue,The payment status has not been updated. I need the fee record corrected.,Fee,Fee,True,train
527,Supervisor details not updated,My request for a supervisor change has not been finalized. The matter has remained unresolved for several days.,Supervisor_Related,Supervisor_Related,True,train
1587,Thesis submission record missing,My thesis upload requires confirmation. I need confirmation that the submission was received.,Thesis_Submission,Thesis_Submission,True,train
899,RAC schedule not received,The next rac meeting has not been scheduled. The matter is affecting my research timeline.,RAC,RAC,True,train
378,Research registration pending,My phd registration has not been updated. I need the registration to be completed for my research work.,Registration,Registration,True,train
2463,Fellowship payment delayed,The fellowship record is showing an incorrect status. I have completed the required fellowship formalities.,Fellowship,Fellowship,True,test
2862,Problem with RTI/IIGRS submission,The status of my iigrs request has not been updated. I am waiting for an official response.,RTI_IIGRS,RTI_IIGRS,True,train
2941,Issue related to RTI request,My rti/iigrs case has not been updated. I have the submission reference available.,RTI_IIGRS,RTI_IIGRS,True,test
387,Unable to complete research registration,My enrollment record is not reflecting the submitted information. The registration deadline is approaching.,Registration,Registration,True,validation
199,Admission application not updated,My doctoral admission application has not been updated. I have not received any further update.,PhD_Admission,PhD_Admission,True,train
1051,RDC meeting request pending,The status of my rdc case has not progressed. I have been waiting for the committee's decision.,RDC,RDC,True,validation
591,Supervisor details not updated,The supervisor information in the portal is causing difficulty in continuing my research. The current information does not match my records.,Supervisor_Related,Supervisor_Related,True,train
520,Supervisor details not updated,My research supervisor allocation requires review. I have not received a clear update from the concerned office.,Supervisor_Related,Supervisor_Related,True,test
2164,Part-time conversion pending,My full-time to part-time conversion application needs clarification. The supporting documents have already been provided.,FT_PT_Conversion,FT_PT_Conversion,True,validation
2184,Full-time part-time status change,My research status conversion has not been updated. I am waiting for confirmation from the concerned office.,FT_PT_Conversion,FT_PT_Conversion,True,train
430,Supervisor allocation issue,My supervision arrangement needs correction. The current information does not match my records.,Supervisor_Related,Supervisor_Related,True,train
1084,RDC approval pending,The rdc approval process has not been updated. I have been waiting for the committee's decision.,RDC,RDC,True,train
208,Unable to complete research registration,The registration details in the portal has not been processed. The registration deadline is approaching.,Registration,Registration,True,validation
492,Supervisor allocation issue,The doctoral supervision process needs correction. The current information does not match my records.,Supervisor_Related,Supervisor_Related,True,train
2336,Research fee payment issue,The payment status has not generated a receipt. I have the transaction details available.,Fee,Fee,True,train
3105,General doctoral process grievance,My research administration matter does not fit the available grievance categories. I have submitted the relevant documents.,Other,Other,True,train
793,Issue with research classes,My coursework credits are showing an incorrect value. I completed the required academic activities.,Course_Work,Course_Work,True,test
2662,Research portal data correction,My personal information in the research portal has not been corrected. I have the correct supporting document.,Portal_Data_Correction,Portal_Data_Correction,True,train
1187,RDC proposal status not updated,The rdc approval process has not been communicated. I have been waiting for the committee's decision.,RDC,RDC,True,validation
1186,RDC proposal status not updated,The rdc decision is still pending. The delay is affecting my research schedule.,RDC,RDC,True,train
2025,Full-time part-time status change,My request to convert from full-time to part-time needs clarification. The supporting documents have already been provided.,FT_PT_Conversion,FT_PT_Conversion,True,train
1552,Thesis submission status pending,My thesis submission requires confirmation. The thesis was submitted through the prescribed process.,Thesis_Submission,Thesis_Submission,True,test
2939,RTI/IIGRS grievance pending,The status of my iigrs request is still pending. I have the submission reference available.,RTI_IIGRS,RTI_IIGRS,True,train
1411,Problem submitting doctoral thesis,My submitted thesis documents requires confirmation. The issue is preventing me from moving to the next stage.,Thesis_Submission,Thesis_Submission,True,train
1477,Thesis submission status pending,My thesis submission is showing an incorrect status. The submission deadline has already passed.,Thesis_Submission,Thesis_Submission,True,train
84,Unable to complete PhD admission,The doctoral admission process is awaiting verification. I have already completed the required admission steps.,PhD_Admission,PhD_Admission,True,test
2531,Fellowship status pending,My scholarship payment has not been released. I have completed the required fellowship formalities.,Fellowship,Fellowship,True,train
2380,Fee transaction issue,The fee transaction in the portal is showing as unpaid. I need the fee record corrected.,Fee,Fee,True,test
21,Issue with PhD admission status,The admission status in the research portal has not been approved. The application was submitted before the deadline.,PhD_Admission,PhD_Admission,True,validation
2984,IIGRS request pending,The status of my iigrs request has not been updated. I submitted the request through the appropriate channel.,RTI_IIGRS,RTI_IIGRS,True,train
1761,Thesis review status pending,My thesis evaluation record has not been updated. I have been waiting for the evaluation update.,Thesis_Evaluation,Thesis_Evaluation,True,train
1903,Viva status pending,The defense process has not been scheduled. The delay is affecting completion of my PhD.,Viva,Viva,True,train
1406,Thesis submission record missing,My submitted thesis documents has not been acknowledged. The thesis was submitted through the prescribed process.,Thesis_Submission,Thesis_Submission,True,train
2352,Payment record not updated,The payment status is not reflected. The issue is preventing completion of the required process.,Fee,Fee,True,train
3189,Other research administration issue,A university research office matter needs attention from the concerned office. I have already contacted the concerned office.,Other,Other,True,validation
2874,IIGRS grievance status issue,The status of my iigrs request has not been updated. I submitted the request through the appropriate channel.,RTI_IIGRS,RTI_IIGRS,True,validation
2133,Request to change research mode,The research mode recorded in the portal needs clarification. I am waiting for confirmation from the concerned office.,FT_PT_Conversion,FT_PT_Conversion,True,train
974,Research Advisory Committee request pending,My rac meeting has not been scheduled. I have been waiting for an official update.,RAC,RAC,True,train
2979,IIGRS request pending,My iigrs grievance has not been updated. The current status has not changed.,RTI_IIGRS,RTI_IIGRS,True,train
884,RAC meeting issue,The recommendations recorded by the rac needs clarification. I need the concerned office to confirm the next step.,RAC,RAC,True,train
1099,Issue with RDC review,The status of my rdc case has not been communicated. The required research documents have already been submitted.,RDC,RDC,True,test
157,PhD admission approval delayed,The admission status in the research portal has not been approved. The required documents were uploaded successfully.,PhD_Admission,PhD_Admission,True,train
3035,Issue not covered by listed categories,A university research office matter needs attention from the concerned office. I would like the matter to be reviewed.,Other,Other,True,validation
887,RAC meeting issue,My rac schedule has not been communicated. The matter is affecting my research timeline.,RAC,RAC,True,train
3198,Research administration problem,A university research office matter requires clarification. I would like the matter to be reviewed.,Other,Other,True,train
1836,Viva examination not scheduled,The viva schedule is awaiting confirmation. The delay is affecting completion of my PhD.,Viva,Viva,True,train
1513,Thesis submission status pending,The thesis submission status requires confirmation. The issue is preventing me from moving to the next stage.,Thesis_Submission,Thesis_Submission,True,validation
2647,Research portal details need correction,My name and academic details needs to be updated. I have the correct supporting document.,Portal_Data_Correction,Portal_Data_Correction,True,train
1726,Thesis review status pending,The status of my thesis review appears to be delayed. I would like the concerned office to verify the current status.,Thesis_Evaluation,Thesis_Evaluation,True,test
2706,Research portal data correction,My doctoral profile shows outdated details. I request the concerned office to update the record.,Portal_Data_Correction,Portal_Data_Correction,True,train
2074,Problem with research status conversion,My full-time to part-time conversion application has not been processed. I need the change to be reflected in my academic record.,FT_PT_Conversion,FT_PT_Conversion,True,train
2975,IIGRS request pending,My rti-related matter is awaiting action. I would like the concerned office to verify the matter.,RTI_IIGRS,RTI_IIGRS,True,train
1454,Problem submitting doctoral thesis,My thesis submission is showing an incorrect status. The thesis was submitted through the prescribed process.,Thesis_Submission,Thesis_Submission,True,test
1506,Thesis submission record missing,The final thesis submission process requires confirmation. I need confirmation that the submission was received.,Thesis_Submission,Thesis_Submission,True,train
2828,RTI matter not updated,My grievance under the rti/iigrs process has not been processed. I have the submission reference available.,RTI_IIGRS,RTI_IIGRS,True,train
459,Supervisor allocation issue,My research supervisor allocation has not been updated. I have already submitted the required request.,Supervisor_Related,Supervisor_Related,True,train
2109,Full-time part-time status change,The research mode recorded in the portal has not been processed. I need the change to be reflected in my academic record.,FT_PT_Conversion,FT_PT_Conversion,True,train
79,Issue with PhD admission status,My doctoral admission application has not moved to the next stage. I submitted all required documents on time.,PhD_Admission,PhD_Admission,True,validation
3107,Issue not covered by listed categories,My research administration matter needs attention from the concerned office. I have submitted the relevant documents.,Other,Other,True,train
1057,RDC meeting request pending,My research degree committee review has not been communicated. The matter was submitted through the prescribed process.,RDC,RDC,True,test
907,Issue regarding RAC meeting,My rac schedule is still pending. I submitted the relevant research documents.,RAC,RAC,True,train
1813,Doctoral defense date not received,The viva schedule is awaiting confirmation. My thesis evaluation has already progressed.,Viva,Viva,True,train
2368,Problem with doctoral fee,The payment status appears to contain an incorrect amount. The issue is preventing completion of the required process.,Fee,Fee,True,train
2877,IIGRS request pending,My iigrs grievance is awaiting action. I submitted the request through the appropriate channel.,RTI_IIGRS,RTI_IIGRS,True,train
381,Registration status not updated,My registration request is not reflecting the submitted information. The registration deadline is approaching.,Registration,Registration,True,train
948,Problem with RAC proceedings,My rac approval has not been communicated. The matter is affecting my research timeline.,RAC,RAC,True,train
2260,Fee payment not reflected,The fee transaction in the portal appears to contain an incorrect amount. I need the fee record corrected.,Fee,Fee,True,train
2150,Request to change research mode,My research status conversion needs clarification. The request was submitted through the prescribed process.,FT_PT_Conversion,FT_PT_Conversion,True,train
716,Course work marks not reflected,The coursework classes are showing an incorrect value. I completed the required academic activities.,Course_Work,Course_Work,True,test
3138,Issue not covered by listed categories,An administrative issue concerning my research does not fit the available grievance categories. I would like the matter to be reviewed.,Other,Other,True,train
687,Course work marks not reflected,The coursework marks in the portal have not been updated. The concerned course has already been completed.,Course_Work,Course_Work,True,train
2738,Incorrect doctoral record,My doctoral profile contains incorrect information. I request the concerned office to update the record.,Portal_Data_Correction,Portal_Data_Correction,True,train
1294,Paper verification request delayed,The publication documents submitted for verification requires clarification. I submitted the publication documents as requested.,Publication_Verification,Publication_Verification,True,validation
306,Registration request not processed,My enrollment record has not been updated. The required documents are already available.,Registration,Registration,True,validation
210,PhD registration issue,My enrollment record has not been updated. The registration deadline is approaching.,Registration,Registration,True,validation
2574,Stipend not credited,The fellowship record has not been released. The previous payments were processed normally.,Fellowship,Fellowship,True,validation
2375,Problem with doctoral fee,My semester research fee appears to contain an incorrect amount. The amount was already paid successfully.,Fee,Fee,True,validation
3173,General doctoral process grievance,A university research office matter has not been resolved. I am requesting appropriate guidance on the next step.,Other,Other,True,train
3146,Unclassified research-related issue,My doctoral administrative problem has not been resolved. I would like the matter to be reviewed.,Other,Other,True,train
886,RAC schedule not received,The next rac meeting has not been scheduled. I submitted the relevant research documents.,RAC,RAC,True,test
1881,Viva examination not scheduled,My viva voce examination is awaiting confirmation. I need confirmation of the next step.,Viva,Viva,True,validation
918,Research Advisory Committee request pending,The research advisory committee process has not been communicated. I have completed the required preparation.,RAC,RAC,True,train
2884,RTI/IIGRS grievance pending,My rti/iigrs case has not received a response. I submitted the request through the appropriate channel.,RTI_IIGRS,RTI_IIGRS,True,validation
1914,Viva voce scheduling issue,My viva status requires clarification. My thesis evaluation has already progressed.,Viva,Viva,True,train
192,PhD admission application pending,My phd admission request is showing an incorrect status. I have already completed the required admission steps.,PhD_Admission,PhD_Admission,True,test
2933,RTI/IIGRS grievance pending,My rti-related matter is still pending. I am waiting for an official response.,RTI_IIGRS,RTI_IIGRS,True,test
2180,Problem with research status conversion,My research status conversion has not been updated. I need the change to be reflected in my academic record.,FT_PT_Conversion,FT_PT_Conversion,True,train
1266,Publication verification not completed,The publication documents submitted for verification requires clarification. The publication details are available for verification.,Publication_Verification,Publication_Verification,True,train
484,Problem with research supervisor,My research supervisor allocation is still pending. I have already submitted the required request.,Supervisor_Related,Supervisor_Related,True,validation
916,Problem with RAC proceedings,The research advisory committee process needs clarification. I need the concerned office to confirm the next step.,RAC,RAC,True,validation
2773,Research portal data correction,My doctoral profile shows outdated details. The discrepancy is visible in my portal profile.,Portal_Data_Correction,Portal_Data_Correction,True,train
278,Registration status not updated,My enrollment record has not been updated. The required documents are already available.,Registration,Registration,True,validation
989,Problem with RAC proceedings,The research advisory committee process has not been updated. The matter is affecting my research timeline.,RAC,RAC,True,test
1675,Issue with thesis evaluation,The evaluation of my doctoral thesis has not been updated. I would like the concerned office to verify the current status.,Thesis_Evaluation,Thesis_Evaluation,True,test
1246,Publication verification pending,The verification of my published paper has not been processed. The publication details are available for verification.,Publication_Verification,Publication_Verification,True,train
1874,Viva examination not scheduled,My viva examination date has not been updated. My thesis evaluation has already progressed.,Viva,Viva,True,train
572,Supervisor details not updated,The supervisor information in the portal needs correction. I have not received a clear update from the concerned office.,Supervisor_Related,Supervisor_Related,True,train
1436,Thesis submission process delayed,My thesis submission has not been updated. The issue is preventing me from moving to the next stage.,Thesis_Submission,Thesis_Submission,True,train
994,Research Advisory Committee request pending,My rac schedule has not been communicated. The matter is affecting my research timeline.,RAC,RAC,True,train
2520,Research fellowship issue,The fellowship record has not been credited. The payment was expected for the current month.,Fellowship,Fellowship,True,train
1614,Problem regarding thesis evaluation,My thesis review status is still pending. I would like the concerned office to verify the current status.,Thesis_Evaluation,Thesis_Evaluation,True,train
586,Supervisor allocation issue,My research supervisor allocation needs correction. I have already submitted the required request.,Supervisor_Related,Supervisor_Related,True,train
3135,General research grievance,A university research office matter needs attention from the concerned office. I have submitted the relevant documents.,Other,Other,True,train
1816,Issue with viva examination,My viva status has not been updated. I have completed the required pre-viva formalities.,Viva,Viva,True,train
3192,Other research administration issue,An administrative issue concerning my research has not received a response. I would like the matter to be reviewed.,Other,Other,True,train
1350,Publication verification pending,The verification of my published paper requires clarification. The delay is affecting my research documentation.,Publication_Verification,Publication_Verification,True,train
1008,Research Degree Committee issue,My research degree committee review requires clarification. I need confirmation from the concerned office.,RDC,RDC,True,train
675,Course work credit issue,The coursework marks in the portal are showing an incorrect value. I completed the required academic activities.,Course_Work,Course_Work,True,validation
1948,Viva status pending,My viva status is awaiting confirmation. I need confirmation of the next step.,Viva,Viva,True,train
856,Issue regarding RAC meeting,The research advisory committee process is still pending. I have completed the required preparation.,RAC,RAC,True,train
448,Problem with research supervisor,The supervisor information in the portal requires review. The matter has remained unresolved for several days.,Supervisor_Related,Supervisor_Related,True,train
1638,Thesis evaluation delayed,My thesis evaluation has not been completed. My thesis has already been submitted.,Thesis_Evaluation,Thesis_Evaluation,True,train
2291,Fee transaction issue,My doctoral fee record has not generated a receipt. I need the fee record corrected.,Fee,Fee,True,train
1862,Viva voce scheduling issue,My viva voce examination has not been communicated. I have not received the examination schedule.,Viva,Viva,True,train
2417,Research fellowship issue,My scholarship payment requires clarification. The payment was expected for the current month.,Fellowship,Fellowship,True,train
2855,Problem with RTI/IIGRS submission,My grievance under the rti/iigrs process has not been updated. I submitted the request through the appropriate channel.,RTI_IIGRS,RTI_IIGRS,True,train
2684,Incorrect personal information in portal,My research record in the portal contains incorrect information. I submitted a correction request earlier.,Portal_Data_Correction,Portal_Data_Correction,True,train
1974,Issue with viva examination,My doctoral defense requires clarification. I have not received the examination schedule.,Viva,Viva,True,validation
2851,Problem with RTI/IIGRS submission,My rti/iigrs case has not been processed. I am waiting for an official response.,RTI_IIGRS,RTI_IIGRS,True,train
2658,Problem with profile information,The information displayed in my account does not match my official documents. The discrepancy is visible in my portal profile.,Portal_Data_Correction,Portal_Data_Correction,True,test
1248,Publication verification pending,My publication record has not been completed. I need the verification for my academic record.,Publication_Verification,Publication_Verification,True,test
295,Research registration pending,My enrollment record cannot be completed. I need the registration to be completed for my research work.,Registration,Registration,True,train
1548,Thesis submission not updated,The final thesis submission process is showing an incorrect status. The thesis was submitted through the prescribed process.,Thesis_Submission,Thesis_Submission,True,train
589,Supervisor assignment pending,My request for a supervisor change has not been updated. I have not received a clear update from the concerned office.,Supervisor_Related,Supervisor_Related,True,validation
1282,Problem verifying research publication,The verification of my published paper has not been updated. I need the verification for my academic record.,Publication_Verification,Publication_Verification,True,train
2892,RTI matter not updated,My rti-related matter has not been updated. The current status has not changed.,RTI_IIGRS,RTI_IIGRS,True,train
2348,Fee transaction issue,The payment status has not generated a receipt. I have the transaction details available.,Fee,Fee,True,train
2471,Fellowship payment record incorrect,The fellowship record is showing an incorrect status. The previous payments were processed normally.,Fellowship,Fellowship,True,train
2329,Research fee status pending,The fee transaction in the portal is showing as unpaid. I have the transaction details available.,Fee,Fee,True,validation
1645,Problem regarding thesis evaluation,My thesis evaluation has not progressed. I would like the concerned office to verify the current status.,Thesis_Evaluation,Thesis_Evaluation,True,train
2411,Stipend not credited,My monthly stipend has not been credited. I have completed the required fellowship formalities.,Fellowship,Fellowship,True,train
1418,Issue with thesis submission,My submitted thesis documents has not been updated. The issue is preventing me from moving to the next stage.,Thesis_Submission,Thesis_Submission,True,train
426,Supervisor assignment pending,The supervisor information in the portal is causing difficulty in continuing my research. I need clarification before proceeding with my research.,Supervisor_Related,Supervisor_Related,True,train
535,Supervisor assignment pending,My research supervisor allocation is still pending. I need clarification before proceeding with my research.,Supervisor_Related,Supervisor_Related,True,train
1055,Issue with RDC review,The status of my rdc case has not been updated. The matter was submitted through the prescribed process.,RDC,RDC,True,train
2422,Problem with monthly stipend,My scholarship payment is showing an incorrect status. I have completed the required fellowship formalities.,Fellowship,Fellowship,True,validation
2674,Portal record correction request,My doctoral profile shows outdated details. I have the correct supporting document.,Portal_Data_Correction,Portal_Data_Correction,True,train
3024,General doctoral process grievance,A university research office matter requires clarification. I have already contacted the concerned office.,Other,Other,True,train
133,Admission application not updated,My admission documents has not moved to the next stage. I have not received any further update.,PhD_Admission,PhD_Admission,True,validation
7,PhD admission approval delayed,The admission status in the research portal has not moved to the next stage. The application was submitted before the deadline.,PhD_Admission,PhD_Admission,True,train
2841,RTI matter not updated,My iigrs grievance is still pending. I have the submission reference available.,RTI_IIGRS,RTI_IIGRS,True,validation
422,Problem with research supervisor,My research supervisor allocation is causing difficulty in continuing my research. I have already submitted the required request.,Supervisor_Related,Supervisor_Related,True,validation
2838,RTI/IIGRS grievance pending,The status of my iigrs request requires clarification. I would like the concerned office to verify the matter.,RTI_IIGRS,RTI_IIGRS,True,validation
3148,General research grievance,An issue related to my doctoral process does not fit the available grievance categories. I am requesting appropriate guidance on the next step.,Other,Other,True,train
2728,Portal record correction request,My name and academic details needs to be updated. I have the correct supporting document.,Portal_Data_Correction,Portal_Data_Correction,True,train
1369,Paper verification request delayed,My research publication verification has not been completed. I submitted the publication documents as requested.,Publication_Verification,Publication_Verification,True,train
557,Supervisor allocation issue,My request for a supervisor change has not been updated. I have not received a clear update from the concerned office.,Supervisor_Related,Supervisor_Related,True,train
2185,Full-time to part-time conversion request,My request for a change of research status has not been updated. I need the change to be reflected in my academic record.,FT_PT_Conversion,FT_PT_Conversion,True,validation
1714,Thesis evaluation delayed,The status of my thesis review requires clarification. I have been waiting for the evaluation update.,Thesis_Evaluation,Thesis_Evaluation,True,train
2859,Problem with RTI/IIGRS submission,The status of my iigrs request is awaiting action. I am waiting for an official response.,RTI_IIGRS,RTI_IIGRS,True,train
1750,Issue with thesis evaluation,My thesis evaluation appears to be delayed. I would like the concerned office to verify the current status.,Thesis_Evaluation,Thesis_Evaluation,True,train
571,Problem with research supervisor,The supervisor assigned to my phd is causing difficulty in continuing my research. The matter has remained unresolved for several days.,Supervisor_Related,Supervisor_Related,True,train
353,Research registration pending,The research enrollment process cannot be completed. The required documents are already available.,Registration,Registration,True,train
92,PhD admission approval delayed,My doctoral admission application has not been updated. The required documents were uploaded successfully.,PhD_Admission,PhD_Admission,True,train
2271,Problem with doctoral fee,My semester research fee has not generated a receipt. I have the transaction details available.,Fee,Fee,True,test
2705,Problem with profile information,The information displayed in my account contains incorrect information. I have the correct supporting document.,Portal_Data_Correction,Portal_Data_Correction,True,train
1171,Problem regarding RDC decision,My research matter before the rdc has not progressed. The matter was submitted through the prescribed process.,RDC,RDC,True,train
1717,Thesis evaluation delayed,My thesis evaluation has not been updated. I have been waiting for the evaluation update.,Thesis_Evaluation,Thesis_Evaluation,True,train
1286,Research paper verification issue,The paper verification request requires clarification. I submitted the publication documents as requested.,Publication_Verification,Publication_Verification,True,train
2942,RTI matter not updated,The rti request submitted through the concerned process is awaiting action. I submitted the request through the appropriate channel.,RTI_IIGRS,RTI_IIGRS,True,train
1691,Thesis review status pending,The status of my thesis review is still pending. I would like the concerned office to verify the current status.,Thesis_Evaluation,Thesis_Evaluation,True,test
1668,Thesis review status pending,The thesis assessment process has not progressed. I would like the concerned office to verify the current status.,Thesis_Evaluation,Thesis_Evaluation,True,validation
1592,Problem submitting doctoral thesis,The thesis submission status is showing an incorrect status. I submitted the required documents successfully.,Thesis_Submission,Thesis_Submission,True,test
1703,Thesis evaluation delayed,The evaluation of my doctoral thesis has not been completed. My thesis has already been submitted.,Thesis_Evaluation,Thesis_Evaluation,True,test
698,Course work registration problem,My coursework completion status are missing from my record. I need the academic record corrected.,Course_Work,Course_Work,True,test
3011,Unclassified research-related issue,An administrative issue concerning my research has not been resolved. I would like the matter to be reviewed.,Other,Other,True,test
349,Registration request not processed,My registration request is still pending. The required documents are already available.,Registration,Registration,True,validation
1802,Viva examination not scheduled,My doctoral defense has not been scheduled. The delay is affecting completion of my PhD.,Viva,Viva,True,train
2506,Problem with monthly stipend,My monthly stipend has not been credited. I have completed the required fellowship formalities.,Fellowship,Fellowship,True,validation
2596,Research fellowship issue,My monthly stipend has not been released. I have not received any update from the concerned office.,Fellowship,Fellowship,True,train
2320,Fee transaction issue,My doctoral fee record is showing as unpaid. The issue is preventing completion of the required process.,Fee,Fee,True,train
1138,Research Degree Committee issue,My research matter before the rdc has not been updated. The matter was submitted through the prescribed process.,RDC,RDC,True,train
2246,Fee transaction issue,The fee transaction in the portal is not reflected. The payment was made before the deadline.,Fee,Fee,True,train
3086,Research administration problem,My doctoral administrative problem does not fit the available grievance categories. I have submitted the relevant documents.,Other,Other,True,train
3026,General research grievance,My research administration matter has not received a response. The issue is affecting my research work.,Other,Other,True,train
3010,Other research administration issue,An issue related to my doctoral process needs attention from the concerned office. I am requesting appropriate guidance on the next step.,Other,Other,True,train
1340,Publication record verification issue,The verification of my published paper has not been updated. The delay is affecting my research documentation.,Publication_Verification,Publication_Verification,True,train
2659,Portal record correction request,The information displayed in my account has not been corrected. I have the correct supporting document.,Portal_Data_Correction,Portal_Data_Correction,True,train
454,Request for supervisor change,My research supervisor allocation requires review. I have not received a clear update from the concerned office.,Supervisor_Related,Supervisor_Related,True,validation
914,Issue regarding RAC meeting,My rac schedule is still pending. I have been waiting for an official update.,RAC,RAC,True,train
2158,Full-time to part-time conversion request,The change in my doctoral study mode is showing the old status. I am waiting for confirmation from the concerned office.,FT_PT_Conversion,FT_PT_Conversion,True,test
1200,Issue with RDC review,The rdc approval process has not been communicated. The matter was submitted through the prescribed process.,RDC,RDC,True,train
1275,Problem verifying research publication,The publication documents submitted for verification is still pending. I submitted the publication documents as requested.,Publication_Verification,Publication_Verification,True,validation
2092,Research status conversion issue,My full-time to part-time conversion application has not been updated. I need the change to be reflected in my academic record.,FT_PT_Conversion,FT_PT_Conversion,True,train
38,Unable to complete PhD admission,My admission documents has not moved to the next stage. I have not received any further update.,PhD_Admission,PhD_Admission,True,validation
975,Research Advisory Committee request pending,My rac schedule requires review. The matter is affecting my research timeline.,RAC,RAC,True,validation
2958,RTI/IIGRS grievance pending,The rti request submitted through the concerned process requires clarification. I am waiting for an official response.,RTI_IIGRS,RTI_IIGRS,True,train
984,Research Advisory Committee request pending,The recommendations recorded by the rac has not been scheduled. I have been waiting for an official update.,RAC,RAC,True,train
1250,Publication record verification issue,The verification of my published paper is awaiting verification. I submitted the publication documents as requested.,Publication_Verification,Publication_Verification,True,validation
2226,Fee payment not reflected,The fee receipt is still pending. The payment was made before the deadline.,Fee,Fee,True,validation
1419,Problem submitting doctoral thesis,The final thesis submission process is not visible in the portal. The submission deadline has already passed.,Thesis_Submission,Thesis_Submission,True,train
1285,Publication record verification issue,My publication record requires clarification. I need the verification for my academic record.,Publication_Verification,Publication_Verification,True,train
2488,Stipend not credited,My research fellowship payment is still pending. The previous payments were processed normally.,Fellowship,Fellowship,True,train
40,PhD admission application pending,My doctoral admission application is awaiting verification. I have already completed the required admission steps.,PhD_Admission,PhD_Admission,True,train
1487,Thesis submission record missing,The doctoral thesis submission record is not visible in the portal. The submission deadline has already passed.,Thesis_Submission,Thesis_Submission,True,train
2923,Issue related to RTI request,The rti request submitted through the concerned process has not been updated. I submitted the request through the appropriate channel.,RTI_IIGRS,RTI_IIGRS,True,train
170,Unable to complete PhD admission,My admission documents is awaiting verification. I submitted all required documents on time.,PhD_Admission,PhD_Admission,True,validation
1356,Problem verifying research publication,My publication record is awaiting verification. I submitted the publication documents as requested.,Publication_Verification,Publication_Verification,True,train
738,Course work marks not reflected,My registered research courses are missing from my record. The issue is affecting my research progress.,Course_Work,Course_Work,True,train
2093,Problem with research status conversion,My request for a change of research status requires approval. I submitted the required application.,FT_PT_Conversion,FT_PT_Conversion,True,test
2881,RTI/IIGRS grievance pending,My rti/iigrs case requires clarification. I would like the concerned office to verify the matter.,RTI_IIGRS,RTI_IIGRS,True,train
1673,Delay in doctoral thesis assessment,The thesis assessment process has not progressed. I would like the concerned office to verify the current status.,Thesis_Evaluation,Thesis_Evaluation,True,validation
1565,Problem submitting doctoral thesis,The doctoral thesis submission record requires confirmation. I need confirmation that the submission was received.,Thesis_Submission,Thesis_Submission,True,train
2112,Problem with research status conversion,My request to convert from full-time to part-time is still pending. I am waiting for confirmation from the concerned office.,FT_PT_Conversion,FT_PT_Conversion,True,train
635,Course work registration problem,The coursework classes are not reflected correctly. I completed the required academic activities.,Course_Work,Course_Work,True,train
2827,IIGRS grievance status issue,My rti-related matter has not been updated. I would like the concerned office to verify the matter.,RTI_IIGRS,RTI_IIGRS,True,train
2122,Research status conversion issue,My request for a change of research status is showing the old status. The request was submitted through the prescribed process.,FT_PT_Conversion,FT_PT_Conversion,True,test
1641,Thesis evaluation delayed,The thesis assessment process appears to be delayed. The delay is affecting the next stage of my doctoral process.,Thesis_Evaluation,Thesis_Evaluation,True,test
1291,Paper verification request delayed,My publication record has not been completed. I have already provided the required evidence.,Publication_Verification,Publication_Verification,True,train
2497,Fellowship status pending,My pending stipend has not been credited. The delay is causing difficulty in managing my research expenses.,Fellowship,Fellowship,True,train
1381,Publication record verification issue,The paper verification request requires clarification. I need the verification for my academic record.,Publication_Verification,Publication_Verification,True,train
580,Issue regarding doctoral supervision,My supervision arrangement has not been updated. I have not received a clear update from the concerned office.,Supervisor_Related,Supervisor_Related,True,train
329,PhD registration issue,My doctoral registration status cannot be completed. All requested information has been submitted.,Registration,Registration,True,train
1892,Doctoral defense date not received,My viva status is still pending. I have not received the examination schedule.,Viva,Viva,True,train
893,Research Advisory Committee request pending,The next rac meeting has not been updated. The matter is affecting my research timeline.,RAC,RAC,True,train
1144,RDC approval pending,The status of my rdc case has not been communicated. The matter was submitted through the prescribed process.,RDC,RDC,True,validation
781,Course work credit issue,My registered research courses are not reflected correctly. I completed the required academic activities.,Course_Work,Course_Work,True,validation
160,Admission application not updated,The admission status in the research portal has not been updated. I have not received any further update.,PhD_Admission,PhD_Admission,True,train
1785,Thesis evaluation delayed,The evaluation of my doctoral thesis requires clarification. I have been waiting for the evaluation update.,Thesis_Evaluation,Thesis_Evaluation,True,train
1905,Viva status pending,My doctoral defense has not been updated. I need confirmation of the next step.,Viva,Viva,True,train
2484,Fellowship payment delayed,The fellowship record has not been released. The payment was expected for the current month.,Fellowship,Fellowship,True,train
62,PhD admission application pending,My phd admission request has not been approved. The required documents were uploaded successfully.,PhD_Admission,PhD_Admission,True,train
850,Problem with RAC proceedings,My rac schedule has not been communicated. I have completed the required preparation.,RAC,RAC,True,train
3040,Issue not covered by listed categories,A university research office matter has not been resolved. I am requesting appropriate guidance on the next step.,Other,Other,True,train
3085,Research administration problem,My doctoral administrative problem needs attention from the concerned office. I have submitted the relevant documents.,Other,Other,True,validation
2168,Problem with research status conversion,My research status conversion is still pending. I am waiting for confirmation from the concerned office.,FT_PT_Conversion,FT_PT_Conversion,True,train
1597,Thesis submission status pending,My thesis upload is showing an incorrect status. The thesis was submitted through the prescribed process.,Thesis_Submission,Thesis_Submission,True,train
1044,Problem regarding RDC decision,My rdc proposal has not progressed. The required research documents have already been submitted.,RDC,RDC,True,train
2665,Problem with profile information,My name and academic details contains incorrect information. I have the correct supporting document.,Portal_Data_Correction,Portal_Data_Correction,True,train
1545,Thesis submission status pending,My submitted thesis documents is not visible in the portal. The issue is preventing me from moving to the next stage.,Thesis_Submission,Thesis_Submission,True,train
2132,Full-time part-time status change,My request to convert from full-time to part-time is still pending. The request was submitted through the prescribed process.,FT_PT_Conversion,FT_PT_Conversion,True,train
1865,Problem regarding doctoral defense,The defense process is awaiting confirmation. The delay is affecting completion of my PhD.,Viva,Viva,True,test
1071,Problem regarding RDC decision,My research degree committee review has not been updated. The matter was submitted through the prescribed process.,RDC,RDC,True,validation
54,PhD admission approval delayed,The doctoral admission process is still pending. The required documents were uploaded successfully.,PhD_Admission,PhD_Admission,True,train
2608,Research portal details need correction,My doctoral profile shows outdated details. I have the correct supporting document.,Portal_Data_Correction,Portal_Data_Correction,True,train
259,Unable to complete research registration,My phd registration is still pending. I need the registration to be completed for my research work.,Registration,Registration,True,train
506,Supervisor assignment pending,The supervisor information in the portal is causing difficulty in continuing my research. The current information does not match my records.,Supervisor_Related,Supervisor_Related,True,train
753,Issue with research classes,My research coursework are not reflected correctly. I have supporting records for the completed work.,Course_Work,Course_Work,True,validation
2988,Problem with RTI/IIGRS submission,My iigrs grievance is awaiting action. The current status has not changed.,RTI_IIGRS,RTI_IIGRS,True,train
218,Registration status not updated,My enrollment record is still pending. The required documents are already available.,Registration,Registration,True,validation
825,RAC meeting issue,The research advisory committee process has not been scheduled. I need the concerned office to confirm the next step.,RAC,RAC,True,train
1755,Thesis evaluation delayed,My thesis review status requires clarification. My thesis has already been submitted.,Thesis_Evaluation,Thesis_Evaluation,True,train
3197,Other research administration issue,An issue related to my doctoral process does not fit the available grievance categories. I am requesting appropriate guidance on the next step.,Other,Other,True,train
2432,Problem with monthly stipend,The fellowship amount has not been updated. I have not received any update from the concerned office.,Fellowship,Fellowship,True,train
1390,Research paper verification issue,My publication record requires clarification. I need the verification for my academic record.,Publication_Verification,Publication_Verification,True,train
2672,Incorrect personal information in portal,My portal data is missing important information. The discrepancy is visible in my portal profile.,Portal_Data_Correction,Portal_Data_Correction,True,train
1267,Publication verification pending,The verification of my published paper has not been processed. The delay is affecting my research documentation.,Publication_Verification,Publication_Verification,True,validation
2633,Portal record correction request,My research record in the portal has not been corrected. I submitted a correction request earlier.,Portal_Data_Correction,Portal_Data_Correction,True,train
2400,Fee transaction issue,The fee transaction in the portal is not reflected. The amount was already paid successfully.,Fee,Fee,True,train
1599,Problem submitting doctoral thesis,The doctoral thesis submission record has not been acknowledged. I need confirmation that the submission was received.,Thesis_Submission,Thesis_Submission,True,train
2928,Issue related to RTI request,My rti/iigrs case requires clarification. I have the submission reference available.,RTI_IIGRS,RTI_IIGRS,True,train
1608,Thesis review status pending,My thesis review status requires clarification. The delay is affecting the next stage of my doctoral process.,Thesis_Evaluation,Thesis_Evaluation,True,train
3102,Research administration problem,An issue related to my doctoral process does not fit the available grievance categories. I have submitted the relevant documents.,Other,Other,True,test
772,Issue with research classes,My registered research courses are showing an incorrect value. I need the academic record corrected.,Course_Work,Course_Work,True,train
2992,IIGRS request pending,The status of my iigrs request has not been processed. The current status has not changed.,RTI_IIGRS,RTI_IIGRS,True,train
2945,IIGRS grievance status issue,My rti-related matter has not received a response. I have the submission reference available.,RTI_IIGRS,RTI_IIGRS,True,train
2021,Full-time to part-time conversion request,The change in my doctoral study mode requires approval. I am waiting for confirmation from the concerned office.,FT_PT_Conversion,FT_PT_Conversion,True,train
2865,RTI matter not updated,The status of my iigrs request is still pending. The current status has not changed.,RTI_IIGRS,RTI_IIGRS,True,train
1086,Research Degree Committee issue,My research matter before the rdc requires clarification. The matter was submitted through the prescribed process.,RDC,RDC,True,train
2355,Fee payment not reflected,My semester research fee has not generated a receipt. The issue is preventing completion of the required process.,Fee,Fee,True,train
1770,Thesis review status pending,The status of my thesis review requires clarification. I have been waiting for the evaluation update.,Thesis_Evaluation,Thesis_Evaluation,True,train
1326,Publication record verification issue,My research article verification requires clarification. I have already provided the required evidence.,Publication_Verification,Publication_Verification,True,test
2985,Problem with RTI/IIGRS submission,My grievance under the rti/iigrs process has not been processed. I submitted the request through the appropriate channel.,RTI_IIGRS,RTI_IIGRS,True,validation
3082,Unclassified research-related issue,My research administration matter has not been resolved. I have already contacted the concerned office.,Other,Other,True,train
1972,Viva examination not scheduled,My doctoral defense has not been scheduled. I have not received the examination schedule.,Viva,Viva,True,train
2826,IIGRS grievance status issue,My iigrs grievance is awaiting action. I submitted the request through the appropriate channel.,RTI_IIGRS,RTI_IIGRS,True,train
1404,Thesis submission record missing,My submitted thesis documents is still pending. The issue is preventing me from moving to the next stage.,Thesis_Submission,Thesis_Submission,True,train
2165,Problem with research status conversion,My request to convert from full-time to part-time has not been updated. I need the change to be reflected in my academic record.,FT_PT_Conversion,FT_PT_Conversion,True,train
2419,Fellowship payment record incorrect,The fellowship record is showing an incorrect status. I have completed the required fellowship formalities.,Fellowship,Fellowship,True,train
1973,Doctoral defense date not received,My doctoral defense is still pending. I need confirmation of the next step.,Viva,Viva,True,train
1164,Problem regarding RDC decision,The status of my rdc case is still pending. I need confirmation from the concerned office.,RDC,RDC,True,train
964,RAC schedule not received,My rac approval has not been scheduled. I need the concerned office to confirm the next step.,RAC,RAC,True,train
3095,Issue not covered by listed categories,My doctoral administrative problem is still pending. I have already contacted the concerned office.,Other,Other,True,train
1916,Viva examination not scheduled,My viva status has not been communicated. I need confirmation of the next step.,Viva,Viva,True,train
399,Registration request not processed,The research enrollment process is not reflecting the submitted information. I need the registration to be completed for my research work.,Registration,Registration,True,train
585,Supervisor allocation issue,The supervisor assigned to my phd requires review. I have not received a clear update from the concerned office.,Supervisor_Related,Supervisor_Related,True,train
949,RAC approval pending,The recommendations recorded by the rac is still pending. The matter is affecting my research timeline.,RAC,RAC,True,test
705,Course work marks not reflected,My research coursework are not reflected correctly. I need the academic record corrected.,Course_Work,Course_Work,True,validation
432,Supervisor details not updated,The supervisor assigned to my phd requires review. I have already submitted the required request.,Supervisor_Related,Supervisor_Related,True,train
1689,Delay in doctoral thesis assessment,My thesis review status requires clarification. I would like the concerned office to verify the current status.,Thesis_Evaluation,Thesis_Evaluation,True,test
293,Registration request not processed,My phd registration cannot be completed. The registration deadline is approaching.,Registration,Registration,True,test
146,Unable to complete PhD admission,My doctoral admission application is showing an incorrect status. The application was submitted before the deadline.,PhD_Admission,PhD_Admission,True,validation
324,Research registration pending,The research enrollment process has not been updated. I have completed the required registration steps.,Registration,Registration,True,test
2763,Incorrect doctoral record,My doctoral profile shows outdated details. I request the concerned office to update the record.,Portal_Data_Correction,Portal_Data_Correction,True,train
2257,Problem with doctoral fee,The payment status has not been updated. The amount was already paid successfully.,Fee,Fee,True,test
1166,RDC approval pending,The status of my rdc case has not been communicated. The required research documents have already been submitted.,RDC,RDC,True,train
1453,Thesis submission not updated,My thesis submission has not been acknowledged. The thesis was submitted through the prescribed process.,Thesis_Submission,Thesis_Submission,True,train
3,Problem during doctoral admission,The admission status in the research portal has not been approved. I have not received any further update.,PhD_Admission,PhD_Admission,True,train
1713,Issue with thesis evaluation,The status of my thesis review has not progressed. I have been waiting for the evaluation update.,Thesis_Evaluation,Thesis_Evaluation,True,train
577,Supervisor assignment pending,The doctoral supervision process requires review. The current information does not match my records.,Supervisor_Related,Supervisor_Related,True,test
2460,Problem with monthly stipend,My pending stipend has not been updated. I have not received any update from the concerned office.,Fellowship,Fellowship,True,test
340,PhD registration issue,The registration details in the portal is showing an error. I need the registration to be completed for my research work.,Registration,Registration,True,validation
2047,Research status conversion issue,The change in my doctoral study mode has not been updated. The supporting documents have already been provided.,FT_PT_Conversion,FT_PT_Conversion,True,train
1830,Viva voce scheduling issue,My viva status is still pending. My thesis evaluation has already progressed.,Viva,Viva,True,test
926,Issue regarding RAC meeting,My rac meeting has not been communicated. I need the concerned office to confirm the next step.,RAC,RAC,True,train
266,Unable to complete research registration,My registration request has not been processed. The registration deadline is approaching.,Registration,Registration,True,validation
377,Registration status not updated,My phd registration has not been processed. I need the registration to be completed for my research work.,Registration,Registration,True,train
2667,Problem with profile information,My research record in the portal does not match my official documents. I request the concerned office to update the record.,Portal_Data_Correction,Portal_Data_Correction,True,train
1772,Problem regarding thesis evaluation,The thesis assessment process has not been completed. I would like the concerned office to verify the current status.,Thesis_Evaluation,Thesis_Evaluation,True,train
1464,Thesis submission not updated,My thesis submission requires confirmation. I need confirmation that the submission was received.,Thesis_Submission,Thesis_Submission,True,test
272,Unable to complete research registration,The research enrollment process is still pending. I have completed the required registration steps.,Registration,Registration,True,train
697,Course work registration problem,My registered research courses are still pending. The issue is affecting my research progress.,Course_Work,Course_Work,True,train
3171,Issue not covered by listed categories,An administrative issue concerning my research needs attention from the concerned office. The issue is affecting my research work.,Other,Other,True,train
245,Problem with doctoral enrollment,The research enrollment process cannot be completed. All requested information has been submitted.,Registration,Registration,True,train
3003,General doctoral process grievance,An administrative issue concerning my research requires clarification. I would like the matter to be reviewed.,Other,Other,True,train
477,Request for supervisor change,The supervisor assigned to my phd is still pending. I have not received a clear update from the concerned office.,Supervisor_Related,Supervisor_Related,True,test
1950,Viva voce scheduling issue,The defense process requires clarification. I have not received the examination schedule.,Viva,Viva,True,train
1981,Issue with viva examination,My viva examination date is awaiting confirmation. I need confirmation of the next step.,Viva,Viva,True,train
814,Research Advisory Committee request pending,The next rac meeting needs clarification. The matter is affecting my research timeline.,RAC,RAC,True,train
2962,RTI/IIGRS grievance pending,My iigrs grievance requires clarification. The current status has not changed.,RTI_IIGRS,RTI_IIGRS,True,train
1954,Issue with viva examination,The viva schedule is still pending. I have completed the required pre-viva formalities.,Viva,Viva,True,test
2709,Portal record correction request,My portal data contains incorrect information. I request the concerned office to update the record.,Portal_Data_Correction,Portal_Data_Correction,True,test
2973,Issue related to RTI request,My rti-related matter is awaiting action. I am waiting for an official response.,RTI_IIGRS,RTI_IIGRS,True,validation
3149,General research grievance,An issue related to my doctoral process requires clarification. The issue is affecting my research work.,Other,Other,True,test
1165,Research Degree Committee issue,The rdc approval process requires clarification. I need confirmation from the concerned office.,RDC,RDC,True,train
1805,Issue with viva examination,My viva examination date is still pending. I have not received the examination schedule.,Viva,Viva,True,train
2322,Payment record not updated,The fee receipt has not generated a receipt. The payment was made before the deadline.,Fee,Fee,True,train
251,Registration status not updated,My enrollment record is not reflecting the submitted information. All requested information has been submitted.,Registration,Registration,True,test
414,Supervisor allocation issue,The supervisor assigned to my phd needs correction. The matter has remained unresolved for several days.,Supervisor_Related,Supervisor_Related,True,train
546,Issue regarding doctoral supervision,My supervision arrangement has not been finalized. The current information does not match my records.,Supervisor_Related,Supervisor_Related,True,train
1194,Research Degree Committee issue,My research degree committee review requires clarification. I have been waiting for the committee's decision.,RDC,RDC,True,validation
739,Course work status not updated,The coursework marks in the portal are showing an incorrect value. I completed the required academic activities.,Course_Work,Course_Work,True,validation
311,PhD registration issue,My doctoral registration status has not been updated. I need the registration to be completed for my research work.,Registration,Registration,True,train
2656,Incorrect doctoral record,My portal data is missing important information. I have the correct supporting document.,Portal_Data_Correction,Portal_Data_Correction,True,validation
894,Problem with RAC proceedings,The next rac meeting is still pending. I have been waiting for an official update.,RAC,RAC,True,train
1132,RDC approval pending,The rdc approval process has not been updated. The delay is affecting my research schedule.,RDC,RDC,True,train
1450,Thesis submission record missing,My thesis submission is showing an incorrect status. I submitted the required documents successfully.,Thesis_Submission,Thesis_Submission,True,train
3100,Issue not covered by listed categories,My doctoral administrative problem does not fit the available grievance categories. I would like the matter to be reviewed.,Other,Other,True,train
16,Unable to complete PhD admission,My phd admission request has not moved to the next stage. I have not received any further update.,PhD_Admission,PhD_Admission,True,train
2141,Part-time conversion pending,My research status conversion is showing the old status. I need the change to be reflected in my academic record.,FT_PT_Conversion,FT_PT_Conversion,True,validation
722,Course work registration problem,My registered research courses are missing from my record. I completed the required academic activities.,Course_Work,Course_Work,True,test
1421,Thesis submission status pending,The thesis submission status is not visible in the portal. The submission deadline has already passed.,Thesis_Submission,Thesis_Submission,True,train
2811,RTI/IIGRS grievance pending,My iigrs grievance requires clarification. I am waiting for an official response.,RTI_IIGRS,RTI_IIGRS,True,train
982,Problem with RAC proceedings,My rac approval has not been scheduled. The matter is affecting my research timeline.,RAC,RAC,True,validation
2252,Fee transaction issue,The payment status is still pending. The amount was already paid successfully.,Fee,Fee,True,validation
1540,Thesis submission status pending,The thesis submission status requires confirmation. I need confirmation that the submission was received.,Thesis_Submission,Thesis_Submission,True,train
2801,RTI/IIGRS grievance pending,My rti/iigrs case has not received a response. I would like the concerned office to verify the matter.,RTI_IIGRS,RTI_IIGRS,True,train
1551,Thesis submission record missing,My thesis upload is not visible in the portal. The issue is preventing me from moving to the next stage.,Thesis_Submission,Thesis_Submission,True,train
2586,Fellowship status pending,My monthly stipend has not been released. I have not received any update from the concerned office.,Fellowship,Fellowship,True,train
364,Registration status not updated,The registration details in the portal has not been updated. All requested information has been submitted.,Registration,Registration,True,train
983,RAC approval pending,The research advisory committee process requires review. The matter is affecting my research timeline.,RAC,RAC,True,train
183,PhD admission approval delayed,My admission documents is still pending. I have not received any further update.,PhD_Admission,PhD_Admission,True,test
986,RAC approval pending,The research advisory committee process is still pending. I have been waiting for an official update.,RAC,RAC,True,test
2466,Fellowship payment delayed,The fellowship record requires clarification. The delay is causing difficulty in managing my research expenses.,Fellowship,Fellowship,True,train
1195,Issue with RDC review,The rdc decision has not been communicated. The matter was submitted through the prescribed process.,RDC,RDC,True,train
2034,Problem with research status conversion,My full-time to part-time conversion application requires approval. I need the change to be reflected in my academic record.,FT_PT_Conversion,FT_PT_Conversion,True,validation
2176,Request to change research mode,The research mode recorded in the portal is still pending. The supporting documents have already been provided.,FT_PT_Conversion,FT_PT_Conversion,True,train
1122,Problem regarding RDC decision,My research matter before the rdc appears to be awaiting review. I have been waiting for the committee's decision.,RDC,RDC,True,validation
2397,Problem with doctoral fee,My semester research fee has not been updated. The payment was made before the deadline.,Fee,Fee,True,train
188,PhD admission approval delayed,My phd admission approval is still pending. I submitted all required documents on time.,PhD_Admission,PhD_Admission,True,train
620,Course work registration problem,The coursework marks in the portal are missing from my record. The concerned course has already been completed.,Course_Work,Course_Work,True,test
2700,Portal record correction request,My personal information in the research portal shows outdated details. I submitted a correction request earlier.,Portal_Data_Correction,Portal_Data_Correction,True,train
1176,Research Degree Committee issue,The status of my rdc case has not been communicated. I have been waiting for the committee's decision.,RDC,RDC,True,test
1183,Problem regarding RDC decision,My research matter before the rdc has not been communicated. The delay is affecting my research schedule.,RDC,RDC,True,train
2546,Research fellowship issue,The fellowship record has not been credited. The previous payments were processed normally.,Fellowship,Fellowship,True,train
2354,Fee payment not reflected,My doctoral fee record is showing as unpaid. The amount was already paid successfully.,Fee,Fee,True,train
615,Problem with course credits,My registered research courses are showing an incorrect value. I have supporting records for the completed work.,Course_Work,Course_Work,True,train
1514,Problem submitting doctoral thesis,The doctoral thesis submission record is not visible in the portal. The issue is preventing me from moving to the next stage.,Thesis_Submission,Thesis_Submission,True,train
1467,Issue with thesis submission,The final thesis submission process requires confirmation. I need confirmation that the submission was received.,Thesis_Submission,Thesis_Submission,True,train
402,Request for supervisor change,The supervisor information in the portal needs correction. I have already submitted the required request.,Supervisor_Related,Supervisor_Related,True,train
995,Issue regarding RAC meeting,My rac schedule requires review. I have completed the required preparation.,RAC,RAC,True,test
935,Problem with RAC proceedings,My rac meeting is still pending. I submitted the relevant research documents.,RAC,RAC,True,train
372,Registration request not processed,The research enrollment process has not been updated. I have completed the required registration steps.,Registration,Registration,True,test
3110,Unclassified research-related issue,A university research office matter needs attention from the concerned office. I would like the matter to be reviewed.,Other,Other,True,train
2317,Fee payment not reflected,My research fee payment has not generated a receipt. I have the transaction details available.,Fee,Fee,True,train
594,Supervisor allocation issue,My research supervisor allocation is causing difficulty in continuing my research. I need clarification before proceeding with my research.,Supervisor_Related,Supervisor_Related,True,train
2118,Problem with research status conversion,The change in my doctoral study mode is still pending. I submitted the required application.,FT_PT_Conversion,FT_PT_Conversion,True,validation
727,Course work registration problem,My coursework completion status are still pending. I need the academic record corrected.,Course_Work,Course_Work,True,train
827,RAC schedule not received,My rac meeting has not been communicated. I need the concerned office to confirm the next step.,RAC,RAC,True,test
1928,Viva examination not scheduled,My doctoral defense has not been communicated. I need confirmation of the next step.,Viva,Viva,True,train
2179,Part-time conversion pending,My research status conversion needs clarification. I am waiting for confirmation from the concerned office.,FT_PT_Conversion,FT_PT_Conversion,True,test
688,Course work credit issue,My coursework completion status are not reflected correctly. I need the academic record corrected.,Course_Work,Course_Work,True,validation
2804,IIGRS request pending,My iigrs grievance is awaiting action. The current status has not changed.,RTI_IIGRS,RTI_IIGRS,True,train
137,PhD admission application pending,My admission documents is still pending. I have already completed the required admission steps.,PhD_Admission,PhD_Admission,True,train
2615,Incorrect doctoral record,My name and academic details has not been corrected. I have the correct supporting document.,Portal_Data_Correction,Portal_Data_Correction,True,train
629,Problem with course credits,My coursework credits are missing from my record. I completed the required academic activities.,Course_Work,Course_Work,True,train
335,Problem with doctoral enrollment,The research enrollment process is showing an error. All requested information has been submitted.,Registration,Registration,True,train
1806,Doctoral defense date not received,The viva schedule is awaiting confirmation. The delay is affecting completion of my PhD.,Viva,Viva,True,train
391,Problem with doctoral enrollment,The research enrollment process has not been updated. I need the registration to be completed for my research work.,Registration,Registration,True,train
2469,Fellowship status pending,The fellowship amount has not been released. I have not received any update from the concerned office.,Fellowship,Fellowship,True,train
1110,RDC approval pending,The rdc approval process has not been updated. I need confirmation from the concerned office.,RDC,RDC,True,train
2572,Problem with monthly stipend,My monthly stipend has not been updated. The previous payments were processed normally.,Fellowship,Fellowship,True,train
1818,Doctoral defense date not received,My doctoral defense is still pending. The delay is affecting completion of my PhD.,Viva,Viva,True,train
3155,General doctoral process grievance,An administrative issue concerning my research is still pending. The issue is affecting my research work.,Other,Other,True,train
711,Course work registration problem,The coursework marks in the portal cannot be completed due to a portal issue. I have supporting records for the completed work.,Course_Work,Course_Work,True,train
1040,Issue with RDC review,My research degree committee review has not been communicated. The matter was submitted through the prescribed process.,RDC,RDC,True,train
2104,Research status conversion issue,My research status conversion has not been updated. I submitted the required application.,FT_PT_Conversion,FT_PT_Conversion,True,train
3079,Issue not covered by listed categories,My doctoral administrative problem does not fit the available grievance categories. I have already contacted the concerned office.,Other,Other,True,train
2769,Incorrect doctoral record,My name and academic details shows outdated details. The discrepancy is visible in my portal profile.,Portal_Data_Correction,Portal_Data_Correction,True,test
1562,Thesis submission record missing,My submitted thesis documents has not been updated. The submission deadline has already passed.,Thesis_Submission,Thesis_Submission,True,validation
2943,IIGRS grievance status issue,The status of my iigrs request has not been updated. I would like the concerned office to verify the matter.,RTI_IIGRS,RTI_IIGRS,True,test
1595,Issue with thesis submission,My thesis submission requires confirmation. The submission deadline has already passed.,Thesis_Submission,Thesis_Submission,True,test
3038,General doctoral process grievance,My doctoral administrative problem does not fit the available grievance categories. I am requesting appropriate guidance on the next step.,Other,Other,True,test
2692,Incorrect personal information in portal,My name and academic details needs to be updated. I submitted a correction request earlier.,Portal_Data_Correction,Portal_Data_Correction,True,train
1113,RDC approval pending,My research degree committee review has not progressed. The matter was submitted through the prescribed process.,RDC,RDC,True,validation
466,Supervisor assignment pending,The doctoral supervision process has not been updated. I have not received a clear update from the concerned office.,Supervisor_Related,Supervisor_Related,True,test
1561,Thesis submission not updated,My thesis submission has not been updated. The thesis was submitted through the prescribed process.,Thesis_Submission,Thesis_Submission,True,train
1224,Publication verification not completed,The publication documents submitted for verification is still pending. I have already provided the required evidence.,Publication_Verification,Publication_Verification,True,train
2421,Fellowship payment record incorrect,My pending stipend has not been credited. The payment was expected for the current month.,Fellowship,Fellowship,True,train
3164,General doctoral process grievance,My research administration matter has not received a response. I have already contacted the concerned office.,Other,Other,True,test
2508,Problem with monthly stipend,The fellowship amount requires clarification. I have not received any update from the concerned office.,Fellowship,Fellowship,True,test
1509,Problem submitting doctoral thesis,My submitted thesis documents is showing an incorrect status. I need confirmation that the submission was received.,Thesis_Submission,Thesis_Submission,True,train
2035,Full-time part-time status change,My request for a change of research status is still pending. I am waiting for confirmation from the concerned office.,FT_PT_Conversion,FT_PT_Conversion,True,test
1105,RDC approval pending,My research matter before the rdc has not progressed. I need confirmation from the concerned office.,RDC,RDC,True,test
661,Course work credit issue,My registered research courses are not reflected correctly. I have supporting records for the completed work.,Course_Work,Course_Work,True,train
2867,IIGRS request pending,My grievance under the rti/iigrs process has not received a response. I would like the concerned office to verify the matter.,RTI_IIGRS,RTI_IIGRS,True,train
339,Unable to complete research registration,The registration details in the portal is showing an error. The required documents are already available.,Registration,Registration,True,train
216,Registration request not processed,My doctoral registration status is showing an error. All requested information has been submitted.,Registration,Registration,True,train
1616,Issue with thesis evaluation,My thesis evaluation is still pending. The delay is affecting the next stage of my doctoral process.,Thesis_Evaluation,Thesis_Evaluation,True,train
1342,Publication verification pending,The verification of my published paper has not been completed. I have already provided the required evidence.,Publication_Verification,Publication_Verification,True,train
2686,Portal record correction request,My personal information in the research portal shows outdated details. I request the concerned office to update the record.,Portal_Data_Correction,Portal_Data_Correction,True,train
2517,Fellowship status pending,My research fellowship payment requires clarification. I have completed the required fellowship formalities.,Fellowship,Fellowship,True,train
2994,RTI matter not updated,The rti request submitted through the concerned process has not been processed. I am waiting for an official response.,RTI_IIGRS,RTI_IIGRS,True,train
1847,Issue with viva examination,The defense process has not been communicated. My thesis evaluation has already progressed.,Viva,Viva,True,train
1593,Thesis submission record missing,My thesis upload is still pending. The thesis was submitted through the prescribed process.,Thesis_Submission,Thesis_Submission,True,train
2079,Problem with research status conversion,My full-time to part-time conversion application has not been updated. I need the change to be reflected in my academic record.,FT_PT_Conversion,FT_PT_Conversion,True,train
1939,Doctoral defense date not received,My viva status has not been updated. I need confirmation of the next step.,Viva,Viva,True,train
3027,General doctoral process grievance,A university research office matter requires clarification. I would like the matter to be reviewed.,Other,Other,True,test
817,Problem with RAC proceedings,The next rac meeting has not been communicated. I have been waiting for an official update.,RAC,RAC,True,train
1068,Issue with RDC review,My research degree committee review has not been communicated. I have been waiting for the committee's decision.,RDC,RDC,True,train
2171,Research status conversion issue,My request for a change of research status needs clarification. I need the change to be reflected in my academic record.,FT_PT_Conversion,FT_PT_Conversion,True,train
275,Unable to complete research registration,My registration request has not been processed. I need the registration to be completed for my research work.,Registration,Registration,True,train
2402,Fellowship status pending,The fellowship record is still pending. The delay is causing difficulty in managing my research expenses.,Fellowship,Fellowship,True,train
866,Research Advisory Committee request pending,The next rac meeting has not been scheduled. I submitted the relevant research documents.,RAC,RAC,True,train
102,Admission application not updated,The admission status in the research portal has not moved to the next stage. The required documents were uploaded successfully.,PhD_Admission,PhD_Admission,True,train
1502,Issue with thesis submission,My submitted thesis documents is still pending. I need confirmation that the submission was received.,Thesis_Submission,Thesis_Submission,True,train
2837,IIGRS grievance status issue,My rti-related matter is still pending. I would like the concerned office to verify the matter.,RTI_IIGRS,RTI_IIGRS,True,train
172,Unable to complete PhD admission,The doctoral admission process has not moved to the next stage. I submitted all required documents on time.,PhD_Admission,PhD_Admission,True,train
108,Unable to complete PhD admission,The doctoral admission process is still pending. I have not received any further update.,PhD_Admission,PhD_Admission,True,train
2250,Problem with doctoral fee,My semester research fee is showing as unpaid. I need the fee record corrected.,Fee,Fee,True,test
1522,Thesis submission status pending,My thesis submission has not been acknowledged. I submitted the required documents successfully.,Thesis_Submission,Thesis_Submission,True,train
3185,Research administration problem,My research administration matter needs attention from the concerned office. I have already contacted the concerned office.,Other,Other,True,train
1827,Viva status pending,My viva examination date is awaiting confirmation. I have completed the required pre-viva formalities.,Viva,Viva,True,validation
2356,Fee payment not reflected,My doctoral fee record has not generated a receipt. I have the transaction details available.,Fee,Fee,True,train
2448,Fellowship status pending,My research fellowship payment has not been released. I have not received any update from the concerned office.,Fellowship,Fellowship,True,test
3195,General doctoral process grievance,My research-related request is still pending. The issue is affecting my research work.,Other,Other,True,train
3078,General doctoral process grievance,My doctoral administrative problem requires clarification. The issue is affecting my research work.,Other,Other,True,train
2496,Fellowship payment record incorrect,My research fellowship payment has not been credited. I have not received any update from the concerned office.,Fellowship,Fellowship,True,train
2409,Research fellowship issue,My monthly stipend has not been released. The delay is causing difficulty in managing my research expenses.,Fellowship,Fellowship,True,train
2500,Problem with monthly stipend,My monthly stipend is still pending. I have not received any update from the concerned office.,Fellowship,Fellowship,True,train
3165,Other research administration issue,My research administration matter needs attention from the concerned office. I have submitted the relevant documents.,Other,Other,True,test
2023,Research status conversion issue,My request to convert from full-time to part-time is still pending. The supporting documents have already been provided.,FT_PT_Conversion,FT_PT_Conversion,True,train
296,Problem with doctoral enrollment,The research enrollment process has not been updated. The required documents are already available.,Registration,Registration,True,train
713,Course work marks not reflected,My registered research courses have not been updated. I completed the required academic activities.,Course_Work,Course_Work,True,validation
73,PhD admission approval delayed,My phd admission request has not been updated. I have not received any further update.,PhD_Admission,PhD_Admission,True,test
1525,Thesis submission process delayed,My thesis upload has not been updated. The submission deadline has already passed.,Thesis_Submission,Thesis_Submission,True,train
3092,Other research administration issue,My research-related request is still pending. I have already contacted the concerned office.,Other,Other,True,train
3142,Other research administration issue,An issue related to my doctoral process does not fit the available grievance categories. I would like the matter to be reviewed.,Other,Other,True,train
3077,Other research administration issue,My research-related request does not fit the available grievance categories. I would like the matter to be reviewed.,Other,Other,True,validation
482,Request for supervisor change,My supervision arrangement has not been updated. I have already submitted the required request.,Supervisor_Related,Supervisor_Related,True,train
2372,Research fee status pending,My research fee payment is not reflected. The issue is preventing completion of the required process.,Fee,Fee,True,train
1531,Thesis submission status pending,The final thesis submission process is still pending. The issue is preventing me from moving to the next stage.,Thesis_Submission,Thesis_Submission,True,train
2726,Research portal details need correction,My portal data does not match my official documents. The incorrect information may affect official records.,Portal_Data_Correction,Portal_Data_Correction,True,validation
1873,Issue with viva examination,My doctoral defense requires clarification. I need confirmation of the next step.,Viva,Viva,True,train
1515,Thesis submission status pending,My submitted thesis documents has not been acknowledged. I need confirmation that the submission was received.,Thesis_Submission,Thesis_Submission,True,test
3156,Other research administration issue,A university research office matter does not fit the available grievance categories. I have submitted the relevant documents.,Other,Other,True,train
1763,Delay in doctoral thesis assessment,My thesis evaluation record has not been completed. I would like the concerned office to verify the current status.,Thesis_Evaluation,Thesis_Evaluation,True,train
1491,Thesis submission not updated,My thesis upload is showing an incorrect status. I need confirmation that the submission was received.,Thesis_Submission,Thesis_Submission,True,validation
1172,Research Degree Committee issue,My rdc proposal is still pending. The matter was submitted through the prescribed process.,RDC,RDC,True,train
2785,Portal record correction request,My name and academic details has not been corrected. The discrepancy is visible in my portal profile.,Portal_Data_Correction,Portal_Data_Correction,True,train
2866,IIGRS request pending,The rti request submitted through the concerned process has not received a response. I would like the concerned office to verify the matter.,RTI_IIGRS,RTI_IIGRS,True,train
2713,Research portal details need correction,My doctoral profile shows outdated details. The incorrect information may affect official records.,Portal_Data_Correction,Portal_Data_Correction,True,train
2611,Incorrect personal information in portal,My doctoral profile shows outdated details. I request the concerned office to update the record.,Portal_Data_Correction,Portal_Data_Correction,True,train
2370,Fee transaction issue,The fee transaction in the portal is still pending. The amount was already paid successfully.,Fee,Fee,True,test
2430,Stipend not credited,My scholarship payment is still pending. The payment was expected for the current month.,Fellowship,Fellowship,True,train
406,Supervisor assignment pending,My research supervisor allocation is causing difficulty in continuing my research. I have already submitted the required request.,Supervisor_Related,Supervisor_Related,True,test
758,Course work registration problem,My coursework credits have not been updated. I have supporting records for the completed work.,Course_Work,Course_Work,True,train
3151,Other research administration issue,My doctoral administrative problem needs attention from the concerned office. The issue is affecting my research work.,Other,Other,True,train
3084,General research grievance,My research-related request is still pending. I am requesting appropriate guidance on the next step.,Other,Other,True,train
2429,Fellowship payment delayed,My monthly stipend has not been released. The payment was expected for the current month.,Fellowship,Fellowship,True,train
98,PhD admission approval delayed,The doctoral admission process has not been approved. I have not received any further update.,PhD_Admission,PhD_Admission,True,train
1334,Publication verification pending,My research publication verification has not been processed. The publication details are available for verification.,Publication_Verification,Publication_Verification,True,train
2551,Research fellowship issue,My pending stipend has not been released. I have completed the required fellowship formalities.,Fellowship,Fellowship,True,validation
744,Course work status not updated,My coursework completion status cannot be completed due to a portal issue. I need the academic record corrected.,Course_Work,Course_Work,True,train
807,Issue regarding RAC meeting,My rac meeting needs clarification. The matter is affecting my research timeline.,RAC,RAC,True,test
2957,IIGRS request pending,My rti-related matter has not been processed. I submitted the request through the appropriate channel.,RTI_IIGRS,RTI_IIGRS,True,test
2111,Research status conversion issue,The change in my doctoral study mode requires approval. The supporting documents have already been provided.,FT_PT_Conversion,FT_PT_Conversion,True,train
2669,Incorrect doctoral record,My portal data contains incorrect information. The discrepancy is visible in my portal profile.,Portal_Data_Correction,Portal_Data_Correction,True,train
1536,Issue with thesis submission,The final thesis submission process is still pending. The thesis was submitted through the prescribed process.,Thesis_Submission,Thesis_Submission,True,train
2233,Research fee payment issue,The fee transaction in the portal is not reflected. The payment was made before the deadline.,Fee,Fee,True,test
3131,General research grievance,My research-related request requires clarification. I am requesting appropriate guidance on the next step.,Other,Other,True,train
2639,Portal record correction request,My personal information in the research portal needs to be updated. I request the concerned office to update the record.,Portal_Data_Correction,Portal_Data_Correction,True,train
149,PhD admission application pending,My phd admission approval has not been approved. I have not received any further update.,PhD_Admission,PhD_Admission,True,train
2038,Part-time conversion pending,The change in my doctoral study mode needs clarification. I am waiting for confirmation from the concerned office.,FT_PT_Conversion,FT_PT_Conversion,True,validation
2195,Part-time conversion pending,My request for a change of research status needs clarification. The request was submitted through the prescribed process.,FT_PT_Conversion,FT_PT_Conversion,True,train
2114,Part-time conversion pending,The change in my doctoral study mode has not been processed. I am waiting for confirmation from the concerned office.,FT_PT_Conversion,FT_PT_Conversion,True,validation
1316,Publication record verification issue,The publication documents submitted for verification requires clarification. The publication details are available for verification.,Publication_Verification,Publication_Verification,True,train
693,Course work status not updated,The coursework marks in the portal are not reflected correctly. The issue is affecting my research progress.,Course_Work,Course_Work,True,train
819,RAC approval pending,My rac approval has not been updated. I submitted the relevant research documents.,RAC,RAC,True,train
1729,Thesis evaluation delayed,The status of my thesis review has not been completed. My thesis has already been submitted.,Thesis_Evaluation,Thesis_Evaluation,True,test
1387,Publication record verification issue,The verification of my published paper has not been completed. I have already provided the required evidence.,Publication_Verification,Publication_Verification,True,validation
1846,Doctoral defense date not received,My viva status requires clarification. I have not received the examination schedule.,Viva,Viva,True,test
2440,Stipend not credited,The fellowship amount has not been credited. I have completed the required fellowship formalities.,Fellowship,Fellowship,True,train
2787,Research portal data correction,My name and academic details contains incorrect information. I have the correct supporting document.,Portal_Data_Correction,Portal_Data_Correction,True,train
1600,Thesis submission not updated,My submitted thesis documents is showing an incorrect status. The issue is preventing me from moving to the next stage.,Thesis_Submission,Thesis_Submission,True,train
2722,Research portal details need correction,The information displayed in my account does not match my official documents. The incorrect information may affect official records.,Portal_Data_Correction,Portal_Data_Correction,True,train
2623,Portal record correction request,The information displayed in my account shows outdated details. I request the concerned office to update the record.,Portal_Data_Correction,Portal_Data_Correction,True,train
702,Course work credit issue,The coursework classes are showing an incorrect value. The issue is affecting my research progress.,Course_Work,Course_Work,True,test
1500,Problem submitting doctoral thesis,The doctoral thesis submission record has not been acknowledged. The thesis was submitted through the prescribed process.,Thesis_Submission,Thesis_Submission,True,test
2836,IIGRS grievance status issue,The rti request submitted through the concerned process requires clarification. The current status has not changed.,RTI_IIGRS,RTI_IIGRS,True,test
922,RAC approval pending,The next rac meeting has not been communicated. The matter is affecting my research timeline.,RAC,RAC,True,train
1425,Thesis submission not updated,My thesis submission is still pending. The issue is preventing me from moving to the next stage.,Thesis_Submission,Thesis_Submission,True,validation
1709,Thesis review status pending,The thesis assessment process has not been completed. The delay is affecting the next stage of my doctoral process.,Thesis_Evaluation,Thesis_Evaluation,True,train
906,Research Advisory Committee request pending,The research advisory committee process needs clarification. I have completed the required preparation.,RAC,RAC,True,validation
455,Problem with research supervisor,The supervisor assigned to my phd has not been updated. I have already submitted the required request.,Supervisor_Related,Supervisor_Related,True,train
2227,Research fee status pending,My research fee payment has not generated a receipt. I have the transaction details available.,Fee,Fee,True,train
2242,Problem with doctoral fee,My research fee payment appears to contain an incorrect amount. The amount was already paid successfully.,Fee,Fee,True,train
2464,Stipend not credited,My monthly stipend is showing an incorrect status. I have not received any update from the concerned office.,Fellowship,Fellowship,True,train
2217,Fee payment not reflected,The payment status is showing as unpaid. I have the transaction details available.,Fee,Fee,True,train
168,Problem during doctoral admission,The doctoral admission process is awaiting verification. The required documents were uploaded successfully.,PhD_Admission,PhD_Admission,True,train
731,Issue with research classes,My coursework credits are not reflected correctly. I have supporting records for the completed work.,Course_Work,Course_Work,True,train
2310,Problem with doctoral fee,My research fee payment is still pending. I need the fee record corrected.,Fee,Fee,True,train
1311,Paper verification request delayed,The verification of my published paper is awaiting verification. The delay is affecting my research documentation.,Publication_Verification,Publication_Verification,True,validation
2458,Research fellowship issue,My scholarship payment has not been credited. I have not received any update from the concerned office.,Fellowship,Fellowship,True,train
27,Issue with PhD admission status,My admission documents is awaiting verification. I submitted all required documents on time.,PhD_Admission,PhD_Admission,True,train
2005,Research status conversion issue,The change in my doctoral study mode needs clarification. The request was submitted through the prescribed process.,FT_PT_Conversion,FT_PT_Conversion,True,train
2130,Part-time conversion pending,My request for a change of research status needs clarification. The supporting documents have already been provided.,FT_PT_Conversion,FT_PT_Conversion,True,train
1898,Doctoral defense date not received,The viva schedule has not been scheduled. I have not received the examination schedule.,Viva,Viva,True,train
1653,Thesis evaluation delayed,My thesis review status requires clarification. I have been waiting for the evaluation update.,Thesis_Evaluation,Thesis_Evaluation,True,train
1623,Thesis evaluation delayed,The status of my thesis review appears to be delayed. I would like the concerned office to verify the current status.,Thesis_Evaluation,Thesis_Evaluation,True,train
588,Issue regarding doctoral supervision,The doctoral supervision process is still pending. I have already submitted the required request.,Supervisor_Related,Supervisor_Related,True,train
1402,Thesis submission process delayed,My thesis submission is still pending. I submitted the required documents successfully.,Thesis_Submission,Thesis_Submission,True,train
998,RAC meeting issue,The next rac meeting is still pending. I need the concerned office to confirm the next step.,RAC,RAC,True,train
1177,Research Degree Committee issue,My research degree committee review appears to be awaiting review. The matter was submitted through the prescribed process.,RDC,RDC,True,test
1701,Thesis evaluation delayed,My thesis review status has not been updated. I have been waiting for the evaluation update.,Thesis_Evaluation,Thesis_Evaluation,True,test
1041,RDC approval pending,My research matter before the rdc requires clarification. The required research documents have already been submitted.,RDC,RDC,True,train
34,PhD admission approval delayed,My phd admission approval is still pending. The required documents were uploaded successfully.,PhD_Admission,PhD_Admission,True,train
3145,Issue not covered by listed categories,My research-related request requires clarification. I have already contacted the concerned office.,Other,Other,True,train
2530,Fellowship payment record incorrect,My research fellowship payment has not been released. The previous payments were processed normally.,Fellowship,Fellowship,True,validation
1380,Publication verification not completed,My research publication verification has not been processed. The publication details are available for verification.,Publication_Verification,Publication_Verification,True,train
42,PhD admission application pending,My phd admission approval is still pending. I submitted all required documents on time.,PhD_Admission,PhD_Admission,True,train
1877,Doctoral defense date not received,My viva status has not been updated. The delay is affecting completion of my PhD.,Viva,Viva,True,train
2052,Full-time part-time status change,My full-time to part-time conversion application needs clarification. I am waiting for confirmation from the concerned office.,FT_PT_Conversion,FT_PT_Conversion,True,train
2343,Fee transaction issue,The payment status appears to contain an incorrect amount. I have the transaction details available.,Fee,Fee,True,train
2781,Portal record correction request,The information displayed in my account is missing important information. I request the concerned office to update the record.,Portal_Data_Correction,Portal_Data_Correction,True,train
2313,Payment record not updated,My research fee payment has not generated a receipt. I need the fee record corrected.,Fee,Fee,True,train
3140,General doctoral process grievance,My doctoral administrative problem has not received a response. I have submitted the relevant documents.,Other,Other,True,train
1751,Issue with thesis evaluation,My thesis review status requires clarification. I have not received an official evaluation status.,Thesis_Evaluation,Thesis_Evaluation,True,test
610,Course work registration problem,My research coursework have not been updated. I need the academic record corrected.,Course_Work,Course_Work,True,train
1133,RDC approval pending,The rdc decision is still pending. I have been waiting for the committee's decision.,RDC,RDC,True,test
29,Unable to complete PhD admission,My doctoral admission application has not been updated. I submitted all required documents on time.,PhD_Admission,PhD_Admission,True,train
442,Supervisor assignment pending,The supervisor assigned to my phd requires review. The matter has remained unresolved for several days.,Supervisor_Related,Supervisor_Related,True,train
666,Problem with course credits,The coursework marks in the portal have not been updated. I have supporting records for the completed work.,Course_Work,Course_Work,True,test
2777,Portal record correction request,My portal data shows outdated details. I request the concerned office to update the record.,Portal_Data_Correction,Portal_Data_Correction,True,test
494,Problem with research supervisor,My request for a supervisor change requires review. The current information does not match my records.,Supervisor_Related,Supervisor_Related,True,train
1259,Publication verification not completed,My publication record requires clarification. The delay is affecting my research documentation.,Publication_Verification,Publication_Verification,True,train
1302,Problem verifying research publication,My research publication verification has not been completed. I submitted the publication documents as requested.,Publication_Verification,Publication_Verification,True,validation
2711,Incorrect personal information in portal,My personal information in the research portal needs to be updated. The discrepancy is visible in my portal profile.,Portal_Data_Correction,Portal_Data_Correction,True,train
2527,Fellowship payment record incorrect,My scholarship payment has not been credited. The payment was expected for the current month.,Fellowship,Fellowship,True,train
1383,Publication verification pending,My publication record is awaiting verification. The delay is affecting my research documentation.,Publication_Verification,Publication_Verification,True,test
1305,Publication record verification issue,The publication documents submitted for verification has not been updated. I need the verification for my academic record.,Publication_Verification,Publication_Verification,True,validation
237,Registration request not processed,The research enrollment process is not reflecting the submitted information. The required documents are already available.,Registration,Registration,True,train
521,Issue regarding doctoral supervision,My research supervisor allocation is causing difficulty in continuing my research. I need clarification before proceeding with my research.,Supervisor_Related,Supervisor_Related,True,train
736,Course work marks not reflected,My research coursework are still pending. I completed the required academic activities.,Course_Work,Course_Work,True,test
2833,IIGRS grievance status issue,The status of my iigrs request has not received a response. I submitted the request through the appropriate channel.,RTI_IIGRS,RTI_IIGRS,True,train
593,Supervisor details not updated,The supervisor information in the portal requires review. The current information does not match my records.,Supervisor_Related,Supervisor_Related,True,train
1304,Publication verification pending,My research article verification is still pending. The delay is affecting my research documentation.,Publication_Verification,Publication_Verification,True,train
1388,Publication record verification issue,My publication record has not been updated. I have already provided the required evidence.,Publication_Verification,Publication_Verification,True,test
2087,Research status conversion issue,The research mode recorded in the portal is showing the old status. I submitted the required application.,FT_PT_Conversion,FT_PT_Conversion,True,validation
2383,Research fee status pending,The fee transaction in the portal is not reflected. The payment was made before the deadline.,Fee,Fee,True,train
3128,Research administration problem,My research administration matter needs attention from the concerned office. I am requesting appropriate guidance on the next step.,Other,Other,True,train
905,RAC meeting issue,The recommendations recorded by the rac has not been communicated. I submitted the relevant research documents.,RAC,RAC,True,train
2716,Incorrect personal information in portal,My name and academic details is missing important information. I submitted a correction request earlier.,Portal_Data_Correction,Portal_Data_Correction,True,test
1280,Paper verification request delayed,The paper verification request has not been completed. I submitted the publication documents as requested.,Publication_Verification,Publication_Verification,True,train
2564,Fellowship payment record incorrect,My monthly stipend has not been updated. The payment was expected for the current month.,Fellowship,Fellowship,True,train
3070,General doctoral process grievance,An administrative issue concerning my research needs attention from the concerned office. I would like the matter to be reviewed.,Other,Other,True,validation
2549,Research fellowship issue,My monthly stipend has not been updated. The previous payments were processed normally.,Fellowship,Fellowship,True,test
2632,Portal record correction request,My personal information in the research portal shows outdated details. The incorrect information may affect official records.,Portal_Data_Correction,Portal_Data_Correction,True,train
2543,Stipend not credited,My research fellowship payment is showing an incorrect status. The delay is causing difficulty in managing my research expenses.,Fellowship,Fellowship,True,validation
707,Course work status not updated,My research coursework are showing an incorrect value. The concerned course has already been completed.,Course_Work,Course_Work,True,validation
2820,Issue related to RTI request,The rti request submitted through the concerned process is still pending. I am waiting for an official response.,RTI_IIGRS,RTI_IIGRS,True,test
746,Course work status not updated,My coursework credits are showing an incorrect value. I need the academic record corrected.,Course_Work,Course_Work,True,train
1940,Doctoral defense date not received,The defense process requires clarification. My thesis evaluation has already progressed.,Viva,Viva,True,train
2107,Full-time to part-time conversion request,My request for a change of research status has not been processed. I need the change to be reflected in my academic record.,FT_PT_Conversion,FT_PT_Conversion,True,train
514,Supervisor allocation issue,My research supervisor allocation has not been finalized. I have already submitted the required request.,Supervisor_Related,Supervisor_Related,True,train
82,Admission application not updated,My doctoral admission application is showing an incorrect status. I have already completed the required admission steps.,PhD_Admission,PhD_Admission,True,train
1309,Publication verification pending,My publication record has not been completed. I have already provided the required evidence.,Publication_Verification,Publication_Verification,True,train
2664,Problem with profile information,My research record in the portal needs to be updated. The discrepancy is visible in my portal profile.,Portal_Data_Correction,Portal_Data_Correction,True,train
915,RAC schedule not received,The recommendations recorded by the rac has not been communicated. I submitted the relevant research documents.,RAC,RAC,True,train
2947,Issue related to RTI request,My rti/iigrs case has not been updated. I am waiting for an official response.,RTI_IIGRS,RTI_IIGRS,True,train
775,Course work status not updated,My coursework credits are not reflected correctly. I completed the required academic activities.,Course_Work,Course_Work,True,test
330,Problem with doctoral enrollment,My phd registration has not been processed. I have completed the required registration steps.,Registration,Registration,True,train
2055,Full-time to part-time conversion request,My full-time to part-time conversion application has not been updated. The supporting documents have already been provided.,FT_PT_Conversion,FT_PT_Conversion,True,train
2002,Problem with research status conversion,My request for a change of research status is showing the old status. The supporting documents have already been provided.,FT_PT_Conversion,FT_PT_Conversion,True,validation
944,RAC approval pending,My rac schedule has not been communicated. I have completed the required preparation.,RAC,RAC,True,train
823,RAC meeting issue,My rac schedule requires review. I have completed the required preparation.,RAC,RAC,True,validation
910,RAC schedule not received,My rac meeting has not been scheduled. I submitted the relevant research documents.,RAC,RAC,True,train
182,Problem during doctoral admission,My admission documents has not moved to the next stage. The application was submitted before the deadline.,PhD_Admission,PhD_Admission,True,validation
165,Unable to complete PhD admission,My phd admission approval is showing an incorrect status. I have already completed the required admission steps.,PhD_Admission,PhD_Admission,True,train
1524,Problem submitting doctoral thesis,The doctoral thesis submission record has not been updated. I need confirmation that the submission was received.,Thesis_Submission,Thesis_Submission,True,train
452,Supervisor assignment pending,My research supervisor allocation is still pending. I have already submitted the required request.,Supervisor_Related,Supervisor_Related,True,validation
1312,Problem verifying research publication,The paper verification request has not been processed. The publication details are available for verification.,Publication_Verification,Publication_Verification,True,train
1112,Research Degree Committee issue,The rdc approval process has not progressed. The delay is affecting my research schedule.,RDC,RDC,True,train
1288,Publication record verification issue,The publication documents submitted for verification has not been completed. The delay is affecting my research documentation.,Publication_Verification,Publication_Verification,True,train
328,Problem with doctoral enrollment,My registration request has not been updated. The registration deadline is approaching.,Registration,Registration,True,train
1791,Thesis evaluation not updated,My thesis evaluation record has not progressed. I have not received an official evaluation status.,Thesis_Evaluation,Thesis_Evaluation,True,train
2835,IIGRS grievance status issue,My rti-related matter is awaiting action. I would like the concerned office to verify the matter.,RTI_IIGRS,RTI_IIGRS,True,train
2008,Problem with research status conversion,The change in my doctoral study mode has not been processed. I need the change to be reflected in my academic record.,FT_PT_Conversion,FT_PT_Conversion,True,train
1859,Problem regarding doctoral defense,The defense process has not been updated. The delay is affecting completion of my PhD.,Viva,Viva,True,train
313,Registration request not processed,My doctoral registration status is not reflecting the submitted information. I have completed the required registration steps.,Registration,Registration,True,validation
833,Problem with RAC proceedings,The recommendations recorded by the rac has not been updated. I submitted the relevant research documents.,RAC,RAC,True,train
1202,Problem verifying research publication,The verification of my published paper is awaiting verification. I submitted the publication documents as requested.,Publication_Verification,Publication_Verification,True,train
2474,Fellowship payment record incorrect,My monthly stipend has not been released. The previous payments were processed normally.,Fellowship,Fellowship,True,train
2561,Fellowship status pending,My scholarship payment has not been credited. The delay is causing difficulty in managing my research expenses.,Fellowship,Fellowship,True,train
2483,Problem with monthly stipend,My pending stipend is still pending. I have completed the required fellowship formalities.,Fellowship,Fellowship,True,train
1482,Problem submitting doctoral thesis,The thesis submission status is still pending. I need confirmation that the submission was received.,Thesis_Submission,Thesis_Submission,True,validation
778,Course work registration problem,My research coursework are showing an incorrect value. I need the academic record corrected.,Course_Work,Course_Work,True,train
800,Course work registration problem,My coursework credits cannot be completed due to a portal issue. I completed the required academic activities.,Course_Work,Course_Work,True,train
55,Problem during doctoral admission,The doctoral admission process has not been approved. I have already completed the required admission steps.,PhD_Admission,PhD_Admission,True,train
1921,Problem regarding doctoral defense,My viva status requires clarification. The delay is affecting completion of my PhD.,Viva,Viva,True,train
2759,Research portal data correction,My doctoral profile has not been corrected. I have the correct supporting document.,Portal_Data_Correction,Portal_Data_Correction,True,train
2703,Problem with profile information,My personal information in the research portal contains incorrect information. The discrepancy is visible in my portal profile.,Portal_Data_Correction,Portal_Data_Correction,True,validation
1702,Delay in doctoral thesis assessment,The evaluation of my doctoral thesis has not been completed. The delay is affecting the next stage of my doctoral process.,Thesis_Evaluation,Thesis_Evaluation,True,train
2996,Problem with RTI/IIGRS submission,The rti request submitted through the concerned process is awaiting action. I am waiting for an official response.,RTI_IIGRS,RTI_IIGRS,True,train
988,Issue regarding RAC meeting,My rac meeting has not been scheduled. I submitted the relevant research documents.,RAC,RAC,True,validation
2304,Problem with doctoral fee,My doctoral fee record has not generated a receipt. The payment was made before the deadline.,Fee,Fee,True,train
1395,Publication record verification issue,The verification of my published paper has not been updated. The publication details are available for verification.,Publication_Verification,Publication_Verification,True,train
769,Problem with course credits,My coursework completion status are not reflected correctly. I need the academic record corrected.,Course_Work,Course_Work,True,test
2832,IIGRS grievance status issue,The rti request submitted through the concerned process has not been updated. I would like the concerned office to verify the matter.,RTI_IIGRS,RTI_IIGRS,True,train
286,Problem with doctoral enrollment,The registration details in the portal is showing an error. All requested information has been submitted.,Registration,Registration,True,train
2817,RTI matter not updated,My rti-related matter has not received a response. I submitted the request through the appropriate channel.,RTI_IIGRS,RTI_IIGRS,True,train
429,Supervisor allocation issue,My request for a supervisor change is causing difficulty in continuing my research. The current information does not match my records.,Supervisor_Related,Supervisor_Related,True,train
2080,Part-time conversion pending,My request for a change of research status requires approval. The request was submitted through the prescribed process.,FT_PT_Conversion,FT_PT_Conversion,True,train
723,Course work registration problem,My research coursework are still pending. I have supporting records for the completed work.,Course_Work,Course_Work,True,train
952,RAC schedule not received,The recommendations recorded by the rac requires review. I need the concerned office to confirm the next step.,RAC,RAC,True,train
990,RAC schedule not received,My rac meeting has not been communicated. I have been waiting for an official update.,RAC,RAC,True,train
2982,RTI matter not updated,My rti/iigrs case is still pending. I submitted the request through the appropriate channel.,RTI_IIGRS,RTI_IIGRS,True,validation
2172,Request to change research mode,My request to convert from full-time to part-time is showing the old status. The request was submitted through the prescribed process.,FT_PT_Conversion,FT_PT_Conversion,True,test
327,Problem with doctoral enrollment,My doctoral registration status is showing an error. I need the registration to be completed for my research work.,Registration,Registration,True,test
1384,Publication record verification issue,The paper verification request requires clarification. I have already provided the required evidence.,Publication_Verification,Publication_Verification,True,train
1725,Issue with thesis evaluation,The thesis assessment process appears to be delayed. My thesis has already been submitted.,Thesis_Evaluation,Thesis_Evaluation,True,train
1087,RDC meeting request pending,The rdc approval process has not been updated. The delay is affecting my research schedule.,RDC,RDC,True,train
342,PhD registration issue,My phd registration is showing an error. The registration deadline is approaching.,Registration,Registration,True,validation
148,PhD admission application pending,My doctoral admission application is showing an incorrect status. The required documents were uploaded successfully.,PhD_Admission,PhD_Admission,True,train
2499,Problem with monthly stipend,My scholarship payment has not been updated. The delay is causing difficulty in managing my research expenses.,Fellowship,Fellowship,True,train
1108,Issue with RDC review,My rdc proposal has not progressed. The delay is affecting my research schedule.,RDC,RDC,True,train
849,RAC approval pending,The next rac meeting is still pending. I submitted the relevant research documents.,RAC,RAC,True,train
967,Research Advisory Committee request pending,My rac schedule is still pending. The matter is affecting my research timeline.,RAC,RAC,True,train
2631,Incorrect doctoral record,My doctoral profile has not been corrected. The discrepancy is visible in my portal profile.,Portal_Data_Correction,Portal_Data_Correction,True,train
662,Course work status not updated,My coursework credits are not reflected correctly. I need the academic record corrected.,Course_Work,Course_Work,True,test
1003,Problem regarding RDC decision,My research degree committee review is still pending. The matter was submitted through the prescribed process.,RDC,RDC,True,train
2501,Research fellowship issue,My scholarship payment requires clarification. The previous payments were processed normally.,Fellowship,Fellowship,True,validation
2688,Problem with profile information,My portal data is missing important information. I have the correct supporting document.,Portal_Data_Correction,Portal_Data_Correction,True,train
2834,Problem with RTI/IIGRS submission,My grievance under the rti/iigrs process is still pending. I am waiting for an official response.,RTI_IIGRS,RTI_IIGRS,True,test
1880,Viva voce scheduling issue,My viva voce examination has not been communicated. I need confirmation of the next step.,Viva,Viva,True,train
3007,General doctoral process grievance,An issue related to my doctoral process has not received a response. I have submitted the relevant documents.,Other,Other,True,train
1204,Publication record verification issue,The paper verification request requires clarification. The delay is affecting my research documentation.,Publication_Verification,Publication_Verification,True,train
1991,Issue with viva examination,My viva voce examination is awaiting confirmation. I have not received the examination schedule.,Viva,Viva,True,train
25,PhD admission application pending,The doctoral admission process is awaiting verification. I have not received any further update.,PhD_Admission,PhD_Admission,True,test
3000,RTI matter not updated,The status of my iigrs request has not been updated. I am waiting for an official response.,RTI_IIGRS,RTI_IIGRS,True,train
2169,Request to change research mode,My full-time to part-time conversion application needs clarification. The request was submitted through the prescribed process.,FT_PT_Conversion,FT_PT_Conversion,True,train
2222,Fee transaction issue,The payment status has not generated a receipt. The payment was made before the deadline.,Fee,Fee,True,train
2459,Fellowship payment delayed,My scholarship payment has not been credited. The payment was expected for the current month.,Fellowship,Fellowship,True,train
876,Research Advisory Committee request pending,My rac meeting is still pending. I need the concerned office to confirm the next step.,RAC,RAC,True,train
2876,RTI matter not updated,My rti-related matter has not been updated. I have the submission reference available.,RTI_IIGRS,RTI_IIGRS,True,validation
939,RAC approval pending,My rac approval needs clarification. The matter is affecting my research timeline.,RAC,RAC,True,train
2677,Portal record correction request,My doctoral profile has not been corrected. The incorrect information may affect official records.,Portal_Data_Correction,Portal_Data_Correction,True,train
3169,General doctoral process grievance,A university research office matter requires clarification. I have submitted the relevant documents.,Other,Other,True,validation
386,PhD registration issue,My doctoral registration status has not been processed. I need the registration to be completed for my research work.,Registration,Registration,True,train
2453,Fellowship payment record incorrect,My research fellowship payment requires clarification. I have not received any update from the concerned office.,Fellowship,Fellowship,True,validation
2678,Portal record correction request,The information displayed in my account has not been corrected. I request the concerned office to update the record.,Portal_Data_Correction,Portal_Data_Correction,True,validation
2350,Fee payment not reflected,My semester research fee has not been updated. The payment was made before the deadline.,Fee,Fee,True,validation
2234,Problem with doctoral fee,The fee receipt is still pending. The payment was made before the deadline.,Fee,Fee,True,train
937,RAC meeting issue,My rac schedule has not been updated. I have completed the required preparation.,RAC,RAC,True,train
2753,Research portal details need correction,The information displayed in my account shows outdated details. The incorrect information may affect official records.,Portal_Data_Correction,Portal_Data_Correction,True,train
3118,Unclassified research-related issue,A university research office matter has not been resolved. The issue is affecting my research work.,Other,Other,True,train
1333,Publication verification pending,The publication documents submitted for verification has not been completed. I submitted the publication documents as requested.,Publication_Verification,Publication_Verification,True,test
1935,Issue with viva examination,The viva schedule has not been updated. I have completed the required pre-viva formalities.,Viva,Viva,True,validation
936,Issue regarding RAC meeting,The next rac meeting has not been scheduled. I submitted the relevant research documents.,RAC,RAC,True,train
567,Supervisor allocation issue,The doctoral supervision process has not been finalized. I have already submitted the required request.,Supervisor_Related,Supervisor_Related,True,train
1855,Problem regarding doctoral defense,The defense process requires clarification. I have not received the examination schedule.,Viva,Viva,True,validation
2591,Fellowship payment record incorrect,My pending stipend requires clarification. I have not received any update from the concerned office.,Fellowship,Fellowship,True,train
1646,Thesis evaluation delayed,My thesis evaluation record requires clarification. The delay is affecting the next stage of my doctoral process.,Thesis_Evaluation,Thesis_Evaluation,True,test
2267,Research fee status pending,The fee transaction in the portal is still pending. The payment was made before the deadline.,Fee,Fee,True,train
1793,Problem regarding thesis evaluation,The status of my thesis review is still pending. I have not received an official evaluation status.,Thesis_Evaluation,Thesis_Evaluation,True,train
1431,Issue with thesis submission,My submitted thesis documents requires confirmation. I submitted the required documents successfully.,Thesis_Submission,Thesis_Submission,True,test
2481,Fellowship payment record incorrect,My scholarship payment has not been released. I have completed the required fellowship formalities.,Fellowship,Fellowship,True,train
1014,Problem regarding RDC decision,The status of my rdc case is still pending. The delay is affecting my research schedule.,RDC,RDC,True,train
1929,Viva status pending,My doctoral defense has not been scheduled. My thesis evaluation has already progressed.,Viva,Viva,True,train
2406,Problem with monthly stipend,My monthly stipend is still pending. I have completed the required fellowship formalities.,Fellowship,Fellowship,True,train
127,PhD admission application pending,My phd admission request has not been updated. The required documents were uploaded successfully.,PhD_Admission,PhD_Admission,True,train
2239,Fee transaction issue,The fee transaction in the portal is showing as unpaid. I have the transaction details available.,Fee,Fee,True,train
1348,Publication verification not completed,The paper verification request is awaiting verification. The delay is affecting my research documentation.,Publication_Verification,Publication_Verification,True,train
356,Registration request not processed,My registration request is not reflecting the submitted information. I have completed the required registration steps.,Registration,Registration,True,train
828,Issue regarding RAC meeting,My rac schedule requires review. I have been waiting for an official update.,RAC,RAC,True,train
1640,Thesis evaluation delayed,The evaluation of my doctoral thesis requires clarification. The delay is affecting the next stage of my doctoral process.,Thesis_Evaluation,Thesis_Evaluation,True,train
985,Issue regarding RAC meeting,My rac approval requires review. I have completed the required preparation.,RAC,RAC,True,validation
363,Problem with doctoral enrollment,The registration details in the portal is still pending. The required documents are already available.,Registration,Registration,True,train
346,Unable to complete research registration,My doctoral registration status is not reflecting the submitted information. I need the registration to be completed for my research work.,Registration,Registration,True,train
2470,Fellowship payment record incorrect,The fellowship amount has not been credited. I have not received any update from the concerned office.,Fellowship,Fellowship,True,train
2714,Incorrect doctoral record,My research record in the portal is missing important information. I submitted a correction request earlier.,Portal_Data_Correction,Portal_Data_Correction,True,train
712,Course work marks not reflected,My coursework completion status are showing an incorrect value. The issue is affecting my research progress.,Course_Work,Course_Work,True,train
2212,Fee payment not reflected,My research fee payment is not reflected. I need the fee record corrected.,Fee,Fee,True,train
11,Unable to complete PhD admission,My doctoral admission application is awaiting verification. The application was submitted before the deadline.,PhD_Admission,PhD_Admission,True,train
2580,Fellowship payment record incorrect,The fellowship amount has not been released. The previous payments were processed normally.,Fellowship,Fellowship,True,train
2117,Full-time to part-time conversion request,My research status conversion is showing the old status. The supporting documents have already been provided.,FT_PT_Conversion,FT_PT_Conversion,True,test
1835,Viva examination not scheduled,The defense process requires clarification. I have not received the examination schedule.,Viva,Viva,True,validation
794,Course work marks not reflected,My registered research courses have not been updated. I need the academic record corrected.,Course_Work,Course_Work,True,train
2952,Problem with RTI/IIGRS submission,The rti request submitted through the concerned process has not received a response. I am waiting for an official response.,RTI_IIGRS,RTI_IIGRS,True,test
95,Issue with PhD admission status,The admission status in the research portal has not moved to the next stage. The application was submitted before the deadline.,PhD_Admission,PhD_Admission,True,train
130,Problem during doctoral admission,The admission status in the research portal has not been approved. I have already completed the required admission steps.,PhD_Admission,PhD_Admission,True,test
2395,Research fee payment issue,My doctoral fee record has not generated a receipt. I have the transaction details available.,Fee,Fee,True,train
3098,Other research administration issue,A university research office matter is still pending. I would like the matter to be reviewed.,Other,Other,True,validation
1901,Problem regarding doctoral defense,My viva examination date has not been updated. I need confirmation of the next step.,Viva,Viva,True,train
3134,Issue not covered by listed categories,An issue related to my doctoral process does not fit the available grievance categories. I am requesting appropriate guidance on the next step.,Other,Other,True,train
1933,Viva status pending,The viva schedule requires clarification. I need confirmation of the next step.,Viva,Viva,True,test
2571,Stipend not credited,My research fellowship payment has not been released. The delay is causing difficulty in managing my research expenses.,Fellowship,Fellowship,True,validation
1866,Problem regarding doctoral defense,My viva status has not been updated. I have completed the required pre-viva formalities.,Viva,Viva,True,train
1659,Thesis review status pending,My thesis review status is still pending. I would like the concerned office to verify the current status.,Thesis_Evaluation,Thesis_Evaluation,True,train
517,Request for supervisor change,My research supervisor allocation has not been finalized. I have already submitted the required request.,Supervisor_Related,Supervisor_Related,True,train
1858,Viva status pending,My viva status has not been updated. I have completed the required pre-viva formalities.,Viva,Viva,True,train
1278,Paper verification request delayed,The publication documents submitted for verification has not been completed. I submitted the publication documents as requested.,Publication_Verification,Publication_Verification,True,train
951,Issue regarding RAC meeting,The recommendations recorded by the rac requires review. I submitted the relevant research documents.,RAC,RAC,True,validation
1121,RDC proposal status not updated,The rdc approval process requires clarification. I need confirmation from the concerned office.,RDC,RDC,True,train
2205,Payment record not updated,The payment status is showing as unpaid. The amount was already paid successfully.,Fee,Fee,True,train
420,Issue regarding doctoral supervision,The supervisor assigned to my phd requires review. The matter has remained unresolved for several days.,Supervisor_Related,Supervisor_Related,True,train
923,Research Advisory Committee request pending,My rac schedule has not been scheduled. I need the concerned office to confirm the next step.,RAC,RAC,True,test
2784,Incorrect personal information in portal,My personal information in the research portal contains incorrect information. The discrepancy is visible in my portal profile.,Portal_Data_Correction,Portal_Data_Correction,True,validation
478,Request for supervisor change,My supervision arrangement has not been updated. The matter has remained unresolved for several days.,Supervisor_Related,Supervisor_Related,True,validation
2036,Full-time part-time status change,The change in my doctoral study mode has not been processed. I need the change to be reflected in my academic record.,FT_PT_Conversion,FT_PT_Conversion,True,train
2330,Payment record not updated,My doctoral fee record is still pending. The amount was already paid successfully.,Fee,Fee,True,validation
1693,Issue with thesis evaluation,The status of my thesis review requires clarification. My thesis has already been submitted.,Thesis_Evaluation,Thesis_Evaluation,True,train
2366,Fee transaction issue,The fee receipt has not been updated. The issue is preventing completion of the required process.,Fee,Fee,True,train
1472,Problem submitting doctoral thesis,My thesis upload is not visible in the portal. The issue is preventing me from moving to the next stage.,Thesis_Submission,Thesis_Submission,True,train
1203,Research paper verification issue,The verification of my published paper requires clarification. I have already provided the required evidence.,Publication_Verification,Publication_Verification,True,train
1670,Delay in doctoral thesis assessment,My thesis review status has not been completed. I would like the concerned office to verify the current status.,Thesis_Evaluation,Thesis_Evaluation,True,train
2963,RTI/IIGRS grievance pending,My rti-related matter has not been processed. The current status has not changed.,RTI_IIGRS,RTI_IIGRS,True,train
1971,Viva voce scheduling issue,My doctoral defense is still pending. The delay is affecting completion of my PhD.,Viva,Viva,True,validation
2152,Request to change research mode,My request to convert from full-time to part-time requires approval. The request was submitted through the prescribed process.,FT_PT_Conversion,FT_PT_Conversion,True,train
821,RAC schedule not received,My rac approval has not been communicated. I have completed the required preparation.,RAC,RAC,True,train
1998,Viva voce scheduling issue,My doctoral defense requires clarification. My thesis evaluation has already progressed.,Viva,Viva,True,train
3059,General research grievance,A university research office matter has not received a response. I would like the matter to be reviewed.,Other,Other,True,test
1249,Publication record verification issue,My publication record requires clarification. I have already provided the required evidence.,Publication_Verification,Publication_Verification,True,train
2349,Fee payment not reflected,My semester research fee is showing as unpaid. The payment was made before the deadline.,Fee,Fee,True,validation
2840,RTI/IIGRS grievance pending,My rti-related matter has not been updated. I would like the concerned office to verify the matter.,RTI_IIGRS,RTI_IIGRS,True,test
2191,Research status conversion issue,My research status conversion has not been processed. I am waiting for confirmation from the concerned office.,FT_PT_Conversion,FT_PT_Conversion,True,train
2789,Problem with profile information,My doctoral profile does not match my official documents. The discrepancy is visible in my portal profile.,Portal_Data_Correction,Portal_Data_Correction,True,train
1047,Problem regarding RDC decision,The status of my rdc case has not been communicated. The delay is affecting my research schedule.,RDC,RDC,True,train
1889,Issue with viva examination,The defense process has not been communicated. I have completed the required pre-viva formalities.,Viva,Viva,True,train
616,Issue with research classes,My registered research courses are not reflected correctly. The concerned course has already been completed.,Course_Work,Course_Work,True,train
1319,Publication record verification issue,My research publication verification has not been processed. I have already provided the required evidence.,Publication_Verification,Publication_Verification,True,train
3076,Issue not covered by listed categories,An issue related to my doctoral process has not been resolved. I have already contacted the concerned office.,Other,Other,True,test
2137,Request to change research mode,My request to convert from full-time to part-time is still pending. I need the change to be reflected in my academic record.,FT_PT_Conversion,FT_PT_Conversion,True,train
3031,Issue not covered by listed categories,My doctoral administrative problem has not received a response. I have already contacted the concerned office.,Other,Other,True,train
1773,Problem regarding thesis evaluation,My thesis review status is still pending. The delay is affecting the next stage of my doctoral process.,Thesis_Evaluation,Thesis_Evaluation,True,train
3147,Other research administration issue,My research administration matter needs attention from the concerned office. I would like the matter to be reviewed.,Other,Other,True,validation
132,Admission application not updated,My admission documents is still pending. I submitted all required documents on time.,PhD_Admission,PhD_Admission,True,train
78,PhD admission application pending,The doctoral admission process has not moved to the next stage. I have not received any further update.,PhD_Admission,PhD_Admission,True,test
2053,Full-time to part-time conversion request,My request for a change of research status requires approval. I need the change to be reflected in my academic record.,FT_PT_Conversion,FT_PT_Conversion,True,train
725,Issue with research classes,My coursework credits cannot be completed due to a portal issue. I have supporting records for the completed work.,Course_Work,Course_Work,True,train
1315,Publication verification pending,The publication documents submitted for verification requires clarification. The delay is affecting my research documentation.,Publication_Verification,Publication_Verification,True,train
1852,Viva examination not scheduled,My viva status requires clarification. I have not received the examination schedule.,Viva,Viva,True,train
3072,General research grievance,A university research office matter is still pending. I have already contacted the concerned office.,Other,Other,True,validation
2655,Research portal data correction,My portal data contains incorrect information. I submitted a correction request earlier.,Portal_Data_Correction,Portal_Data_Correction,True,train
1373,Publication verification pending,The paper verification request has not been completed. I have already provided the required evidence.,Publication_Verification,Publication_Verification,True,train
1856,Problem regarding doctoral defense,The defense process has not been updated. I need confirmation of the next step.,Viva,Viva,True,test
1320,Research paper verification issue,My publication record is awaiting verification. I have already provided the required evidence.,Publication_Verification,Publication_Verification,True,train
3065,Other research administration issue,An issue related to my doctoral process has not been resolved. The issue is affecting my research work.,Other,Other,True,validation
2323,Problem with doctoral fee,My doctoral fee record has not been updated. I have the transaction details available.,Fee,Fee,True,train
376,Registration request not processed,The registration details in the portal has not been processed. All requested information has been submitted.,Registration,Registration,True,train
1909,Viva examination not scheduled,My viva examination date has not been scheduled. I have completed the required pre-viva formalities.,Viva,Viva,True,validation
334,PhD registration issue,My phd registration has not been updated. All requested information has been submitted.,Registration,Registration,True,train
2410,Fellowship payment delayed,My monthly stipend is still pending. The delay is causing difficulty in managing my research expenses.,Fellowship,Fellowship,True,train
2461,Problem with monthly stipend,My research fellowship payment is still pending. The payment was expected for the current month.,Fellowship,Fellowship,True,validation
1605,Thesis review status pending,The evaluation of my doctoral thesis has not progressed. I would like the concerned office to verify the current status.,Thesis_Evaluation,Thesis_Evaluation,True,validation
1119,Issue with RDC review,The rdc approval process has not progressed. The matter was submitted through the prescribed process.,RDC,RDC,True,train
3018,General research grievance,A university research office matter has not been resolved. The issue is affecting my research work.,Other,Other,True,train
1944,Viva examination not scheduled,My viva voce examination has not been scheduled. I have not received the examination schedule.,Viva,Viva,True,train
2420,Stipend not credited,The fellowship amount has not been credited. I have not received any update from the concerned office.,Fellowship,Fellowship,True,test
2693,Problem with profile information,My name and academic details is missing important information. The incorrect information may affect official records.,Portal_Data_Correction,Portal_Data_Correction,True,train
1343,Research paper verification issue,My publication record requires clarification. I submitted the publication documents as requested.,Publication_Verification,Publication_Verification,True,train
321,Unable to complete research registration,My phd registration has not been processed. I need the registration to be completed for my research work.,Registration,Registration,True,train
1620,Thesis evaluation not updated,My thesis evaluation appears to be delayed. I would like the concerned office to verify the current status.,Thesis_Evaluation,Thesis_Evaluation,True,train
2612,Incorrect personal information in portal,The information displayed in my account shows outdated details. I have the correct supporting document.,Portal_Data_Correction,Portal_Data_Correction,True,train
2061,Part-time conversion pending,My request to convert from full-time to part-time has not been updated. The supporting documents have already been provided.,FT_PT_Conversion,FT_PT_Conversion,True,train
2220,Payment record not updated,The fee transaction in the portal has not been updated. The issue is preventing completion of the required process.,Fee,Fee,True,train
1674,Thesis evaluation not updated,The thesis assessment process has not been completed. My thesis has already been submitted.,Thesis_Evaluation,Thesis_Evaluation,True,train
1943,Problem regarding doctoral defense,The viva schedule requires clarification. I have completed the required pre-viva formalities.,Viva,Viva,True,train
261,Registration request not processed,My phd registration has not been processed. The required documents are already available.,Registration,Registration,True,test
2514,Fellowship status pending,The fellowship amount has not been updated. I have not received any update from the concerned office.,Fellowship,Fellowship,True,validation
2040,Problem with research status conversion,The change in my doctoral study mode has not been processed. I submitted the required application.,FT_PT_Conversion,FT_PT_Conversion,True,train
690,Problem with course credits,The coursework classes are showing an incorrect value. I completed the required academic activities.,Course_Work,Course_Work,True,train
902,RAC approval pending,The research advisory committee process has not been scheduled. I have completed the required preparation.,RAC,RAC,True,validation
2027,Problem with research status conversion,The change in my doctoral study mode requires approval. The request was submitted through the prescribed process.,FT_PT_Conversion,FT_PT_Conversion,True,train
139,Unable to complete PhD admission,My admission documents has not been updated. The required documents were uploaded successfully.,PhD_Admission,PhD_Admission,True,test
1918,Viva status pending,My viva status is still pending. The delay is affecting completion of my PhD.,Viva,Viva,True,train
1829,Problem regarding doctoral defense,The viva schedule requires clarification. The delay is affecting completion of my PhD.,Viva,Viva,True,train
1574,Issue with thesis submission,The doctoral thesis submission record is still pending. The issue is preventing me from moving to the next stage.,Thesis_Submission,Thesis_Submission,True,validation
320,Registration request not processed,My doctoral registration status has not been updated. I have completed the required registration steps.,Registration,Registration,True,train
654,Course work status not updated,My coursework credits are missing from my record. The issue is affecting my research progress.,Course_Work,Course_Work,True,train
2138,Full-time to part-time conversion request,The research mode recorded in the portal requires approval. I submitted the required application.,FT_PT_Conversion,FT_PT_Conversion,True,test
2482,Problem with monthly stipend,The fellowship amount is showing an incorrect status. I have completed the required fellowship formalities.,Fellowship,Fellowship,True,train
559,Problem with research supervisor,My research supervisor allocation has not been finalized. I need clarification before proceeding with my research.,Supervisor_Related,Supervisor_Related,True,train
2188,Problem with research status conversion,My request to convert from full-time to part-time has not been updated. I submitted the required application.,FT_PT_Conversion,FT_PT_Conversion,True,train
113,PhD admission approval delayed,My phd admission request is still pending. I submitted all required documents on time.,PhD_Admission,PhD_Admission,True,train
532,Supervisor details not updated,My research supervisor allocation has not been updated. I have not received a clear update from the concerned office.,Supervisor_Related,Supervisor_Related,True,train
225,Registration request not processed,The registration details in the portal cannot be completed. I need the registration to be completed for my research work.,Registration,Registration,True,train
724,Problem with course credits,My research coursework are missing from my record. I need the academic record corrected.,Course_Work,Course_Work,True,train
2593,Stipend not credited,The fellowship record is still pending. I have completed the required fellowship formalities.,Fellowship,Fellowship,True,train
2743,Problem with profile information,My name and academic details needs to be updated. I have the correct supporting document.,Portal_Data_Correction,Portal_Data_Correction,True,validation
1434,Thesis submission record missing,My submitted thesis documents is still pending. I submitted the required documents successfully.,Thesis_Submission,Thesis_Submission,True,test
2489,Problem with monthly stipend,My research fellowship payment is showing an incorrect status. I have not received any update from the concerned office.,Fellowship,Fellowship,True,test
3167,Issue not covered by listed categories,My research administration matter needs attention from the concerned office. I would like the matter to be reviewed.,Other,Other,True,validation
1459,Problem submitting doctoral thesis,My thesis submission has not been updated. The issue is preventing me from moving to the next stage.,Thesis_Submission,Thesis_Submission,True,test
2883,Issue related to RTI request,My rti/iigrs case is awaiting action. The current status has not changed.,RTI_IIGRS,RTI_IIGRS,True,train
847,Issue regarding RAC meeting,My rac approval has not been scheduled. The matter is affecting my research timeline.,RAC,RAC,True,validation
194,Admission application not updated,My admission documents has not been approved. I submitted all required documents on time.,PhD_Admission,PhD_Admission,True,train
1465,Problem submitting doctoral thesis,My thesis upload is showing an incorrect status. The submission deadline has already passed.,Thesis_Submission,Thesis_Submission,True,train
947,RAC schedule not received,The next rac meeting has not been updated. I have completed the required preparation.,RAC,RAC,True,train
2022,Problem with research status conversion,The research mode recorded in the portal requires approval. I need the change to be reflected in my academic record.,FT_PT_Conversion,FT_PT_Conversion,True,train
1630,Thesis evaluation not updated,My thesis review status requires clarification. My thesis has already been submitted.,Thesis_Evaluation,Thesis_Evaluation,True,test
118,Admission application not updated,My phd admission approval has not moved to the next stage. I submitted all required documents on time.,PhD_Admission,PhD_Admission,True,train
646,Issue with research classes,The coursework classes are missing from my record. The concerned course has already been completed.,Course_Work,Course_Work,True,train
1871,Viva voce scheduling issue,My viva examination date is awaiting confirmation. I have completed the required pre-viva formalities.,Viva,Viva,True,test
4,Problem during doctoral admission,My phd admission request has not moved to the next stage. The application was submitted before the deadline.,PhD_Admission,PhD_Admission,True,train
75,PhD admission application pending,My phd admission approval has not been updated. The required documents were uploaded successfully.,PhD_Admission,PhD_Admission,True,train
1756,Problem regarding thesis evaluation,The status of my thesis review has not been updated. My thesis has already been submitted.,Thesis_Evaluation,Thesis_Evaluation,True,validation
468,Problem with research supervisor,The supervisor assigned to my phd needs correction. I need clarification before proceeding with my research.,Supervisor_Related,Supervisor_Related,True,train
6,PhD admission application pending,My admission documents is showing an incorrect status. I have already completed the required admission steps.,PhD_Admission,PhD_Admission,True,train
1247,Publication verification pending,My publication record is awaiting verification. I submitted the publication documents as requested.,Publication_Verification,Publication_Verification,True,train
920,Research Advisory Committee request pending,My rac meeting requires review. I have been waiting for an official update.,RAC,RAC,True,train
229,Unable to complete research registration,My doctoral registration status is still pending. The registration deadline is approaching.,Registration,Registration,True,train
1064,Research Degree Committee issue,The rdc decision has not been updated. I need confirmation from the concerned office.,RDC,RDC,True,train
243,Problem with doctoral enrollment,My doctoral registration status has not been updated. I need the registration to be completed for my research work.,Registration,Registration,True,train
2438,Stipend not credited,The fellowship amount has not been credited. The previous payments were processed normally.,Fellowship,Fellowship,True,train
1161,RDC proposal status not updated,The status of my rdc case has not progressed. The required research documents have already been submitted.,RDC,RDC,True,train
2685,Research portal details need correction,My doctoral profile shows outdated details. The discrepancy is visible in my portal profile.,Portal_Data_Correction,Portal_Data_Correction,True,test
1527,Issue with thesis submission,My thesis submission is still pending. The thesis was submitted through the prescribed process.,Thesis_Submission,Thesis_Submission,True,train
1606,Thesis review status pending,My thesis evaluation has not progressed. The delay is affecting the next stage of my doctoral process.,Thesis_Evaluation,Thesis_Evaluation,True,train
2974,RTI matter not updated,My rti-related matter is still pending. I have the submission reference available.,RTI_IIGRS,RTI_IIGRS,True,validation
3176,General doctoral process grievance,My research-related request needs attention from the concerned office. I would like the matter to be reviewed.,Other,Other,True,train
2487,Fellowship payment delayed,My scholarship payment requires clarification. The previous payments were processed normally.,Fellowship,Fellowship,True,train
2717,Problem with profile information,The information displayed in my account contains incorrect information. The discrepancy is visible in my portal profile.,Portal_Data_Correction,Portal_Data_Correction,True,test
1990,Viva status pending,My viva voce examination has not been updated. The delay is affecting completion of my PhD.,Viva,Viva,True,train
2956,Problem with RTI/IIGRS submission,My rti-related matter has not received a response. The current status has not changed.,RTI_IIGRS,RTI_IIGRS,True,validation
1976,Viva examination not scheduled,My viva examination date requires clarification. I need confirmation of the next step.,Viva,Viva,True,train
1762,Delay in doctoral thesis assessment,The status of my thesis review has not progressed. The delay is affecting the next stage of my doctoral process.,Thesis_Evaluation,Thesis_Evaluation,True,train
1306,Publication verification not completed,My research article verification has not been completed. I have already provided the required evidence.,Publication_Verification,Publication_Verification,True,train
1542,Problem submitting doctoral thesis,The thesis submission status requires confirmation. I need confirmation that the submission was received.,Thesis_Submission,Thesis_Submission,True,train
623,Issue with research classes,The coursework marks in the portal are showing an incorrect value. I have supporting records for the completed work.,Course_Work,Course_Work,True,train
2473,Fellowship payment delayed,My pending stipend requires clarification. I have completed the required fellowship formalities.,Fellowship,Fellowship,True,train
1494,Thesis submission record missing,My submitted thesis documents is showing an incorrect status. I need confirmation that the submission was received.,Thesis_Submission,Thesis_Submission,True,train
111,Unable to complete PhD admission,The admission status in the research portal is awaiting verification. The application was submitted before the deadline.,PhD_Admission,PhD_Admission,True,train
2276,Payment record not updated,The fee transaction in the portal appears to contain an incorrect amount. The issue is preventing completion of the required process.,Fee,Fee,True,train
2423,Stipend not credited,My scholarship payment has not been updated. The payment was expected for the current month.,Fellowship,Fellowship,True,train
1170,Research Degree Committee issue,My research degree committee review has not been communicated. The matter was submitted through the prescribed process.,RDC,RDC,True,train
2627,Incorrect doctoral record,The information displayed in my account shows outdated details. I request the concerned office to update the record.,Portal_Data_Correction,Portal_Data_Correction,True,test
233,Research registration pending,The research enrollment process has not been processed. I need the registration to be completed for my research work.,Registration,Registration,True,train
67,PhD admission approval delayed,The doctoral admission process is still pending. I have already completed the required admission steps.,PhD_Admission,PhD_Admission,True,train
2890,RTI/IIGRS grievance pending,My grievance under the rti/iigrs process is still pending. I am waiting for an official response.,RTI_IIGRS,RTI_IIGRS,True,validation
2073,Request to change research mode,My research status conversion is still pending. I am waiting for confirmation from the concerned office.,FT_PT_Conversion,FT_PT_Conversion,True,train
2193,Request to change research mode,My full-time to part-time conversion application is still pending. The request was submitted through the prescribed process.,FT_PT_Conversion,FT_PT_Conversion,True,test
537,Request for supervisor change,The doctoral supervision process needs correction. I have not received a clear update from the concerned office.,Supervisor_Related,Supervisor_Related,True,validation
126,Admission application not updated,My doctoral admission application is still pending. I have not received any further update.,PhD_Admission,PhD_Admission,True,validation
2134,Problem with research status conversion,My full-time to part-time conversion application has not been processed. I am waiting for confirmation from the concerned office.,FT_PT_Conversion,FT_PT_Conversion,True,validation
1255,Publication record verification issue,My research article verification is awaiting verification. I have already provided the required evidence.,Publication_Verification,Publication_Verification,True,validation
2679,Incorrect personal information in portal,My doctoral profile needs to be updated. I request the concerned office to update the record.,Portal_Data_Correction,Portal_Data_Correction,True,train
1977,Viva status pending,My viva examination date requires clarification. I need confirmation of the next step.,Viva,Viva,True,train
2628,Research portal details need correction,My doctoral profile does not match my official documents. The incorrect information may affect official records.,Portal_Data_Correction,Portal_Data_Correction,True,validation
2868,IIGRS grievance status issue,The status of my iigrs request requires clarification. The current status has not changed.,RTI_IIGRS,RTI_IIGRS,True,train
2076,Request to change research mode,The research mode recorded in the portal needs clarification. The supporting documents have already been provided.,FT_PT_Conversion,FT_PT_Conversion,True,train
485,Issue regarding doctoral supervision,My research supervisor allocation has not been finalized. The matter has remained unresolved for several days.,Supervisor_Related,Supervisor_Related,True,test
1655,Thesis evaluation not updated,My thesis evaluation requires clarification. The delay is affecting the next stage of my doctoral process.,Thesis_Evaluation,Thesis_Evaluation,True,train
2856,Issue related to RTI request,The status of my iigrs request is still pending. I have the submission reference available.,RTI_IIGRS,RTI_IIGRS,True,train
2424,Research fellowship issue,The fellowship record requires clarification. The delay is causing difficulty in managing my research expenses.,Fellowship,Fellowship,True,train
2567,Fellowship payment delayed,My monthly stipend is still pending. I have not received any update from the concerned office.,Fellowship,Fellowship,True,train
1775,Delay in doctoral thesis assessment,My thesis evaluation has not progressed. The delay is affecting the next stage of my doctoral process.,Thesis_Evaluation,Thesis_Evaluation,True,test
919,RAC approval pending,The research advisory committee process has not been updated. I need the concerned office to confirm the next step.,RAC,RAC,True,train
1647,Thesis evaluation not updated,The status of my thesis review appears to be delayed. I have been waiting for the evaluation update.,Thesis_Evaluation,Thesis_Evaluation,True,train
1027,RDC meeting request pending,My research matter before the rdc appears to be awaiting review. The required research documents have already been submitted.,RDC,RDC,True,train
1031,Research Degree Committee issue,The status of my rdc case has not been updated. I have been waiting for the committee's decision.,RDC,RDC,True,train
883,RAC approval pending,The next rac meeting requires review. The matter is affecting my research timeline.,RAC,RAC,True,train
1336,Publication record verification issue,My research publication verification has not been processed. I submitted the publication documents as requested.,Publication_Verification,Publication_Verification,True,train
2376,Payment record not updated,My doctoral fee record is showing as unpaid. I need the fee record corrected.,Fee,Fee,True,train
365,Registration status not updated,My enrollment record is not reflecting the submitted information. I have completed the required registration steps.,Registration,Registration,True,train
2126,Research status conversion issue,My full-time to part-time conversion application requires approval. The request was submitted through the prescribed process.,FT_PT_Conversion,FT_PT_Conversion,True,train
28,Unable to complete PhD admission,The admission status in the research portal is showing an incorrect status. The application was submitted before the deadline.,PhD_Admission,PhD_Admission,True,train
474,Problem with research supervisor,The doctoral supervision process is causing difficulty in continuing my research. I need clarification before proceeding with my research.,Supervisor_Related,Supervisor_Related,True,train
526,Problem with research supervisor,The supervisor assigned to my phd has not been updated. The current information does not match my records.,Supervisor_Related,Supervisor_Related,True,train
726,Course work status not updated,The coursework classes are missing from my record. I completed the required academic activities.,Course_Work,Course_Work,True,train
56,Issue with PhD admission status,The admission status in the research portal has not been updated. The application was submitted before the deadline.,PhD_Admission,PhD_Admission,True,train
639,Problem with course credits,My research coursework are missing from my record. The issue is affecting my research progress.,Course_Work,Course_Work,True,train
303,Research registration pending,My phd registration cannot be completed. I need the registration to be completed for my research work.,Registration,Registration,True,train
2783,Incorrect doctoral record,My doctoral profile needs to be updated. The incorrect information may affect official records.,Portal_Data_Correction,Portal_Data_Correction,True,train
1277,Publication record verification issue,My publication record requires clarification. I submitted the publication documents as requested.,Publication_Verification,Publication_Verification,True,validation
2813,RTI matter not updated,My rti-related matter has not been updated. I am waiting for an official response.,RTI_IIGRS,RTI_IIGRS,True,train
625,Course work status not updated,The coursework marks in the portal are still pending. I have supporting records for the completed work.,Course_Work,Course_Work,True,test
2056,Full-time to part-time conversion request,The research mode recorded in the portal is still pending. I submitted the required application.,FT_PT_Conversion,FT_PT_Conversion,True,train
1281,Publication verification not completed,My research publication verification requires clarification. The delay is affecting my research documentation.,Publication_Verification,Publication_Verification,True,train
1050,Research Degree Committee issue,The rdc decision has not been communicated. I have been waiting for the committee's decision.,RDC,RDC,True,train
337,Registration request not processed,The registration details in the portal is showing an error. The required documents are already available.,Registration,Registration,True,train
48,Issue with PhD admission status,My phd admission approval is showing an incorrect status. I submitted all required documents on time.,PhD_Admission,PhD_Admission,True,train
107,Issue with PhD admission status,My phd admission request has not been updated. I submitted all required documents on time.,PhD_Admission,PhD_Admission,True,train
1080,Problem regarding RDC decision,My research matter before the rdc is still pending. I need confirmation from the concerned office.,RDC,RDC,True,train
2287,Fee transaction issue,The fee receipt appears to contain an incorrect amount. The amount was already paid successfully.,Fee,Fee,True,test
2262,Research fee payment issue,The fee transaction in the portal has not been updated. The amount was already paid successfully.,Fee,Fee,True,train
1145,RDC proposal status not updated,My research matter before the rdc has not progressed. The required research documents have already been submitted.,RDC,RDC,True,test
2548,Fellowship payment delayed,The fellowship amount has not been updated. The payment was expected for the current month.,Fellowship,Fellowship,True,validation
2297,Research fee status pending,The payment status is still pending. I have the transaction details available.,Fee,Fee,True,train
1837,Viva voce scheduling issue,My viva status has not been scheduled. I have completed the required pre-viva formalities.,Viva,Viva,True,train
1754,Thesis evaluation not updated,The status of my thesis review has not been completed. My thesis has already been submitted.,Thesis_Evaluation,Thesis_Evaluation,True,train
1102,RDC proposal status not updated,My research degree committee review requires clarification. I have been waiting for the committee's decision.,RDC,RDC,True,train
1969,Viva examination not scheduled,My viva voce examination is awaiting confirmation. I have completed the required pre-viva formalities.,Viva,Viva,True,train
2927,RTI matter not updated,The rti request submitted through the concerned process is still pending. I submitted the request through the appropriate channel.,RTI_IIGRS,RTI_IIGRS,True,train
524,Issue regarding doctoral supervision,The doctoral supervision process has not been updated. I have not received a clear update from the concerned office.,Supervisor_Related,Supervisor_Related,True,test
2281,Research fee status pending,My semester research fee appears to contain an incorrect amount. The payment was made before the deadline.,Fee,Fee,True,train
1429,Problem submitting doctoral thesis,My submitted thesis documents has not been updated. The thesis was submitted through the prescribed process.,Thesis_Submission,Thesis_Submission,True,validation
2782,Research portal data correction,The information displayed in my account shows outdated details. The discrepancy is visible in my portal profile.,Portal_Data_Correction,Portal_Data_Correction,True,validation
604,Problem with course credits,My coursework completion status are not reflected correctly. The issue is affecting my research progress.,Course_Work,Course_Work,True,train
1490,Thesis submission status pending,My thesis upload has not been updated. I submitted the required documents successfully.,Thesis_Submission,Thesis_Submission,True,test
2511,Stipend not credited,The fellowship record is showing an incorrect status. The payment was expected for the current month.,Fellowship,Fellowship,True,train
61,Unable to complete PhD admission,My phd admission approval has not moved to the next stage. The application was submitted before the deadline.,PhD_Admission,PhD_Admission,True,train
2934,RTI/IIGRS grievance pending,The rti request submitted through the concerned process requires clarification. I have the submission reference available.,RTI_IIGRS,RTI_IIGRS,True,train
672,Course work marks not reflected,The coursework marks in the portal are not reflected correctly. I have supporting records for the completed work.,Course_Work,Course_Work,True,train
93,Problem during doctoral admission,My phd admission request has not been updated. I have already completed the required admission steps.,PhD_Admission,PhD_Admission,True,train
667,Course work registration problem,My registered research courses are still pending. I have supporting records for the completed work.,Course_Work,Course_Work,True,train
1888,Doctoral defense date not received,The defense process requires clarification. I have completed the required pre-viva formalities.,Viva,Viva,True,train
281,PhD registration issue,My enrollment record cannot be completed. The required documents are already available.,Registration,Registration,True,train
1720,Delay in doctoral thesis assessment,My thesis evaluation has not progressed. I have been waiting for the evaluation update.,Thesis_Evaluation,Thesis_Evaluation,True,train
360,PhD registration issue,My enrollment record cannot be completed. The registration deadline is approaching.,Registration,Registration,True,test
900,Issue regarding RAC meeting,The recommendations recorded by the rac has not been scheduled. I have been waiting for an official update.,RAC,RAC,True,test
1936,Problem regarding doctoral defense,The viva schedule is awaiting confirmation. I have completed the required pre-viva formalities.,Viva,Viva,True,train
1995,Issue with viva examination,My viva status requires clarification. I need confirmation of the next step.,Viva,Viva,True,test
2472,Fellowship status pending,My monthly stipend has not been credited. The previous payments were processed normally.,Fellowship,Fellowship,True,train
761,Course work registration problem,My research coursework are missing from my record. The issue is affecting my research progress.,Course_Work,Course_Work,True,train
2159,Problem with research status conversion,My full-time to part-time conversion application is showing the old status. I submitted the required application.,FT_PT_Conversion,FT_PT_Conversion,True,train
2799,Portal record correction request,My name and academic details has not been corrected. I submitted a correction request earlier.,Portal_Data_Correction,Portal_Data_Correction,True,train
43,PhD admission application pending,My phd admission approval is still pending. I have already completed the required admission steps.,PhD_Admission,PhD_Admission,True,train
2174,Part-time conversion pending,My request to convert from full-time to part-time requires approval. The request was submitted through the prescribed process.,FT_PT_Conversion,FT_PT_Conversion,True,train
205,Research registration pending,The registration details in the portal has not been processed. All requested information has been submitted.,Registration,Registration,True,test
1474,Thesis submission process delayed,The thesis submission status is showing an incorrect status. The submission deadline has already passed.,Thesis_Submission,Thesis_Submission,True,train
2101,Research status conversion issue,My research status conversion has not been processed. I submitted the required application.,FT_PT_Conversion,FT_PT_Conversion,True,train
69,Problem during doctoral admission,My admission documents is showing an incorrect status. I have already completed the required admission steps.,PhD_Admission,PhD_Admission,True,train
1876,Viva status pending,My viva status has not been scheduled. My thesis evaluation has already progressed.,Viva,Viva,True,train
2541,Fellowship payment delayed,My monthly stipend requires clarification. The delay is causing difficulty in managing my research expenses.,Fellowship,Fellowship,True,train
2232,Research fee payment issue,My semester research fee has not been updated. I need the fee record corrected.,Fee,Fee,True,train
138,Issue with PhD admission status,My phd admission approval has not moved to the next stage. I submitted all required documents on time.,PhD_Admission,PhD_Admission,True,train
797,Course work status not updated,My coursework completion status have not been updated. I need the academic record corrected.,Course_Work,Course_Work,True,train
2181,Full-time to part-time conversion request,My full-time to part-time conversion application has not been processed. I submitted the required application.,FT_PT_Conversion,FT_PT_Conversion,True,train
2129,Problem with research status conversion,My request for a change of research status requires approval. The request was submitted through the prescribed process.,FT_PT_Conversion,FT_PT_Conversion,True,train
759,Course work marks not reflected,My coursework credits have not been updated. The concerned course has already been completed.,Course_Work,Course_Work,True,test
542,Request for supervisor change,My request for a supervisor change requires review. I have already submitted the required request.,Supervisor_Related,Supervisor_Related,True,train
1020,RDC proposal status not updated,My research degree committee review has not been communicated. The delay is affecting my research schedule.,RDC,RDC,True,validation
2447,Fellowship payment delayed,The fellowship amount requires clarification. The payment was expected for the current month.,Fellowship,Fellowship,True,train
166,Problem during doctoral admission,My phd admission request is awaiting verification. I have not received any further update.,PhD_Admission,PhD_Admission,True,validation
249,Registration request not processed,My enrollment record has not been processed. The registration deadline is approaching.,Registration,Registration,True,train
1332,Publication verification not completed,My research article verification has not been processed. I need the verification for my academic record.,Publication_Verification,Publication_Verification,True,train
2018,Part-time conversion pending,My request for a change of research status has not been updated. I submitted the required application.,FT_PT_Conversion,FT_PT_Conversion,True,validation
447,Supervisor details not updated,The supervisor information in the portal is still pending. The current information does not match my records.,Supervisor_Related,Supervisor_Related,True,train
1359,Research paper verification issue,The verification of my published paper is still pending. I submitted the publication documents as requested.,Publication_Verification,Publication_Verification,True,train
2146,Research status conversion issue,The research mode recorded in the portal requires approval. I am waiting for confirmation from the concerned office.,FT_PT_Conversion,FT_PT_Conversion,True,train
1330,Publication verification pending,The paper verification request requires clarification. The delay is affecting my research documentation.,Publication_Verification,Publication_Verification,True,train
3103,Unclassified research-related issue,My doctoral administrative problem does not fit the available grievance categories. The issue is affecting my research work.,Other,Other,True,test
2151,Request to change research mode,My research status conversion has not been updated. I am waiting for confirmation from the concerned office.,FT_PT_Conversion,FT_PT_Conversion,True,train
435,Supervisor allocation issue,My supervision arrangement requires review. I have already submitted the required request.,Supervisor_Related,Supervisor_Related,True,train
2123,Problem with research status conversion,The research mode recorded in the portal needs clarification. I submitted the required application.,FT_PT_Conversion,FT_PT_Conversion,True,test
578,Request for supervisor change,My research supervisor allocation requires review. I need clarification before proceeding with my research.,Supervisor_Related,Supervisor_Related,True,validation
2553,Research fellowship issue,My monthly stipend has not been updated. I have completed the required fellowship formalities.,Fellowship,Fellowship,True,train
2926,RTI matter not updated,My grievance under the rti/iigrs process has not been updated. I am waiting for an official response.,RTI_IIGRS,RTI_IIGRS,True,test
2449,Research fellowship issue,My research fellowship payment is showing an incorrect status. I have completed the required fellowship formalities.,Fellowship,Fellowship,True,train
1849,Doctoral defense date not received,My doctoral defense requires clarification. The delay is affecting completion of my PhD.,Viva,Viva,True,train
763,Course work marks not reflected,My research coursework are missing from my record. The issue is affecting my research progress.,Course_Work,Course_Work,True,train
389,Unable to complete research registration,My phd registration has not been updated. The required documents are already available.,Registration,Registration,True,validation
236,Registration status not updated,The registration details in the portal has not been processed. I have completed the required registration steps.,Registration,Registration,True,train
2780,Research portal details need correction,The information displayed in my account is missing important information. I submitted a correction request earlier.,Portal_Data_Correction,Portal_Data_Correction,True,test
1985,Viva status pending,The viva schedule has not been scheduled. I have completed the required pre-viva formalities.,Viva,Viva,True,train
268,PhD registration issue,My registration request cannot be completed. The required documents are already available.,Registration,Registration,True,train
771,Course work registration problem,The coursework classes cannot be completed due to a portal issue. I have supporting records for the completed work.,Course_Work,Course_Work,True,train
2166,Problem with research status conversion,My full-time to part-time conversion application is showing the old status. I need the change to be reflected in my academic record.,FT_PT_Conversion,FT_PT_Conversion,True,train
438,Request for supervisor change,My research supervisor allocation is still pending. I have not received a clear update from the concerned office.,Supervisor_Related,Supervisor_Related,True,test
674,Course work registration problem,My coursework credits are still pending. The concerned course has already been completed.,Course_Work,Course_Work,True,train
250,Research registration pending,The registration details in the portal is still pending. All requested information has been submitted.,Registration,Registration,True,test
2202,Research fee payment issue,My research fee payment appears to contain an incorrect amount. The amount was already paid successfully.,Fee,Fee,True,train
1575,Thesis submission not updated,The doctoral thesis submission record is not visible in the portal. The thesis was submitted through the prescribed process.,Thesis_Submission,Thesis_Submission,True,train
2143,Research status conversion issue,The change in my doctoral study mode is showing the old status. I am waiting for confirmation from the concerned office.,FT_PT_Conversion,FT_PT_Conversion,True,train
2082,Part-time conversion pending,My full-time to part-time conversion application has not been processed. I need the change to be reflected in my academic record.,FT_PT_Conversion,FT_PT_Conversion,True,train
2794,Portal record correction request,The information displayed in my account shows outdated details. I submitted a correction request earlier.,Portal_Data_Correction,Portal_Data_Correction,True,train
2741,Incorrect personal information in portal,My portal data is missing important information. The incorrect information may affect official records.,Portal_Data_Correction,Portal_Data_Correction,True,train
2924,Problem with RTI/IIGRS submission,My grievance under the rti/iigrs process requires clarification. I have the submission reference available.,RTI_IIGRS,RTI_IIGRS,True,train
449,Issue regarding doctoral supervision,My research supervisor allocation requires review. I have not received a clear update from the concerned office.,Supervisor_Related,Supervisor_Related,True,train
1470,Thesis submission process delayed,The final thesis submission process requires confirmation. I need confirmation that the submission was received.,Thesis_Submission,Thesis_Submission,True,train
717,Problem with course credits,My coursework credits are showing an incorrect value. I completed the required academic activities.,Course_Work,Course_Work,True,train
2803,RTI matter not updated,My rti-related matter is awaiting action. I submitted the request through the appropriate channel.,RTI_IIGRS,RTI_IIGRS,True,train
2790,Incorrect personal information in portal,The information displayed in my account is missing important information. I submitted a correction request earlier.,Portal_Data_Correction,Portal_Data_Correction,True,test
2049,Part-time conversion pending,My request to convert from full-time to part-time has not been updated. I am waiting for confirmation from the concerned office.,FT_PT_Conversion,FT_PT_Conversion,True,train
1902,Viva examination not scheduled,My viva examination date has not been scheduled. The delay is affecting completion of my PhD.,Viva,Viva,True,test
1169,RDC approval pending,The status of my rdc case has not progressed. I need confirmation from the concerned office.,RDC,RDC,True,train
83,PhD admission application pending,My phd admission approval has not been approved. I submitted all required documents on time.,PhD_Admission,PhD_Admission,True,train
2588,Problem with monthly stipend,The fellowship record has not been updated. The previous payments were processed normally.,Fellowship,Fellowship,True,train
1461,Thesis submission process delayed,My thesis upload has not been updated. The issue is preventing me from moving to the next stage.,Thesis_Submission,Thesis_Submission,True,train
1894,Problem regarding doctoral defense,My doctoral defense has not been scheduled. I have not received the examination schedule.,Viva,Viva,True,train
1669,Issue with thesis evaluation,The thesis assessment process is still pending. I have been waiting for the evaluation update.,Thesis_Evaluation,Thesis_Evaluation,True,test
2001,Full-time to part-time conversion request,The research mode recorded in the portal requires approval. The request was submitted through the prescribed process.,FT_PT_Conversion,FT_PT_Conversion,True,test
476,Supervisor assignment pending,My supervision arrangement needs correction. I need clarification before proceeding with my research.,Supervisor_Related,Supervisor_Related,True,validation
518,Supervisor assignment pending,The doctoral supervision process is still pending. I have already submitted the required request.,Supervisor_Related,Supervisor_Related,True,test
405,Problem with research supervisor,My request for a supervisor change has not been finalized. I have not received a clear update from the concerned office.,Supervisor_Related,Supervisor_Related,True,train
385,PhD registration issue,My enrollment record is still pending. The registration deadline is approaching.,Registration,Registration,True,test
2598,Problem with monthly stipend,My scholarship payment has not been released. I have not received any update from the concerned office.,Fellowship,Fellowship,True,train
2153,Full-time to part-time conversion request,My research status conversion has not been processed. I need the change to be reflected in my academic record.,FT_PT_Conversion,FT_PT_Conversion,True,train
1634,Issue with thesis evaluation,The thesis assessment process is still pending. I have not received an official evaluation status.,Thesis_Evaluation,Thesis_Evaluation,True,train
3049,Issue not covered by listed categories,A university research office matter has not been resolved. The issue is affecting my research work.,Other,Other,True,train
689,Issue with research classes,My coursework credits cannot be completed due to a portal issue. The concerned course has already been completed.,Course_Work,Course_Work,True,test
1241,Publication verification pending,My research article verification is still pending. I need the verification for my academic record.,Publication_Verification,Publication_Verification,True,train
63,PhD admission approval delayed,My phd admission approval has not been updated. The application was submitted before the deadline.,PhD_Admission,PhD_Admission,True,train
853,RAC approval pending,The next rac meeting has not been scheduled. The matter is affecting my research timeline.,RAC,RAC,True,train
2936,Problem with RTI/IIGRS submission,The status of my iigrs request has not been updated. I submitted the request through the appropriate channel.,RTI_IIGRS,RTI_IIGRS,True,test
2645,Incorrect doctoral record,The information displayed in my account shows outdated details. The incorrect information may affect official records.,Portal_Data_Correction,Portal_Data_Correction,True,validation
1263,Publication verification pending,My publication record is awaiting verification. The publication details are available for verification.,Publication_Verification,Publication_Verification,True,train
224,Unable to complete research registration,My phd registration cannot be completed. The required documents are already available.,Registration,Registration,True,train
2194,Full-time part-time status change,The research mode recorded in the portal needs clarification. The request was submitted through the prescribed process.,FT_PT_Conversion,FT_PT_Conversion,True,validation
374,Registration status not updated,My doctoral registration status has not been processed. I need the registration to be completed for my research work.,Registration,Registration,True,test
1825,Problem regarding doctoral defense,My viva voce examination has not been scheduled. The delay is affecting completion of my PhD.,Viva,Viva,True,train
2708,Research portal data correction,My portal data needs to be updated. I request the concerned office to update the record.,Portal_Data_Correction,Portal_Data_Correction,True,train
3060,Research administration problem,My research administration matter requires clarification. I would like the matter to be reviewed.,Other,Other,True,train
2771,Portal record correction request,My portal data needs to be updated. I have the correct supporting document.,Portal_Data_Correction,Portal_Data_Correction,True,train
2916,Problem with RTI/IIGRS submission,The status of my iigrs request requires clarification. I submitted the request through the appropriate channel.,RTI_IIGRS,RTI_IIGRS,True,train
10,Unable to complete PhD admission,My admission documents is awaiting verification. The application was submitted before the deadline.,PhD_Admission,PhD_Admission,True,train
2498,Fellowship payment delayed,My pending stipend has not been released. I have not received any update from the concerned office.,Fellowship,Fellowship,True,validation
1945,Viva voce scheduling issue,The viva schedule has not been updated. The delay is affecting completion of my PhD.,Viva,Viva,True,validation
1839,Viva examination not scheduled,The viva schedule has not been updated. I have not received the examination schedule.,Viva,Viva,True,train
709,Problem with course credits,My research coursework cannot be completed due to a portal issue. I have supporting records for the completed work.,Course_Work,Course_Work,True,validation
256,Research registration pending,My phd registration is not reflecting the submitted information. The registration deadline is approaching.,Registration,Registration,True,train
1618,Thesis review status pending,The thesis assessment process is still pending. I have been waiting for the evaluation update.,Thesis_Evaluation,Thesis_Evaluation,True,train
390,Registration status not updated,My registration request is still pending. The registration deadline is approaching.,Registration,Registration,True,train
1582,Problem submitting doctoral thesis,My thesis submission is showing an incorrect status. I submitted the required documents successfully.,Thesis_Submission,Thesis_Submission,True,train
925,Problem with RAC proceedings,The next rac meeting needs clarification. I have been waiting for an official update.,RAC,RAC,True,test
2509,Research fellowship issue,The fellowship record has not been released. I have completed the required fellowship formalities.,Fellowship,Fellowship,True,train
2037,Part-time conversion pending,The research mode recorded in the portal needs clarification. I need the change to be reflected in my academic record.,FT_PT_Conversion,FT_PT_Conversion,True,train
2565,Problem with monthly stipend,My research fellowship payment has not been credited. I have not received any update from the concerned office.,Fellowship,Fellowship,True,train
1225,Problem verifying research publication,The verification of my published paper requires clarification. The delay is affecting my research documentation.,Publication_Verification,Publication_Verification,True,train
1947,Viva examination not scheduled,My viva voce examination is still pending. I have completed the required pre-viva formalities.,Viva,Viva,True,validation
740,Course work status not updated,My coursework credits cannot be completed due to a portal issue. The concerned course has already been completed.,Course_Work,Course_Work,True,validation
41,Admission application not updated,My phd admission request has not been approved. I have not received any further update.,PhD_Admission,PhD_Admission,True,validation
869,RAC approval pending,My rac meeting has not been updated. I need the concerned office to confirm the next step.,RAC,RAC,True,train
540,Request for supervisor change,My request for a supervisor change is causing difficulty in continuing my research. I have already submitted the required request.,Supervisor_Related,Supervisor_Related,True,train
3012,General doctoral process grievance,My research administration matter requires clarification. The issue is affecting my research work.,Other,Other,True,test
1372,Publication verification not completed,The paper verification request is awaiting verification. I have already provided the required evidence.,Publication_Verification,Publication_Verification,True,train
1146,RDC proposal status not updated,The rdc decision has not been communicated. The delay is affecting my research schedule.,RDC,RDC,True,train
1032,Research Degree Committee issue,The status of my rdc case appears to be awaiting review. I need confirmation from the concerned office.,RDC,RDC,True,train
373,Unable to complete research registration,My phd registration has not been updated. All requested information has been submitted.,Registration,Registration,True,train
668,Course work credit issue,My research coursework are missing from my record. I need the academic record corrected.,Course_Work,Course_Work,True,train
358,Research registration pending,The research enrollment process is still pending. The required documents are already available.,Registration,Registration,True,train
968,Problem with RAC proceedings,The recommendations recorded by the rac is still pending. I submitted the relevant research documents.,RAC,RAC,True,validation
1354,Publication record verification issue,My research article verification has not been completed. I have already provided the required evidence.,Publication_Verification,Publication_Verification,True,train
1036,Issue with RDC review,The rdc decision appears to be awaiting review. I need confirmation from the concerned office.,RDC,RDC,True,validation
471,Problem with research supervisor,The supervisor information in the portal is causing difficulty in continuing my research. I have not received a clear update from the concerned office.,Supervisor_Related,Supervisor_Related,True,train
1397,Publication verification pending,My publication record has not been updated. I have already provided the required evidence.,Publication_Verification,Publication_Verification,True,train
3039,General research grievance,A university research office matter is still pending. I have submitted the relevant documents.,Other,Other,True,train
1550,Thesis submission not updated,The final thesis submission process has not been acknowledged. The thesis was submitted through the prescribed process.,Thesis_Submission,Thesis_Submission,True,train
1257,Paper verification request delayed,The paper verification request requires clarification. The publication details are available for verification.,Publication_Verification,Publication_Verification,True,test
2095,Full-time to part-time conversion request,The research mode recorded in the portal is showing the old status. The request was submitted through the prescribed process.,FT_PT_Conversion,FT_PT_Conversion,True,validation
1556,Thesis submission record missing,The final thesis submission process has not been acknowledged. The thesis was submitted through the prescribed process.,Thesis_Submission,Thesis_Submission,True,validation
2762,Portal record correction request,My portal data contains incorrect information. I submitted a correction request earlier.,Portal_Data_Correction,Portal_Data_Correction,True,train
1251,Problem verifying research publication,My research publication verification is awaiting verification. I have already provided the required evidence.,Publication_Verification,Publication_Verification,True,test
1700,Problem regarding thesis evaluation,The thesis assessment process appears to be delayed. The delay is affecting the next stage of my doctoral process.,Thesis_Evaluation,Thesis_Evaluation,True,test
1253,Publication verification not completed,My publication record is still pending. The delay is affecting my research documentation.,Publication_Verification,Publication_Verification,True,train
2970,Issue related to RTI request,The rti request submitted through the concerned process has not been processed. I submitted the request through the appropriate channel.,RTI_IIGRS,RTI_IIGRS,True,train
80,Admission application not updated,My phd admission approval is awaiting verification. I have already completed the required admission steps.,PhD_Admission,PhD_Admission,True,train
1173,Research Degree Committee issue,The status of my rdc case requires clarification. The matter was submitted through the prescribed process.,RDC,RDC,True,train
815,RAC schedule not received,My rac meeting requires review. I submitted the relevant research documents.,RAC,RAC,True,test
1853,Doctoral defense date not received,My viva examination date has not been scheduled. The delay is affecting completion of my PhD.,Viva,Viva,True,train
2221,Fee transaction issue,The fee transaction in the portal is showing as unpaid. The issue is preventing completion of the required process.,Fee,Fee,True,train
2806,IIGRS request pending,My rti-related matter is awaiting action. I have the submission reference available.,RTI_IIGRS,RTI_IIGRS,True,train
2106,Problem with research status conversion,The research mode recorded in the portal requires approval. The request was submitted through the prescribed process.,FT_PT_Conversion,FT_PT_Conversion,True,train
134,PhD admission application pending,The admission status in the research portal is showing an incorrect status. The application was submitted before the deadline.,PhD_Admission,PhD_Admission,True,validation
1141,RDC meeting request pending,My research degree committee review requires clarification. I need confirmation from the concerned office.,RDC,RDC,True,train
934,RAC meeting issue,The research advisory committee process has not been scheduled. I have completed the required preparation.,RAC,RAC,True,train
929,Research Advisory Committee request pending,The research advisory committee process requires review. I need the concerned office to confirm the next step.,RAC,RAC,True,train
824,RAC approval pending,My rac approval requires review. I submitted the relevant research documents.,RAC,RAC,True,train
1532,Thesis submission status pending,The final thesis submission process has not been acknowledged. The thesis was submitted through the prescribed process.,Thesis_Submission,Thesis_Submission,True,validation
1215,Publication verification pending,The publication documents submitted for verification has not been processed. I need the verification for my academic record.,Publication_Verification,Publication_Verification,True,train
505,Issue regarding doctoral supervision,The supervisor information in the portal has not been updated. The current information does not match my records.,Supervisor_Related,Supervisor_Related,True,validation
3162,General doctoral process grievance,A university research office matter is still pending. I have submitted the relevant documents.,Other,Other,True,validation
2396,Problem with doctoral fee,The fee transaction in the portal is not reflected. The amount was already paid successfully.,Fee,Fee,True,train
1997,Doctoral defense date not received,My viva status requires clarification. My thesis evaluation has already progressed.,Viva,Viva,True,train
2435,Fellowship payment delayed,The fellowship amount is still pending. I have not received any update from the concerned office.,Fellowship,Fellowship,True,train
1959,Issue with viva examination,My doctoral defense has not been updated. I need confirmation of the next step.,Viva,Viva,True,train
1385,Publication record verification issue,The publication documents submitted for verification is awaiting verification. I submitted the publication documents as requested.,Publication_Verification,Publication_Verification,True,train
895,RAC schedule not received,The recommendations recorded by the rac has not been scheduled. I have completed the required preparation.,RAC,RAC,True,train
829,Problem with RAC proceedings,The recommendations recorded by the rac is still pending. I have completed the required preparation.,RAC,RAC,True,test
3113,General doctoral process grievance,An issue related to my doctoral process does not fit the available grievance categories. The issue is affecting my research work.,Other,Other,True,train
2524,Research fellowship issue,The fellowship amount is still pending. I have completed the required fellowship formalities.,Fellowship,Fellowship,True,validation
1684,Thesis evaluation delayed,The status of my thesis review is still pending. I would like the concerned office to verify the current status.,Thesis_Evaluation,Thesis_Evaluation,True,train
2747,Research portal details need correction,The information displayed in my account is missing important information. The discrepancy is visible in my portal profile.,Portal_Data_Correction,Portal_Data_Correction,True,train
2731,Incorrect personal information in portal,My doctoral profile has not been corrected. The incorrect information may affect official records.,Portal_Data_Correction,Portal_Data_Correction,True,train
2683,Incorrect personal information in portal,My research record in the portal shows outdated details. The discrepancy is visible in my portal profile.,Portal_Data_Correction,Portal_Data_Correction,True,train
653,Course work registration problem,My research coursework are missing from my record. I completed the required academic activities.,Course_Work,Course_Work,True,train
173,Admission application not updated,My admission documents has not been approved. The required documents were uploaded successfully.,PhD_Admission,PhD_Admission,True,validation
39,Admission application not updated,My phd admission request has not been approved. The required documents were uploaded successfully.,PhD_Admission,PhD_Admission,True,test
3051,General doctoral process grievance,My doctoral administrative problem is still pending. The issue is affecting my research work.,Other,Other,True,test
714,Issue with research classes,My research coursework are not reflected correctly. The concerned course has already been completed.,Course_Work,Course_Work,True,test
91,PhD admission approval delayed,My phd admission approval has not been approved. The required documents were uploaded successfully.,PhD_Admission,PhD_Admission,True,train
3150,General research grievance,A university research office matter is still pending. The issue is affecting my research work.,Other,Other,True,train
1206,Research paper verification issue,My research article verification has not been processed. I need the verification for my academic record.,Publication_Verification,Publication_Verification,True,train
2642,Portal record correction request,My name and academic details needs to be updated. I submitted a correction request earlier.,Portal_Data_Correction,Portal_Data_Correction,True,train
2758,Portal record correction request,My research record in the portal does not match my official documents. I submitted a correction request earlier.,Portal_Data_Correction,Portal_Data_Correction,True,train
1828,Viva voce scheduling issue,My doctoral defense has not been communicated. The delay is affecting completion of my PhD.,Viva,Viva,True,test
1156,RDC meeting request pending,The rdc approval process is still pending. The required research documents have already been submitted.,RDC,RDC,True,test
1325,Publication verification pending,My publication record has not been updated. I submitted the publication documents as requested.,Publication_Verification,Publication_Verification,True,validation
217,Problem with doctoral enrollment,My phd registration has not been processed. The registration deadline is approaching.,Registration,Registration,True,train
511,Supervisor allocation issue,The supervisor information in the portal requires review. I need clarification before proceeding with my research.,Supervisor_Related,Supervisor_Related,True,train
1681,Thesis evaluation not updated,The thesis assessment process requires clarification. I would like the concerned office to verify the current status.,Thesis_Evaluation,Thesis_Evaluation,True,train
500,Supervisor assignment pending,The supervisor information in the portal is causing difficulty in continuing my research. The matter has remained unresolved for several days.,Supervisor_Related,Supervisor_Related,True,train
2648,Problem with profile information,My portal data needs to be updated. I request the concerned office to update the record.,Portal_Data_Correction,Portal_Data_Correction,True,validation
1857,Viva voce scheduling issue,The viva schedule requires clarification. I have not received the examination schedule.,Viva,Viva,True,validation
1389,Publication record verification issue,My research publication verification has not been completed. I have already provided the required evidence.,Publication_Verification,Publication_Verification,True,validation
1520,Problem submitting doctoral thesis,My thesis submission has not been acknowledged. I submitted the required documents successfully.,Thesis_Submission,Thesis_Submission,True,train
2387,Fee payment not reflected,My semester research fee has not been updated. I have the transaction details available.,Fee,Fee,True,train
3170,General research grievance,A university research office matter has not been resolved. I am requesting appropriate guidance on the next step.,Other,Other,True,train
2077,Request to change research mode,The research mode recorded in the portal has not been updated. The supporting documents have already been provided.,FT_PT_Conversion,FT_PT_Conversion,True,train
1541,Problem submitting doctoral thesis,The doctoral thesis submission record is showing an incorrect status. I submitted the required documents successfully.,Thesis_Submission,Thesis_Submission,True,train
1218,Publication verification pending,The paper verification request is awaiting verification. I have already provided the required evidence.,Publication_Verification,Publication_Verification,True,train
1417,Thesis submission record missing,The final thesis submission process has not been updated. I submitted the required documents successfully.,Thesis_Submission,Thesis_Submission,True,validation
2218,Research fee payment issue,The fee receipt has not been updated. The amount was already paid successfully.,Fee,Fee,True,test
2690,Research portal details need correction,My name and academic details does not match my official documents. The discrepancy is visible in my portal profile.,Portal_Data_Correction,Portal_Data_Correction,True,train
1677,Delay in doctoral thesis assessment,The evaluation of my doctoral thesis requires clarification. I would like the concerned office to verify the current status.,Thesis_Evaluation,Thesis_Evaluation,True,train
1198,RDC approval pending,The rdc approval process appears to be awaiting review. I have been waiting for the committee's decision.,RDC,RDC,True,train
1543,Thesis submission not updated,The thesis submission status is not visible in the portal. I need confirmation that the submission was received.,Thesis_Submission,Thesis_Submission,True,validation
2540,Fellowship payment delayed,My research fellowship payment has not been updated. The delay is causing difficulty in managing my research expenses.,Fellowship,Fellowship,True,train
954,RAC meeting issue,The recommendations recorded by the rac requires review. I have been waiting for an official update.,RAC,RAC,True,train
751,Course work credit issue,My coursework credits are not reflected correctly. I have supporting records for the completed work.,Course_Work,Course_Work,True,train
235,Registration status not updated,My phd registration cannot be completed. All requested information has been submitted.,Registration,Registration,True,train
733,Course work marks not reflected,My coursework completion status cannot be completed due to a portal issue. I completed the required academic activities.,Course_Work,Course_Work,True,train
3191,General research grievance,An administrative issue concerning my research has not been resolved. I am requesting appropriate guidance on the next step.,Other,Other,True,test
1157,Issue with RDC review,The status of my rdc case has not been updated. I need confirmation from the concerned office.,RDC,RDC,True,test
2746,Research portal details need correction,My name and academic details does not match my official documents. The incorrect information may affect official records.,Portal_Data_Correction,Portal_Data_Correction,True,train
2446,Stipend not credited,My research fellowship payment is still pending. I have not received any update from the concerned office.,Fellowship,Fellowship,True,test
1210,Publication verification pending,The verification of my published paper has not been updated. The publication details are available for verification.,Publication_Verification,Publication_Verification,True,validation
1066,RDC meeting request pending,My research matter before the rdc has not been updated. The required research documents have already been submitted.,RDC,RDC,True,train
2157,Problem with research status conversion,The research mode recorded in the portal requires approval. I am waiting for confirmation from the concerned office.,FT_PT_Conversion,FT_PT_Conversion,True,test
1063,Research Degree Committee issue,The status of my rdc case requires clarification. The required research documents have already been submitted.,RDC,RDC,True,train
2617,Incorrect personal information in portal,My name and academic details has not been corrected. I have the correct supporting document.,Portal_Data_Correction,Portal_Data_Correction,True,train
1168,Problem regarding RDC decision,The rdc decision has not progressed. I need confirmation from the concerned office.,RDC,RDC,True,test
1493,Thesis submission process delayed,The thesis submission status is not visible in the portal. I submitted the required documents successfully.,Thesis_Submission,Thesis_Submission,True,train
2643,Portal record correction request,My research record in the portal does not match my official documents. The discrepancy is visible in my portal profile.,Portal_Data_Correction,Portal_Data_Correction,True,train
885,Research Advisory Committee request pending,The next rac meeting has not been scheduled. I have completed the required preparation.,RAC,RAC,True,train
144,Unable to complete PhD admission,My admission documents has not moved to the next stage. The application was submitted before the deadline.,PhD_Admission,PhD_Admission,True,train
3137,Research administration problem,A university research office matter has not been resolved. I would like the matter to be reviewed.,Other,Other,True,test
851,RAC meeting issue,The research advisory committee process has not been communicated. I submitted the relevant research documents.,RAC,RAC,True,train
718,Course work credit issue,The coursework marks in the portal cannot be completed due to a portal issue. The issue is affecting my research progress.,Course_Work,Course_Work,True,validation
3032,Unclassified research-related issue,A university research office matter has not been resolved. I have submitted the relevant documents.,Other,Other,True,train
2503,Stipend not credited,My monthly stipend has not been credited. The delay is causing difficulty in managing my research expenses.,Fellowship,Fellowship,True,train
265,Registration status not updated,My doctoral registration status is still pending. The required documents are already available.,Registration,Registration,True,validation
76,Admission application not updated,My phd admission request has not been approved. I have already completed the required admission steps.,PhD_Admission,PhD_Admission,True,validation
2493,Research fellowship issue,My pending stipend has not been released. The payment was expected for the current month.,Fellowship,Fellowship,True,test
396,PhD registration issue,My registration request is not reflecting the submitted information. I have completed the required registration steps.,Registration,Registration,True,train
2718,Problem with profile information,My doctoral profile needs to be updated. I submitted a correction request earlier.,Portal_Data_Correction,Portal_Data_Correction,True,train
2225,Problem with doctoral fee,My doctoral fee record is showing as unpaid. The payment was made before the deadline.,Fee,Fee,True,validation
2989,Problem with RTI/IIGRS submission,The status of my iigrs request has not been processed. I am waiting for an official response.,RTI_IIGRS,RTI_IIGRS,True,train
397,Registration status not updated,My doctoral registration status has not been updated. All requested information has been submitted.,Registration,Registration,True,test
1366,Problem verifying research publication,My research publication verification is awaiting verification. The publication details are available for verification.,Publication_Verification,Publication_Verification,True,train
2670,Incorrect doctoral record,The information displayed in my account is missing important information. I submitted a correction request earlier.,Portal_Data_Correction,Portal_Data_Correction,True,train
1904,Doctoral defense date not received,My doctoral defense is awaiting confirmation. I need confirmation of the next step.,Viva,Viva,True,train
596,Issue regarding doctoral supervision,My supervision arrangement has not been finalized. I need clarification before proceeding with my research.,Supervisor_Related,Supervisor_Related,True,train
2110,Part-time conversion pending,The research mode recorded in the portal is still pending. The supporting documents have already been provided.,FT_PT_Conversion,FT_PT_Conversion,True,test
1297,Problem verifying research publication,My research publication verification has not been completed. The delay is affecting my research documentation.,Publication_Verification,Publication_Verification,True,train
1822,Issue with viva examination,The viva schedule requires clarification. I need confirmation of the next step.,Viva,Viva,True,train
873,Research Advisory Committee request pending,The research advisory committee process has not been communicated. I have been waiting for an official update.,RAC,RAC,True,test
3104,General doctoral process grievance,An administrative issue concerning my research needs attention from the concerned office. The issue is affecting my research work.,Other,Other,True,train
2327,Research fee status pending,The fee transaction in the portal appears to contain an incorrect amount. The issue is preventing completion of the required process.,Fee,Fee,True,train
1549,Thesis submission status pending,My submitted thesis documents is still pending. The submission deadline has already passed.,Thesis_Submission,Thesis_Submission,True,train
37,PhD admission application pending,My phd admission request is showing an incorrect status. The application was submitted before the deadline.,PhD_Admission,PhD_Admission,True,train
2698,Research portal data correction,My portal data has not been corrected. The incorrect information may affect official records.,Portal_Data_Correction,Portal_Data_Correction,True,train
2144,Part-time conversion pending,The change in my doctoral study mode has not been updated. I submitted the required application.,FT_PT_Conversion,FT_PT_Conversion,True,train
2729,Research portal details need correction,My research record in the portal does not match my official documents. I submitted a correction request earlier.,Portal_Data_Correction,Portal_Data_Correction,True,test
978,RAC approval pending,The research advisory committee process needs clarification. I have been waiting for an official update.,RAC,RAC,True,train
1572,Thesis submission not updated,My thesis upload is not visible in the portal. I need confirmation that the submission was received.,Thesis_Submission,Thesis_Submission,True,train
1123,RDC proposal status not updated,My research degree committee review has not been updated. I have been waiting for the committee's decision.,RDC,RDC,True,test
2240,Problem with doctoral fee,My research fee payment has not been updated. I have the transaction details available.,Fee,Fee,True,test
2505,Fellowship payment record incorrect,My monthly stipend has not been credited. I have completed the required fellowship formalities.,Fellowship,Fellowship,True,test
1893,Viva voce scheduling issue,The defense process is still pending. I need confirmation of the next step.,Viva,Viva,True,train
676,Course work marks not reflected,My coursework completion status are not reflected correctly. The concerned course has already been completed.,Course_Work,Course_Work,True,train
729,Course work status not updated,My registered research courses have not been updated. I completed the required academic activities.,Course_Work,Course_Work,True,train
413,Problem with research supervisor,The doctoral supervision process has not been updated. I need clarification before proceeding with my research.,Supervisor_Related,Supervisor_Related,True,train
1517,Thesis submission status pending,My thesis submission has not been acknowledged. The submission deadline has already passed.,Thesis_Submission,Thesis_Submission,True,train
1650,Thesis evaluation delayed,The evaluation of my doctoral thesis has not been completed. I have been waiting for the evaluation update.,Thesis_Evaluation,Thesis_Evaluation,True,train
826,RAC meeting issue,The research advisory committee process is still pending. I have completed the required preparation.,RAC,RAC,True,test
617,Course work status not updated,My research coursework cannot be completed due to a portal issue. I completed the required academic activities.,Course_Work,Course_Work,True,train
115,Issue with PhD admission status,My phd admission request has not been updated. The application was submitted before the deadline.,PhD_Admission,PhD_Admission,True,validation
418,Request for supervisor change,My supervision arrangement needs correction. I have not received a clear update from the concerned office.,Supervisor_Related,Supervisor_Related,True,test
1626,Thesis evaluation not updated,My thesis evaluation has not progressed. I have not received an official evaluation status.,Thesis_Evaluation,Thesis_Evaluation,True,train
2653,Research portal details need correction,The information displayed in my account shows outdated details. I have the correct supporting document.,Portal_Data_Correction,Portal_Data_Correction,True,train
3133,Issue not covered by listed categories,My research administration matter has not received a response. I have submitted the relevant documents.,Other,Other,True,validation
90,PhD admission application pending,My phd admission request has not been updated. I have not received any further update.,PhD_Admission,PhD_Admission,True,train
2083,Full-time part-time status change,My request for a change of research status needs clarification. I need the change to be reflected in my academic record.,FT_PT_Conversion,FT_PT_Conversion,True,validation
754,Course work credit issue,My coursework completion status have not been updated. The concerned course has already been completed.,Course_Work,Course_Work,True,train
2547,Fellowship payment delayed,My pending stipend has not been updated. The payment was expected for the current month.,Fellowship,Fellowship,True,train
1631,Thesis evaluation delayed,The thesis assessment process is still pending. I have not received an official evaluation status.,Thesis_Evaluation,Thesis_Evaluation,True,train
12,Issue with PhD admission status,My doctoral admission application is still pending. The application was submitted before the deadline.,PhD_Admission,PhD_Admission,True,train
2445,Stipend not credited,My pending stipend has not been credited. I have completed the required fellowship formalities.,Fellowship,Fellowship,True,train
285,Registration request not processed,My doctoral registration status has not been processed. I need the registration to be completed for my research work.,Registration,Registration,True,test
1067,Research Degree Committee issue,My research matter before the rdc has not been communicated. The matter was submitted through the prescribed process.,RDC,RDC,True,train
1192,RDC meeting request pending,The rdc approval process requires clarification. I need confirmation from the concerned office.,RDC,RDC,True,train
1441,Thesis submission process delayed,The final thesis submission process is showing an incorrect status. The issue is preventing me from moving to the next stage.,Thesis_Submission,Thesis_Submission,True,train
2991,RTI/IIGRS grievance pending,My grievance under the rti/iigrs process has not received a response. I submitted the request through the appropriate channel.,RTI_IIGRS,RTI_IIGRS,True,train
2990,RTI/IIGRS grievance pending,My rti-related matter is awaiting action. I submitted the request through the appropriate channel.,RTI_IIGRS,RTI_IIGRS,True,train
2893,RTI/IIGRS grievance pending,The rti request submitted through the concerned process is still pending. I submitted the request through the appropriate channel.,RTI_IIGRS,RTI_IIGRS,True,train
1569,Thesis submission process delayed,My thesis submission requires confirmation. The issue is preventing me from moving to the next stage.,Thesis_Submission,Thesis_Submission,True,train
2428,Fellowship payment delayed,My scholarship payment requires clarification. I have completed the required fellowship formalities.,Fellowship,Fellowship,True,test
2750,Research portal data correction,My name and academic details has not been corrected. I request the concerned office to update the record.,Portal_Data_Correction,Portal_Data_Correction,True,train
1688,Delay in doctoral thesis assessment,The evaluation of my doctoral thesis appears to be delayed. The delay is affecting the next stage of my doctoral process.,Thesis_Evaluation,Thesis_Evaluation,True,train
852,RAC schedule not received,My rac meeting has not been scheduled. I need the concerned office to confirm the next step.,RAC,RAC,True,train
2208,Fee payment not reflected,My doctoral fee record has not generated a receipt. The amount was already paid successfully.,Fee,Fee,True,validation
896,Problem with RAC proceedings,The research advisory committee process has not been communicated. I need the concerned office to confirm the next step.,RAC,RAC,True,validation
497,Issue regarding doctoral supervision,The supervisor assigned to my phd needs correction. The current information does not match my records.,Supervisor_Related,Supervisor_Related,True,train
2306,Research fee payment issue,The fee receipt appears to contain an incorrect amount. I have the transaction details available.,Fee,Fee,True,train
1783,Delay in doctoral thesis assessment,My thesis evaluation record requires clarification. I would like the concerned office to verify the current status.,Thesis_Evaluation,Thesis_Evaluation,True,test
336,Unable to complete research registration,My enrollment record is showing an error. I have completed the required registration steps.,Registration,Registration,True,validation
516,Issue regarding doctoral supervision,My request for a supervisor change requires review. The current information does not match my records.,Supervisor_Related,Supervisor_Related,True,test
1349,Paper verification request delayed,The paper verification request has not been processed. The delay is affecting my research documentation.,Publication_Verification,Publication_Verification,True,train
1016,Research Degree Committee issue,My research matter before the rdc appears to be awaiting review. The delay is affecting my research schedule.,RDC,RDC,True,train
2998,RTI/IIGRS grievance pending,My iigrs grievance is awaiting action. The current status has not changed.,RTI_IIGRS,RTI_IIGRS,True,test
2993,IIGRS request pending,My iigrs grievance has not been updated. I have the submission reference available.,RTI_IIGRS,RTI_IIGRS,True,train
1782,Delay in doctoral thesis assessment,My thesis evaluation record requires clarification. My thesis has already been submitted.,Thesis_Evaluation,Thesis_Evaluation,True,train
2570,Fellowship payment delayed,The fellowship record has not been released. I have completed the required fellowship formalities.,Fellowship,Fellowship,True,train
1786,Delay in doctoral thesis assessment,My thesis evaluation has not been updated. I would like the concerned office to verify the current status.,Thesis_Evaluation,Thesis_Evaluation,True,train
2071,Part-time conversion pending,My research status conversion needs clarification. I submitted the required application.,FT_PT_Conversion,FT_PT_Conversion,True,train
357,Registration status not updated,My enrollment record is showing an error. The required documents are already available.,Registration,Registration,True,train
3042,Research administration problem,A university research office matter requires clarification. I am requesting appropriate guidance on the next step.,Other,Other,True,train
1313,Publication verification pending,My research article verification is still pending. I have already provided the required evidence.,Publication_Verification,Publication_Verification,True,train
1636,Delay in doctoral thesis assessment,My thesis review status has not been completed. The delay is affecting the next stage of my doctoral process.,Thesis_Evaluation,Thesis_Evaluation,True,train
551,Issue regarding doctoral supervision,The supervisor assigned to my phd requires review. I need clarification before proceeding with my research.,Supervisor_Related,Supervisor_Related,True,train
2389,Research fee status pending,The fee transaction in the portal has not been updated. I need the fee record corrected.,Fee,Fee,True,test
2480,Fellowship payment delayed,My pending stipend has not been credited. I have not received any update from the concerned office.,Fellowship,Fellowship,True,test
2522,Fellowship payment record incorrect,My scholarship payment is still pending. I have not received any update from the concerned office.,Fellowship,Fellowship,True,train
2266,Payment record not updated,My doctoral fee record is still pending. The payment was made before the deadline.,Fee,Fee,True,train
1228,Publication record verification issue,My research publication verification is still pending. I have already provided the required evidence.,Publication_Verification,Publication_Verification,True,test
2860,Issue related to RTI request,My rti/iigrs case has not been updated. The current status has not changed.,RTI_IIGRS,RTI_IIGRS,True,train
958,Problem with RAC proceedings,My rac meeting has not been scheduled. I submitted the relevant research documents.,RAC,RAC,True,train
1774,Thesis review status pending,The evaluation of my doctoral thesis appears to be delayed. I would like the concerned office to verify the current status.,Thesis_Evaluation,Thesis_Evaluation,True,train
2142,Full-time to part-time conversion request,The research mode recorded in the portal has not been updated. I am waiting for confirmation from the concerned office.,FT_PT_Conversion,FT_PT_Conversion,True,train
1009,Research Degree Committee issue,My research matter before the rdc requires clarification. The required research documents have already been submitted.,RDC,RDC,True,train
1093,RDC meeting request pending,The status of my rdc case appears to be awaiting review. The matter was submitted through the prescribed process.,RDC,RDC,True,train
3180,General doctoral process grievance,An administrative issue concerning my research requires clarification. I have already contacted the concerned office.,Other,Other,True,train
997,RAC meeting issue,My rac schedule has not been scheduled. I have been waiting for an official update.,RAC,RAC,True,train
1680,Thesis review status pending,The thesis assessment process is still pending. I have not received an official evaluation status.,Thesis_Evaluation,Thesis_Evaluation,True,train
154,Unable to complete PhD admission,The admission status in the research portal has not moved to the next stage. The required documents were uploaded successfully.,PhD_Admission,PhD_Admission,True,train
2972,IIGRS grievance status issue,The status of my iigrs request is still pending. I have the submission reference available.,RTI_IIGRS,RTI_IIGRS,True,test
581,Request for supervisor change,My request for a supervisor change has not been finalized. The matter has remained unresolved for several days.,Supervisor_Related,Supervisor_Related,True,train
1471,Thesis submission record missing,The thesis submission status is not visible in the portal. The thesis was submitted through the prescribed process.,Thesis_Submission,Thesis_Submission,True,test
704,Course work marks not reflected,The coursework marks in the portal are missing from my record. The issue is affecting my research progress.,Course_Work,Course_Work,True,train
1213,Publication verification pending,My research article verification has not been completed. The delay is affecting my research documentation.,Publication_Verification,Publication_Verification,True,train
897,RAC meeting issue,The recommendations recorded by the rac has not been scheduled. The matter is affecting my research timeline.,RAC,RAC,True,train
488,Issue regarding doctoral supervision,The doctoral supervision process has not been finalized. I have already submitted the required request.,Supervisor_Related,Supervisor_Related,True,train
560,Supervisor details not updated,The supervisor assigned to my phd has not been updated. I have already submitted the required request.,Supervisor_Related,Supervisor_Related,True,validation
1142,Problem regarding RDC decision,The status of my rdc case is still pending. I have been waiting for the committee's decision.,RDC,RDC,True,train
1120,RDC proposal status not updated,The status of my rdc case has not progressed. I have been waiting for the committee's decision.,RDC,RDC,True,train
513,Request for supervisor change,The supervisor information in the portal has not been finalized. The current information does not match my records.,Supervisor_Related,Supervisor_Related,True,train
634,Problem with course credits,My registered research courses have not been updated. The issue is affecting my research progress.,Course_Work,Course_Work,True,train
2757,Incorrect personal information in portal,My portal data contains incorrect information. I submitted a correction request earlier.,Portal_Data_Correction,Portal_Data_Correction,True,train
1665,Delay in doctoral thesis assessment,My thesis evaluation record has not progressed. My thesis has already been submitted.,Thesis_Evaluation,Thesis_Evaluation,True,validation
1013,RDC approval pending,My research matter before the rdc has not progressed. The required research documents have already been submitted.,RDC,RDC,True,train
1932,Doctoral defense date not received,My viva voce examination has not been scheduled. I have completed the required pre-viva formalities.,Viva,Viva,True,train
1151,RDC approval pending,My research matter before the rdc appears to be awaiting review. The required research documents have already been submitted.,RDC,RDC,True,validation
2995,Problem with RTI/IIGRS submission,My rti-related matter is still pending. The current status has not changed.,RTI_IIGRS,RTI_IIGRS,True,train
117,Issue with PhD admission status,My admission documents is awaiting verification. The required documents were uploaded successfully.,PhD_Admission,PhD_Admission,True,train
741,Course work status not updated,My coursework completion status cannot be completed due to a portal issue. I have supporting records for the completed work.,Course_Work,Course_Work,True,train
2950,Problem with RTI/IIGRS submission,The status of my iigrs request is still pending. I submitted the request through the appropriate channel.,RTI_IIGRS,RTI_IIGRS,True,train
1975,Doctoral defense date not received,My viva examination date has not been updated. My thesis evaluation has already progressed.,Viva,Viva,True,train
1082,RDC proposal status not updated,My research degree committee review is still pending. The required research documents have already been submitted.,RDC,RDC,True,train
1811,Issue with viva examination,My doctoral defense requires clarification. The delay is affecting completion of my PhD.,Viva,Viva,True,train
831,Issue regarding RAC meeting,The research advisory committee process is still pending. I submitted the relevant research documents.,RAC,RAC,True,validation
120,Issue with PhD admission status,My phd admission approval is still pending. I have already completed the required admission steps.,PhD_Admission,PhD_Admission,True,test
657,Problem with course credits,My coursework completion status are not reflected correctly. I have supporting records for the completed work.,Course_Work,Course_Work,True,train
2917,RTI/IIGRS grievance pending,The rti request submitted through the concerned process is still pending. I would like the concerned office to verify the matter.,RTI_IIGRS,RTI_IIGRS,True,train
2872,IIGRS request pending,My rti-related matter is awaiting action. I submitted the request through the appropriate channel.,RTI_IIGRS,RTI_IIGRS,True,train
3125,General research grievance,My research administration matter requires clarification. I have submitted the relevant documents.,Other,Other,True,train
636,Course work registration problem,My coursework credits have not been updated. I completed the required academic activities.,Course_Work,Course_Work,True,train
370,Unable to complete research registration,My registration request is not reflecting the submitted information. I have completed the required registration steps.,Registration,Registration,True,train
269,Registration request not processed,The research enrollment process is showing an error. I need the registration to be completed for my research work.,Registration,Registration,True,train
2704,Research portal data correction,My name and academic details shows outdated details. The discrepancy is visible in my portal profile.,Portal_Data_Correction,Portal_Data_Correction,True,validation
47,Problem during doctoral admission,The admission status in the research portal has not been updated. The application was submitted before the deadline.,PhD_Admission,PhD_Admission,True,test
992,Problem with RAC proceedings,The next rac meeting has not been updated. I have been waiting for an official update.,RAC,RAC,True,train
877,Problem with RAC proceedings,The research advisory committee process needs clarification. I have completed the required preparation.,RAC,RAC,True,train
774,Issue with research classes,My coursework completion status cannot be completed due to a portal issue. I need the academic record corrected.,Course_Work,Course_Work,True,train
1220,Paper verification request delayed,The verification of my published paper has not been completed. I have already provided the required evidence.,Publication_Verification,Publication_Verification,True,validation
1127,Problem regarding RDC decision,My rdc proposal has not been updated. I have been waiting for the committee's decision.,RDC,RDC,True,train
5,Problem during doctoral admission,My phd admission request is awaiting verification. I submitted all required documents on time.,PhD_Admission,PhD_Admission,True,train
1596,Thesis submission not updated,My submitted thesis documents is still pending. The submission deadline has already passed.,Thesis_Submission,Thesis_Submission,True,train
2312,Fee payment not reflected,The fee transaction in the portal is not reflected. The issue is preventing completion of the required process.,Fee,Fee,True,train
3063,Issue not covered by listed categories,A university research office matter is still pending. I am requesting appropriate guidance on the next step.,Other,Other,True,train
2492,Fellowship status pending,My monthly stipend is still pending. I have completed the required fellowship formalities.,Fellowship,Fellowship,True,test
1078,Issue with RDC review,My rdc proposal is still pending. The matter was submitted through the prescribed process.,RDC,RDC,True,test
838,Research Advisory Committee request pending,The next rac meeting needs clarification. I need the concerned office to confirm the next step.,RAC,RAC,True,train
682,Course work status not updated,My registered research courses cannot be completed due to a portal issue. I have supporting records for the completed work.,Course_Work,Course_Work,True,validation
1716,Issue with thesis evaluation,My thesis evaluation has not been updated. The delay is affecting the next stage of my doctoral process.,Thesis_Evaluation,Thesis_Evaluation,True,train
2353,Fee transaction issue,My research fee payment is showing as unpaid. The amount was already paid successfully.,Fee,Fee,True,train
2618,Research portal details need correction,My name and academic details contains incorrect information. The incorrect information may affect official records.,Portal_Data_Correction,Portal_Data_Correction,True,train
2362,Payment record not updated,The payment status appears to contain an incorrect amount. The payment was made before the deadline.,Fee,Fee,True,train
2198,Full-time part-time status change,The research mode recorded in the portal has not been processed. The supporting documents have already been provided.,FT_PT_Conversion,FT_PT_Conversion,True,train
1149,RDC proposal status not updated,My rdc proposal has not been updated. I have been waiting for the committee's decision.,RDC,RDC,True,train
575,Supervisor allocation issue,My request for a supervisor change has not been updated. The matter has remained unresolved for several days.,Supervisor_Related,Supervisor_Related,True,train
51,Admission application not updated,The doctoral admission process is awaiting verification. The application was submitted before the deadline.,PhD_Admission,PhD_Admission,True,validation
854,Issue regarding RAC meeting,My rac schedule has not been updated. I need the concerned office to confirm the next step.,RAC,RAC,True,train
1983,Viva status pending,My doctoral defense is still pending. My thesis evaluation has already progressed.,Viva,Viva,True,train
2775,Portal record correction request,My name and academic details has not been corrected. I request the concerned office to update the record.,Portal_Data_Correction,Portal_Data_Correction,True,train
1824,Problem regarding doctoral defense,My viva voce examination has not been scheduled. My thesis evaluation has already progressed.,Viva,Viva,True,train
834,RAC approval pending,My rac meeting requires review. I have completed the required preparation.,RAC,RAC,True,test
1116,Problem regarding RDC decision,My research degree committee review requires clarification. I have been waiting for the committee's decision.,RDC,RDC,True,train
1167,RDC proposal status not updated,My research matter before the rdc is still pending. The matter was submitted through the prescribed process.,RDC,RDC,True,validation
2519,Research fellowship issue,The fellowship amount has not been updated. The delay is causing difficulty in managing my research expenses.,Fellowship,Fellowship,True,train
1907,Problem regarding doctoral defense,My doctoral defense requires clarification. I need confirmation of the next step.,Viva,Viva,True,validation
972,Research Advisory Committee request pending,The next rac meeting has not been scheduled. The matter is affecting my research timeline.,RAC,RAC,True,test
2702,Problem with profile information,The information displayed in my account needs to be updated. I request the concerned office to update the record.,Portal_Data_Correction,Portal_Data_Correction,True,validation
400,Problem with doctoral enrollment,My doctoral registration status is not reflecting the submitted information. The required documents are already available.,Registration,Registration,True,train
2560,Stipend not credited,The fellowship record is still pending. The delay is causing difficulty in managing my research expenses.,Fellowship,Fellowship,True,train
2369,Problem with doctoral fee,The fee receipt is still pending. I need the fee record corrected.,Fee,Fee,True,validation
20,Unable to complete PhD admission,The doctoral admission process has not been updated. I submitted all required documents on time.,PhD_Admission,PhD_Admission,True,test
685,Course work status not updated,My coursework credits cannot be completed due to a portal issue. I have supporting records for the completed work.,Course_Work,Course_Work,True,train
36,Admission application not updated,My admission documents is still pending. The application was submitted before the deadline.,PhD_Admission,PhD_Admission,True,train
3019,Issue not covered by listed categories,My doctoral administrative problem is still pending. I would like the matter to be reviewed.,Other,Other,True,train
525,Supervisor allocation issue,The supervisor assigned to my phd has not been updated. I have not received a clear update from the concerned office.,Supervisor_Related,Supervisor_Related,True,validation
2456,Fellowship status pending,The fellowship amount is still pending. The delay is causing difficulty in managing my research expenses.,Fellowship,Fellowship,True,train
921,RAC approval pending,My rac schedule has not been updated. I have been waiting for an official update.,RAC,RAC,True,train
1842,Problem regarding doctoral defense,My viva voce examination has not been communicated. I have not received the examination schedule.,Viva,Viva,True,train
1891,Problem regarding doctoral defense,The defense process is still pending. My thesis evaluation has already progressed.,Viva,Viva,True,validation
538,Request for supervisor change,The doctoral supervision process has not been finalized. The matter has remained unresolved for several days.,Supervisor_Related,Supervisor_Related,True,train
2807,Problem with RTI/IIGRS submission,The rti request submitted through the concerned process has not received a response. I submitted the request through the appropriate channel.,RTI_IIGRS,RTI_IIGRS,True,test
1706,Problem regarding thesis evaluation,The thesis assessment process requires clarification. I have been waiting for the evaluation update.,Thesis_Evaluation,Thesis_Evaluation,True,train
3124,General research grievance,A university research office matter requires clarification. I have already contacted the concerned office.,Other,Other,True,train
246,Registration request not processed,The registration details in the portal cannot be completed. The registration deadline is approaching.,Registration,Registration,True,train
785,Course work credit issue,The coursework classes are missing from my record. I have supporting records for the completed work.,Course_Work,Course_Work,True,train
1410,Thesis submission status pending,The thesis submission status is still pending. The submission deadline has already passed.,Thesis_Submission,Thesis_Submission,True,test
2538,Research fellowship issue,My research fellowship payment is still pending. The delay is causing difficulty in managing my research expenses.,Fellowship,Fellowship,True,train
155,Admission application not updated,My admission documents is awaiting verification. I have already completed the required admission steps.,PhD_Admission,PhD_Admission,True,train
1687,Thesis review status pending,The evaluation of my doctoral thesis requires clarification. I would like the concerned office to verify the current status.,Thesis_Evaluation,Thesis_Evaluation,True,train
626,Problem with course credits,The coursework classes have not been updated. The issue is affecting my research progress.,Course_Work,Course_Work,True,validation
2734,Research portal data correction,My name and academic details does not match my official documents. I request the concerned office to update the record.,Portal_Data_Correction,Portal_Data_Correction,True,test
3067,General research grievance,A university research office matter has not been resolved. I have already contacted the concerned office.,Other,Other,True,train
1347,Problem verifying research publication,The paper verification request has not been processed. I submitted the publication documents as requested.,Publication_Verification,Publication_Verification,True,validation
570,Issue regarding doctoral supervision,My request for a supervisor change is causing difficulty in continuing my research. I have not received a clear update from the concerned office.,Supervisor_Related,Supervisor_Related,True,test
3126,General doctoral process grievance,My research administration matter is still pending. The issue is affecting my research work.,Other,Other,True,validation
1759,Thesis evaluation not updated,The evaluation of my doctoral thesis is still pending. I have been waiting for the evaluation update.,Thesis_Evaluation,Thesis_Evaluation,True,train
1817,Problem regarding doctoral defense,The defense process is still pending. The delay is affecting completion of my PhD.,Viva,Viva,True,train
2066,Full-time part-time status change,My request to convert from full-time to part-time has not been processed. I need the change to be reflected in my academic record.,FT_PT_Conversion,FT_PT_Conversion,True,train
128,Problem during doctoral admission,My admission documents has not been approved. The application was submitted before the deadline.,PhD_Admission,PhD_Admission,True,train
3200,Unclassified research-related issue,A university research office matter requires clarification. The issue is affecting my research work.,Other,Other,True,train
2007,Request to change research mode,The research mode recorded in the portal requires approval. The supporting documents have already been provided.,FT_PT_Conversion,FT_PT_Conversion,True,train
981,Problem with RAC proceedings,My rac schedule is still pending. I have completed the required preparation.,RAC,RAC,True,validation
3187,Research administration problem,My research administration matter is still pending. I am requesting appropriate guidance on the next step.,Other,Other,True,test
191,Problem during doctoral admission,My phd admission approval has not moved to the next stage. I have not received any further update.,PhD_Admission,PhD_Admission,True,validation
1140,Research Degree Committee issue,The rdc decision has not progressed. The matter was submitted through the prescribed process.,RDC,RDC,True,validation
993,RAC schedule not received,The research advisory committee process has not been communicated. The matter is affecting my research timeline.,RAC,RAC,True,train
700,Issue with research classes,The coursework marks in the portal are missing from my record. I need the academic record corrected.,Course_Work,Course_Work,True,test
607,Course work status not updated,The coursework marks in the portal are not reflected correctly. I need the academic record corrected.,Course_Work,Course_Work,True,test
181,PhD admission approval delayed,My admission documents has not been approved. The required documents were uploaded successfully.,PhD_Admission,PhD_Admission,True,train
302,Registration status not updated,My registration request has not been updated. I have completed the required registration steps.,Registration,Registration,True,train
2545,Stipend not credited,My monthly stipend requires clarification. The payment was expected for the current month.,Fellowship,Fellowship,True,train
2965,IIGRS request pending,The rti request submitted through the concerned process is still pending. I submitted the request through the appropriate channel.,RTI_IIGRS,RTI_IIGRS,True,train
1061,Research Degree Committee issue,My rdc proposal has not been communicated. I need confirmation from the concerned office.,RDC,RDC,True,train
3009,Research administration problem,A university research office matter has not been resolved. I have already contacted the concerned office.,Other,Other,True,train
3069,General research grievance,My doctoral administrative problem has not received a response. The issue is affecting my research work.,Other,Other,True,validation
2566,Fellowship status pending,My pending stipend is still pending. The previous payments were processed normally.,Fellowship,Fellowship,True,train
1070,RDC proposal status not updated,My research degree committee review has not been communicated. The required research documents have already been submitted.,RDC,RDC,True,train
2525,Fellowship payment record incorrect,The fellowship record has not been updated. The delay is causing difficulty in managing my research expenses.,Fellowship,Fellowship,True,train
2206,Problem with doctoral fee,The fee receipt has not generated a receipt. I have the transaction details available.,Fee,Fee,True,test
1244,Paper verification request delayed,The verification of my published paper requires clarification. The publication details are available for verification.,Publication_Verification,Publication_Verification,True,validation
17,PhD admission approval delayed,The doctoral admission process has not been updated. I have not received any further update.,PhD_Admission,PhD_Admission,True,test
3178,General doctoral process grievance,An issue related to my doctoral process needs attention from the concerned office. The issue is affecting my research work.,Other,Other,True,validation
547,Supervisor assignment pending,The doctoral supervision process has not been updated. I need clarification before proceeding with my research.,Supervisor_Related,Supervisor_Related,True,train
659,Course work marks not reflected,My research coursework are still pending. The issue is affecting my research progress.,Course_Work,Course_Work,True,train
2886,Problem with RTI/IIGRS submission,My rti/iigrs case has not been updated. I have the submission reference available.,RTI_IIGRS,RTI_IIGRS,True,train
2938,RTI matter not updated,My grievance under the rti/iigrs process is still pending. I submitted the request through the appropriate channel.,RTI_IIGRS,RTI_IIGRS,True,train
1505,Thesis submission process delayed,The thesis submission status is not visible in the portal. The issue is preventing me from moving to the next stage.,Thesis_Submission,Thesis_Submission,True,train
960,RAC approval pending,My rac schedule has not been scheduled. I submitted the relevant research documents.,RAC,RAC,True,train
2332,Problem with doctoral fee,The fee receipt has not generated a receipt. The payment was made before the deadline.,Fee,Fee,True,test
798,Course work credit issue,My registered research courses are not reflected correctly. I need the academic record corrected.,Course_Work,Course_Work,True,test
226,Problem with doctoral enrollment,The registration details in the portal cannot be completed. The registration deadline is approaching.,Registration,Registration,True,test
2075,Full-time part-time status change,The research mode recorded in the portal is showing the old status. The supporting documents have already been provided.,FT_PT_Conversion,FT_PT_Conversion,True,train
1800,Delay in doctoral thesis assessment,My thesis review status is still pending. I have not received an official evaluation status.,Thesis_Evaluation,Thesis_Evaluation,True,train
2486,Fellowship payment record incorrect,The fellowship amount is still pending. The previous payments were processed normally.,Fellowship,Fellowship,True,train
3158,General doctoral process grievance,My doctoral administrative problem has not received a response. I have already contacted the concerned office.,Other,Other,True,train
2278,Payment record not updated,My research fee payment is not reflected. I have the transaction details available.,Fee,Fee,True,train
2086,Research status conversion issue,The research mode recorded in the portal has not been updated. I need the change to be reflected in my academic record.,FT_PT_Conversion,FT_PT_Conversion,True,train
1694,Thesis evaluation delayed,The status of my thesis review has not progressed. My thesis has already been submitted.,Thesis_Evaluation,Thesis_Evaluation,True,train
2798,Research portal data correction,My research record in the portal shows outdated details. I request the concerned office to update the record.,Portal_Data_Correction,Portal_Data_Correction,True,train
1046,Problem regarding RDC decision,The rdc decision has not been updated. The delay is affecting my research schedule.,RDC,RDC,True,validation
470,Supervisor allocation issue,The doctoral supervision process is causing difficulty in continuing my research. I need clarification before proceeding with my research.,Supervisor_Related,Supervisor_Related,True,train
955,Issue regarding RAC meeting,My rac meeting needs clarification. I need the concerned office to confirm the next step.,RAC,RAC,True,train
3174,Other research administration issue,A university research office matter has not been resolved. I would like the matter to be reviewed.,Other,Other,True,validation
2736,Problem with profile information,My research record in the portal shows outdated details. I have the correct supporting document.,Portal_Data_Correction,Portal_Data_Correction,True,train
640,Course work credit issue,My research coursework are showing an incorrect value. I completed the required academic activities.,Course_Work,Course_Work,True,train
2968,IIGRS request pending,The rti request submitted through the concerned process has not been updated. The current status has not changed.,RTI_IIGRS,RTI_IIGRS,True,validation
1219,Publication record verification issue,The publication documents submitted for verification requires clarification. I have already provided the required evidence.,Publication_Verification,Publication_Verification,True,train
1159,RDC proposal status not updated,My research matter before the rdc has not progressed. The delay is affecting my research schedule.,RDC,RDC,True,train
1416,Thesis submission record missing,The doctoral thesis submission record has not been updated. The thesis was submitted through the prescribed process.,Thesis_Submission,Thesis_Submission,True,train
2897,Problem with RTI/IIGRS submission,My rti/iigrs case requires clarification. I submitted the request through the appropriate channel.,RTI_IIGRS,RTI_IIGRS,True,validation
1528,Issue with thesis submission,The thesis submission status is still pending. The submission deadline has already passed.,Thesis_Submission,Thesis_Submission,True,validation
3114,Other research administration issue,My research-related request has not received a response. I am requesting appropriate guidance on the next step.,Other,Other,True,validation
1301,Publication verification not completed,The publication documents submitted for verification requires clarification. I submitted the publication documents as requested.,Publication_Verification,Publication_Verification,True,test
3057,Other research administration issue,My research administration matter does not fit the available grievance categories. I have already contacted the concerned office.,Other,Other,True,train
2849,IIGRS grievance status issue,My iigrs grievance has not been updated. I submitted the request through the appropriate channel.,RTI_IIGRS,RTI_IIGRS,True,validation
1604,Delay in doctoral thesis assessment,My thesis review status has not been completed. I have not received an official evaluation status.,Thesis_Evaluation,Thesis_Evaluation,True,train
161,Issue with PhD admission status,My phd admission request is showing an incorrect status. I have not received any further update.,PhD_Admission,PhD_Admission,True,train
1705,Problem regarding thesis evaluation,The thesis assessment process is still pending. I have not received an official evaluation status.,Thesis_Evaluation,Thesis_Evaluation,True,train
957,Research Advisory Committee request pending,My rac schedule is still pending. I need the concerned office to confirm the next step.,RAC,RAC,True,train
2870,RTI matter not updated,My iigrs grievance requires clarification. The current status has not changed.,RTI_IIGRS,RTI_IIGRS,True,train
3108,Issue not covered by listed categories,My research administration matter needs attention from the concerned office. I have already contacted the concerned office.,Other,Other,True,validation
878,RAC schedule not received,My rac meeting has not been scheduled. I have completed the required preparation.,RAC,RAC,True,train
1920,Issue with viva examination,The defense process has not been updated. I have not received the examination schedule.,Viva,Viva,True,train
1885,Problem regarding doctoral defense,My doctoral defense has not been updated. I have completed the required pre-viva formalities.,Viva,Viva,True,validation
2201,Fee payment not reflected,The fee receipt has not been updated. The payment was made before the deadline.,Fee,Fee,True,test
99,PhD admission approval delayed,The doctoral admission process is still pending. I have not received any further update.,PhD_Admission,PhD_Admission,True,train
3017,Research administration problem,My research-related request has not been resolved. I would like the matter to be reviewed.,Other,Other,True,train
2558,Fellowship payment record incorrect,My scholarship payment requires clarification. I have completed the required fellowship formalities.,Fellowship,Fellowship,True,train
254,Problem with doctoral enrollment,My registration request cannot be completed. The required documents are already available.,Registration,Registration,True,train
104,PhD admission application pending,My admission documents is awaiting verification. I have not received any further update.,PhD_Admission,PhD_Admission,True,train
1446,Thesis submission process delayed,My thesis upload requires confirmation. The submission deadline has already passed.,Thesis_Submission,Thesis_Submission,True,train
1444,Problem submitting doctoral thesis,The final thesis submission process is still pending. I need confirmation that the submission was received.,Thesis_Submission,Thesis_Submission,True,train
1649,Problem regarding thesis evaluation,The evaluation of my doctoral thesis appears to be delayed. I have not received an official evaluation status.,Thesis_Evaluation,Thesis_Evaluation,True,train
587,Supervisor details not updated,The supervisor information in the portal is still pending. The matter has remained unresolved for several days.,Supervisor_Related,Supervisor_Related,True,validation
628,Course work credit issue,My registered research courses have not been updated. The issue is affecting my research progress.,Course_Work,Course_Work,True,test
1697,Problem regarding thesis evaluation,The thesis assessment process is still pending. I have been waiting for the evaluation update.,Thesis_Evaluation,Thesis_Evaluation,True,train
2102,Full-time part-time status change,My full-time to part-time conversion application is still pending. The request was submitted through the prescribed process.,FT_PT_Conversion,FT_PT_Conversion,True,test
2200,Research status conversion issue,My full-time to part-time conversion application is showing the old status. The supporting documents have already been provided.,FT_PT_Conversion,FT_PT_Conversion,True,train
404,Supervisor assignment pending,My supervision arrangement is causing difficulty in continuing my research. The matter has remained unresolved for several days.,Supervisor_Related,Supervisor_Related,True,train
1155,Research Degree Committee issue,My research matter before the rdc has not been communicated. I need confirmation from the concerned office.,RDC,RDC,True,train
2256,Payment record not updated,My doctoral fee record appears to contain an incorrect amount. I have the transaction details available.,Fee,Fee,True,train
2864,Problem with RTI/IIGRS submission,My grievance under the rti/iigrs process has not received a response. I am waiting for an official response.,RTI_IIGRS,RTI_IIGRS,True,test
1683,Problem regarding thesis evaluation,The status of my thesis review is still pending. I have been waiting for the evaluation update.,Thesis_Evaluation,Thesis_Evaluation,True,validation
2057,Full-time to part-time conversion request,My request to convert from full-time to part-time has not been processed. The request was submitted through the prescribed process.,FT_PT_Conversion,FT_PT_Conversion,True,test
3034,Other research administration issue,A university research office matter is still pending. The issue is affecting my research work.,Other,Other,True,train
453,Supervisor allocation issue,My research supervisor allocation needs correction. The current information does not match my records.,Supervisor_Related,Supervisor_Related,True,train
2302,Fee payment not reflected,The fee receipt is showing as unpaid. The amount was already paid successfully.,Fee,Fee,True,validation
1328,Publication verification not completed,My publication record has not been updated. I have already provided the required evidence.,Publication_Verification,Publication_Verification,True,train
2050,Request to change research mode,My research status conversion has not been processed. The request was submitted through the prescribed process.,FT_PT_Conversion,FT_PT_Conversion,True,train
881,RAC schedule not received,The recommendations recorded by the rac needs clarification. I have completed the required preparation.,RAC,RAC,True,train
3111,Unclassified research-related issue,My doctoral administrative problem requires clarification. I have submitted the relevant documents.,Other,Other,True,train
624,Course work status not updated,My coursework credits are still pending. The concerned course has already been completed.,Course_Work,Course_Work,True,train
2394,Payment record not updated,The fee transaction in the portal has not been updated. I need the fee record corrected.,Fee,Fee,True,train
2960,Issue related to RTI request,My grievance under the rti/iigrs process is awaiting action. The current status has not changed.,RTI_IIGRS,RTI_IIGRS,True,validation
1788,Thesis evaluation not updated,My thesis evaluation is still pending. The delay is affecting the next stage of my doctoral process.,Thesis_Evaluation,Thesis_Evaluation,True,train
263,Registration status not updated,My phd registration is still pending. The required documents are already available.,Registration,Registration,True,train
1635,Thesis evaluation not updated,My thesis evaluation has not been completed. I would like the concerned office to verify the current status.,Thesis_Evaluation,Thesis_Evaluation,True,train
1439,Thesis submission record missing,The final thesis submission process has not been acknowledged. I submitted the required documents successfully.,Thesis_Submission,Thesis_Submission,True,validation
2199,Full-time to part-time conversion request,My research status conversion has not been updated. The supporting documents have already been provided.,FT_PT_Conversion,FT_PT_Conversion,True,train
1970,Viva examination not scheduled,My viva status has not been communicated. My thesis evaluation has already progressed.,Viva,Viva,True,validation
2521,Fellowship status pending,My pending stipend has not been credited. I have completed the required fellowship formalities.,Fellowship,Fellowship,True,test
1803,Viva examination not scheduled,The viva schedule has not been communicated. I need confirmation of the next step.,Viva,Viva,True,train
641,Issue with research classes,My coursework completion status are still pending. I completed the required academic activities.,Course_Work,Course_Work,True,train
3186,General doctoral process grievance,A university research office matter has not been resolved. I would like the matter to be reviewed.,Other,Other,True,train
2386,Payment record not updated,The payment status appears to contain an incorrect amount. I need the fee record corrected.,Fee,Fee,True,train
2599,Fellowship status pending,The fellowship record has not been credited. The delay is causing difficulty in managing my research expenses.,Fellowship,Fellowship,True,train
3020,General doctoral process grievance,My research-related request needs attention from the concerned office. The issue is affecting my research work.,Other,Other,True,train
1960,Doctoral defense date not received,My viva status requires clarification. I have completed the required pre-viva formalities.,Viva,Viva,True,train
489,Supervisor details not updated,The doctoral supervision process has not been finalized. The current information does not match my records.,Supervisor_Related,Supervisor_Related,True,train
1844,Doctoral defense date not received,The viva schedule has not been communicated. My thesis evaluation has already progressed.,Viva,Viva,True,train
1735,Thesis evaluation not updated,My thesis evaluation appears to be delayed. My thesis has already been submitted.,Thesis_Evaluation,Thesis_Evaluation,True,validation
2912,IIGRS grievance status issue,My iigrs grievance has not received a response. I am waiting for an official response.,RTI_IIGRS,RTI_IIGRS,True,validation
147,Issue with PhD admission status,My admission documents is awaiting verification. I have already completed the required admission steps.,PhD_Admission,PhD_Admission,True,train
1535,Thesis submission process delayed,The thesis submission status has not been acknowledged. I need confirmation that the submission was received.,Thesis_Submission,Thesis_Submission,True,train
1987,Viva status pending,My viva examination date has not been communicated. I have completed the required pre-viva formalities.,Viva,Viva,True,train
1370,Paper verification request delayed,My research article verification is awaiting verification. I need the verification for my academic record.,Publication_Verification,Publication_Verification,True,validation
2451,Fellowship status pending,My research fellowship payment requires clarification. The previous payments were processed normally.,Fellowship,Fellowship,True,train
3130,Unclassified research-related issue,My research-related request requires clarification. The issue is affecting my research work.,Other,Other,True,train
2812,RTI matter not updated,The rti request submitted through the concerned process has not been updated. I have the submission reference available.,RTI_IIGRS,RTI_IIGRS,True,train
660,Course work status not updated,My registered research courses are showing an incorrect value. I have supporting records for the completed work.,Course_Work,Course_Work,True,train
1795,Problem regarding thesis evaluation,My thesis evaluation requires clarification. The delay is affecting the next stage of my doctoral process.,Thesis_Evaluation,Thesis_Evaluation,True,train
2512,Fellowship payment record incorrect,My pending stipend has not been credited. I have not received any update from the concerned office.,Fellowship,Fellowship,True,train
187,Issue with PhD admission status,My admission documents has not been approved. The application was submitted before the deadline.,PhD_Admission,PhD_Admission,True,test
1148,Problem regarding RDC decision,My research matter before the rdc has not been communicated. The matter was submitted through the prescribed process.,RDC,RDC,True,train
609,Problem with course credits,The coursework marks in the portal are still pending. I need the academic record corrected.,Course_Work,Course_Work,True,train
2192,Full-time part-time status change,The research mode recorded in the portal requires approval. The supporting documents have already been provided.,FT_PT_Conversion,FT_PT_Conversion,True,train
2800,Portal record correction request,My research record in the portal is missing important information. I request the concerned office to update the record.,Portal_Data_Correction,Portal_Data_Correction,True,train
1931,Viva voce scheduling issue,My doctoral defense is still pending. I need confirmation of the next step.,Viva,Viva,True,train
198,PhD admission application pending,My phd admission request is showing an incorrect status. I have not received any further update.,PhD_Admission,PhD_Admission,True,train
2932,RTI matter not updated,My grievance under the rti/iigrs process requires clarification. I am waiting for an official response.,RTI_IIGRS,RTI_IIGRS,True,validation
2328,Research fee payment issue,The fee receipt appears to contain an incorrect amount. The payment was made before the deadline.,Fee,Fee,True,test
294,Problem with doctoral enrollment,The registration details in the portal is still pending. I need the registration to be completed for my research work.,Registration,Registration,True,train
767,Course work credit issue,My coursework credits are not reflected correctly. I need the academic record corrected.,Course_Work,Course_Work,True,train
401,Request for supervisor change,The doctoral supervision process needs correction. I have already submitted the required request.,Supervisor_Related,Supervisor_Related,True,train
123,Problem during doctoral admission,My phd admission request has not been approved. I have already completed the required admission steps.,PhD_Admission,PhD_Admission,True,train
203,Research registration pending,The registration details in the portal is still pending. I have completed the required registration steps.,Registration,Registration,True,train
836,RAC approval pending,The research advisory committee process is still pending. I need the concerned office to confirm the next step.,RAC,RAC,True,train
2295,Fee transaction issue,My research fee payment has not generated a receipt. The amount was already paid successfully.,Fee,Fee,True,train
1440,Issue with thesis submission,The thesis submission status is not visible in the portal. The issue is preventing me from moving to the next stage.,Thesis_Submission,Thesis_Submission,True,train
1734,Thesis review status pending,My thesis review status is still pending. I have been waiting for the evaluation update.,Thesis_Evaluation,Thesis_Evaluation,True,validation
1696,Thesis review status pending,The status of my thesis review requires clarification. My thesis has already been submitted.,Thesis_Evaluation,Thesis_Evaluation,True,validation
3121,General research grievance,A university research office matter does not fit the available grievance categories. The issue is affecting my research work.,Other,Other,True,train
1708,Thesis evaluation delayed,My thesis evaluation has not been updated. The delay is affecting the next stage of my doctoral process.,Thesis_Evaluation,Thesis_Evaluation,True,train
3106,General research grievance,A university research office matter requires clarification. The issue is affecting my research work.,Other,Other,True,validation
1154,RDC meeting request pending,The status of my rdc case appears to be awaiting review. I need confirmation from the concerned office.,RDC,RDC,True,train
1662,Thesis review status pending,The status of my thesis review has not been updated. I have been waiting for the evaluation update.,Thesis_Evaluation,Thesis_Evaluation,True,train
2433,Fellowship payment delayed,The fellowship record is showing an incorrect status. The payment was expected for the current month.,Fellowship,Fellowship,True,test
1760,Thesis evaluation delayed,My thesis evaluation appears to be delayed. My thesis has already been submitted.,Thesis_Evaluation,Thesis_Evaluation,True,validation
855,Issue regarding RAC meeting,The next rac meeting requires review. I submitted the relevant research documents.,RAC,RAC,True,train
1590,Thesis submission process delayed,My submitted thesis documents has not been updated. The issue is preventing me from moving to the next stage.,Thesis_Submission,Thesis_Submission,True,train
2268,Payment record not updated,The fee transaction in the portal appears to contain an incorrect amount. The amount was already paid successfully.,Fee,Fee,True,train
642,Issue with research classes,The coursework marks in the portal are missing from my record. The issue is affecting my research progress.,Course_Work,Course_Work,True,train
2,PhD admission application pending,My admission documents has not been updated. The application was submitted before the deadline.,PhD_Admission,PhD_Admission,True,train
2161,Research status conversion issue,The research mode recorded in the portal needs clarification. The supporting documents have already been provided.,FT_PT_Conversion,FT_PT_Conversion,True,test
699,Problem with course credits,My research coursework are still pending. I have supporting records for the completed work.,Course_Work,Course_Work,True,train
1637,Issue with thesis evaluation,The status of my thesis review requires clarification. The delay is affecting the next stage of my doctoral process.,Thesis_Evaluation,Thesis_Evaluation,True,train
1292,Publication verification not completed,My research publication verification has not been processed. The delay is affecting my research documentation.,Publication_Verification,Publication_Verification,True,train
3046,Other research administration issue,An issue related to my doctoral process has not been resolved. I would like the matter to be reviewed.,Other,Other,True,train
2490,Fellowship payment delayed,The fellowship record has not been updated. I have not received any update from the concerned office.,Fellowship,Fellowship,True,train
1521,Problem submitting doctoral thesis,The doctoral thesis submission record is showing an incorrect status. The issue is preventing me from moving to the next stage.,Thesis_Submission,Thesis_Submission,True,validation
1854,Viva status pending,My viva status has not been communicated. I have not received the examination schedule.,Viva,Viva,True,test
1137,Research Degree Committee issue,The rdc decision has not been updated. I have been waiting for the committee's decision.,RDC,RDC,True,train
3091,General research grievance,My research administration matter is still pending. I am requesting appropriate guidance on the next step.,Other,Other,True,train
1632,Thesis evaluation delayed,My thesis review status is still pending. I would like the concerned office to verify the current status.,Thesis_Evaluation,Thesis_Evaluation,True,validation
1999,Problem regarding doctoral defense,The viva schedule is still pending. I need confirmation of the next step.,Viva,Viva,True,train
664,Course work registration problem,The coursework marks in the portal are showing an incorrect value. The issue is affecting my research progress.,Course_Work,Course_Work,True,test
684,Problem with course credits,My coursework completion status have not been updated. The concerned course has already been completed.,Course_Work,Course_Work,True,train
1258,Research paper verification issue,The paper verification request is still pending. I submitted the publication documents as requested.,Publication_Verification,Publication_Verification,True,train
318,Unable to complete research registration,My enrollment record is not reflecting the submitted information. All requested information has been submitted.,Registration,Registration,True,train
649,Problem with course credits,The coursework marks in the portal are showing an incorrect value. I need the academic record corrected.,Course_Work,Course_Work,True,train
1435,Issue with thesis submission,My submitted thesis documents is showing an incorrect status. The issue is preventing me from moving to the next stage.,Thesis_Submission,Thesis_Submission,True,train
1480,Issue with thesis submission,The doctoral thesis submission record requires confirmation. The issue is preventing me from moving to the next stage.,Thesis_Submission,Thesis_Submission,True,train
710,Course work marks not reflected,The coursework classes cannot be completed due to a portal issue. The issue is affecting my research progress.,Course_Work,Course_Work,True,train
1283,Publication verification pending,The verification of my published paper has not been completed. The publication details are available for verification.,Publication_Verification,Publication_Verification,True,train
1769,Thesis review status pending,The status of my thesis review has not progressed. I have been waiting for the evaluation update.,Thesis_Evaluation,Thesis_Evaluation,True,train
973,RAC meeting issue,My rac meeting has not been updated. I submitted the relevant research documents.,RAC,RAC,True,train
2676,Research portal details need correction,My name and academic details is missing important information. I request the concerned office to update the record.,Portal_Data_Correction,Portal_Data_Correction,True,train
2681,Research portal details need correction,My name and academic details shows outdated details. I submitted a correction request earlier.,Portal_Data_Correction,Portal_Data_Correction,True,train
1307,Paper verification request delayed,My research publication verification is still pending. I need the verification for my academic record.,Publication_Verification,Publication_Verification,True,train
1401,Thesis submission process delayed,The final thesis submission process is not visible in the portal. The submission deadline has already passed.,Thesis_Submission,Thesis_Submission,True,train
1409,Problem submitting doctoral thesis,My submitted thesis documents is still pending. I submitted the required documents successfully.,Thesis_Submission,Thesis_Submission,True,train
2238,Fee transaction issue,My doctoral fee record has not been updated. The issue is preventing completion of the required process.,Fee,Fee,True,train
1497,Thesis submission record missing,My submitted thesis documents has not been updated. The thesis was submitted through the prescribed process.,Thesis_Submission,Thesis_Submission,True,train
2039,Request to change research mode,My request for a change of research status is showing the old status. I am waiting for confirmation from the concerned office.,FT_PT_Conversion,FT_PT_Conversion,True,train
1530,Thesis submission not updated,My submitted thesis documents has not been updated. The submission deadline has already passed.,Thesis_Submission,Thesis_Submission,True,train
1664,Thesis review status pending,My thesis evaluation record appears to be delayed. I have not received an official evaluation status.,Thesis_Evaluation,Thesis_Evaluation,True,validation
1355,Publication record verification issue,The verification of my published paper has not been updated. I have already provided the required evidence.,Publication_Verification,Publication_Verification,True,train
3117,Unclassified research-related issue,My doctoral administrative problem is still pending. The issue is affecting my research work.,Other,Other,True,train
3139,Issue not covered by listed categories,An administrative issue concerning my research needs attention from the concerned office. I would like the matter to be reviewed.,Other,Other,True,validation
1644,Thesis evaluation not updated,My thesis review status has not progressed. My thesis has already been submitted.,Thesis_Evaluation,Thesis_Evaluation,True,train
1052,RDC approval pending,The rdc approval process has not been communicated. I need confirmation from the concerned office.,RDC,RDC,True,train
796,Course work credit issue,My research coursework have not been updated. I completed the required academic activities.,Course_Work,Course_Work,True,validation
2694,Research portal details need correction,The information displayed in my account shows outdated details. I request the concerned office to update the record.,Portal_Data_Correction,Portal_Data_Correction,True,test
1598,Thesis submission record missing,My thesis upload requires confirmation. I submitted the required documents successfully.,Thesis_Submission,Thesis_Submission,True,validation
2605,Research portal data correction,My portal data is missing important information. I submitted a correction request earlier.,Portal_Data_Correction,Portal_Data_Correction,True,validation
2730,Incorrect doctoral record,My portal data needs to be updated. I have the correct supporting document.,Portal_Data_Correction,Portal_Data_Correction,True,train
2626,Incorrect doctoral record,My doctoral profile does not match my official documents. The incorrect information may affect official records.,Portal_Data_Correction,Portal_Data_Correction,True,train
1820,Viva examination not scheduled,My viva status is still pending. I need confirmation of the next step.,Viva,Viva,True,test
1723,Thesis evaluation not updated,The evaluation of my doctoral thesis is still pending. The delay is affecting the next stage of my doctoral process.,Thesis_Evaluation,Thesis_Evaluation,True,train
1184,RDC meeting request pending,My research degree committee review appears to be awaiting review. The delay is affecting my research schedule.,RDC,RDC,True,test
2573,Fellowship payment record incorrect,The fellowship record is still pending. I have not received any update from the concerned office.,Fellowship,Fellowship,True,train
1060,RDC proposal status not updated,The rdc approval process has not progressed. I need confirmation from the concerned office.,RDC,RDC,True,train
541,Supervisor assignment pending,My research supervisor allocation is causing difficulty in continuing my research. I have not received a clear update from the concerned office.,Supervisor_Related,Supervisor_Related,True,train
1679,Thesis evaluation not updated,My thesis evaluation requires clarification. I have been waiting for the evaluation update.,Thesis_Evaluation,Thesis_Evaluation,True,train
2797,Problem with profile information,My portal data contains incorrect information. The discrepancy is visible in my portal profile.,Portal_Data_Correction,Portal_Data_Correction,True,train
3081,Other research administration issue,My research-related request has not received a response. The issue is affecting my research work.,Other,Other,True,train
2533,Fellowship payment delayed,My research fellowship payment requires clarification. I have completed the required fellowship formalities.,Fellowship,Fellowship,True,train
1758,Problem regarding thesis evaluation,The status of my thesis review is still pending. The delay is affecting the next stage of my doctoral process.,Thesis_Evaluation,Thesis_Evaluation,True,train
1924,Viva voce scheduling issue,My viva status has not been communicated. The delay is affecting completion of my PhD.,Viva,Viva,True,train
96,Problem during doctoral admission,My phd admission approval has not been updated. I submitted all required documents on time.,PhD_Admission,PhD_Admission,True,train
1021,Research Degree Committee issue,The rdc decision requires clarification. The matter was submitted through the prescribed process.,RDC,RDC,True,train
564,Problem with research supervisor,My research supervisor allocation has not been finalized. The current information does not match my records.,Supervisor_Related,Supervisor_Related,True,train
2791,Incorrect personal information in portal,My name and academic details shows outdated details. The incorrect information may affect official records.,Portal_Data_Correction,Portal_Data_Correction,True,train
864,Issue regarding RAC meeting,My rac meeting requires review. The matter is affecting my research timeline.,RAC,RAC,True,validation
1485,Thesis submission record missing,My submitted thesis documents is showing an incorrect status. I submitted the required documents successfully.,Thesis_Submission,Thesis_Submission,True,train
2940,IIGRS request pending,My grievance under the rti/iigrs process is awaiting action. I have the submission reference available.,RTI_IIGRS,RTI_IIGRS,True,train
1882,Problem regarding doctoral defense,The viva schedule has not been updated. I need confirmation of the next step.,Viva,Viva,True,train
1039,Research Degree Committee issue,My research matter before the rdc has not been communicated. The delay is affecting my research schedule.,RDC,RDC,True,train
207,Unable to complete research registration,My registration request is showing an error. The registration deadline is approaching.,Registration,Registration,True,validation
393,Unable to complete research registration,My doctoral registration status is not reflecting the submitted information. I have completed the required registration steps.,Registration,Registration,True,train
2843,IIGRS request pending,The status of my iigrs request is awaiting action. I submitted the request through the appropriate channel.,RTI_IIGRS,RTI_IIGRS,True,train
871,RAC meeting issue,The research advisory committee process has not been scheduled. I have been waiting for an official update.,RAC,RAC,True,train
398,Registration status not updated,My phd registration is showing an error. I have completed the required registration steps.,Registration,Registration,True,test
2815,IIGRS grievance status issue,My grievance under the rti/iigrs process has not been processed. I submitted the request through the appropriate channel.,RTI_IIGRS,RTI_IIGRS,True,train
3073,Unclassified research-related issue,My research-related request needs attention from the concerned office. The issue is affecting my research work.,Other,Other,True,train
1029,RDC proposal status not updated,The rdc approval process appears to be awaiting review. I have been waiting for the committee's decision.,RDC,RDC,True,train
2691,Incorrect personal information in portal,The information displayed in my account is missing important information. I request the concerned office to update the record.,Portal_Data_Correction,Portal_Data_Correction,True,test
1486,Thesis submission status pending,My thesis submission is still pending. The submission deadline has already passed.,Thesis_Submission,Thesis_Submission,True,validation
2661,Portal record correction request,My research record in the portal contains incorrect information. I submitted a correction request earlier.,Portal_Data_Correction,Portal_Data_Correction,True,test
961,RAC approval pending,The recommendations recorded by the rac has not been scheduled. I submitted the relevant research documents.,RAC,RAC,True,train
1571,Problem submitting doctoral thesis,The thesis submission status is still pending. The thesis was submitted through the prescribed process.,Thesis_Submission,Thesis_Submission,True,validation
2774,Research portal data correction,My personal information in the research portal contains incorrect information. The incorrect information may affect official records.,Portal_Data_Correction,Portal_Data_Correction,True,train
1896,Problem regarding doctoral defense,My viva examination date has not been scheduled. I have completed the required pre-viva formalities.,Viva,Viva,True,train
2732,Problem with profile information,My research record in the portal contains incorrect information. The incorrect information may affect official records.,Portal_Data_Correction,Portal_Data_Correction,True,train
2147,Full-time to part-time conversion request,My research status conversion needs clarification. The supporting documents have already been provided.,FT_PT_Conversion,FT_PT_Conversion,True,train
805,Research Advisory Committee request pending,My rac schedule has not been communicated. I have completed the required preparation.,RAC,RAC,True,validation
1752,Thesis evaluation not updated,My thesis evaluation record has not been completed. My thesis has already been submitted.,Thesis_Evaluation,Thesis_Evaluation,True,validation
2455,Fellowship status pending,My pending stipend is showing an incorrect status. The payment was expected for the current month.,Fellowship,Fellowship,True,train
503,Supervisor details not updated,The supervisor assigned to my phd needs correction. I need clarification before proceeding with my research.,Supervisor_Related,Supervisor_Related,True,train
2978,Problem with RTI/IIGRS submission,My iigrs grievance has not been processed. The current status has not changed.,RTI_IIGRS,RTI_IIGRS,True,validation
780,Course work status not updated,The coursework classes are showing an incorrect value. I need the academic record corrected.,Course_Work,Course_Work,True,validation
1864,Doctoral defense date not received,The viva schedule is awaiting confirmation. I need confirmation of the next step.,Viva,Viva,True,validation
201,Unable to complete research registration,My phd registration has not been processed. All requested information has been submitted.,Registration,Registration,True,validation
2183,Part-time conversion pending,My request to convert from full-time to part-time has not been updated. The request was submitted through the prescribed process.,FT_PT_Conversion,FT_PT_Conversion,True,train
2089,Full-time to part-time conversion request,My request to convert from full-time to part-time is showing the old status. The request was submitted through the prescribed process.,FT_PT_Conversion,FT_PT_Conversion,True,train
3066,General research grievance,A university research office matter has not been resolved. I have submitted the relevant documents.,Other,Other,True,train
2279,Payment record not updated,The fee transaction in the portal is still pending. I need the fee record corrected.,Fee,Fee,True,validation
1797,Thesis evaluation not updated,The thesis assessment process has not progressed. My thesis has already been submitted.,Thesis_Evaluation,Thesis_Evaluation,True,train
379,Registration status not updated,The research enrollment process is showing an error. I need the registration to be completed for my research work.,Registration,Registration,True,test
2337,Fee transaction issue,The fee receipt is still pending. The payment was made before the deadline.,Fee,Fee,True,train
419,Supervisor details not updated,The supervisor information in the portal is still pending. I need clarification before proceeding with my research.,Supervisor_Related,Supervisor_Related,True,train
1699,Issue with thesis evaluation,The thesis assessment process has not progressed. I have been waiting for the evaluation update.,Thesis_Evaluation,Thesis_Evaluation,True,train
392,PhD registration issue,My registration request has not been updated. The required documents are already available.,Registration,Registration,True,train
2641,Research portal details need correction,My research record in the portal has not been corrected. I have the correct supporting document.,Portal_Data_Correction,Portal_Data_Correction,True,test
1523,Problem submitting doctoral thesis,The thesis submission status is showing an incorrect status. The thesis was submitted through the prescribed process.,Thesis_Submission,Thesis_Submission,True,validation
1163,RDC approval pending,My rdc proposal requires clarification. The delay is affecting my research schedule.,RDC,RDC,True,train
1496,Issue with thesis submission,The thesis submission status requires confirmation. The issue is preventing me from moving to the next stage.,Thesis_Submission,Thesis_Submission,True,train
2696,Research portal data correction,My doctoral profile does not match my official documents. I request the concerned office to update the record.,Portal_Data_Correction,Portal_Data_Correction,True,train
2028,Problem with research status conversion,My request for a change of research status is still pending. I submitted the required application.,FT_PT_Conversion,FT_PT_Conversion,True,test
1153,Problem regarding RDC decision,My rdc proposal has not been communicated. I need confirmation from the concerned office.,RDC,RDC,True,train
1368,Problem verifying research publication,The publication documents submitted for verification is awaiting verification. The delay is affecting my research documentation.,Publication_Verification,Publication_Verification,True,train
2569,Problem with monthly stipend,My pending stipend has not been credited. The delay is causing difficulty in managing my research expenses.,Fellowship,Fellowship,True,train
65,PhD admission approval delayed,My phd admission request has not been approved. The application was submitted before the deadline.,PhD_Admission,PhD_Admission,True,train
2063,Request to change research mode,My full-time to part-time conversion application requires approval. The request was submitted through the prescribed process.,FT_PT_Conversion,FT_PT_Conversion,True,train
1181,Issue with RDC review,The rdc decision requires clarification. The matter was submitted through the prescribed process.,RDC,RDC,True,train
493,Supervisor assignment pending,The supervisor assigned to my phd has not been finalized. I have already submitted the required request.,Supervisor_Related,Supervisor_Related,True,train
380,PhD registration issue,The research enrollment process is not reflecting the submitted information. I have completed the required registration steps.,Registration,Registration,True,train
2236,Research fee payment issue,My doctoral fee record has not been updated. The amount was already paid successfully.,Fee,Fee,True,train
764,Course work marks not reflected,My research coursework cannot be completed due to a portal issue. I need the academic record corrected.,Course_Work,Course_Work,True,train
2265,Fee transaction issue,The payment status has not been updated. The payment was made before the deadline.,Fee,Fee,True,train
792,Problem with course credits,The coursework marks in the portal are not reflected correctly. The concerned course has already been completed.,Course_Work,Course_Work,True,train
1077,Research Degree Committee issue,The status of my rdc case has not progressed. The matter was submitted through the prescribed process.,RDC,RDC,True,test
879,RAC meeting issue,The research advisory committee process has not been communicated. I need the concerned office to confirm the next step.,RAC,RAC,True,train
338,Research registration pending,My phd registration has not been processed. The registration deadline is approaching.,Registration,Registration,True,train
2768,Research portal details need correction,My name and academic details needs to be updated. The discrepancy is visible in my portal profile.,Portal_Data_Correction,Portal_Data_Correction,True,test
2344,Research fee status pending,The payment status appears to contain an incorrect amount. I have the transaction details available.,Fee,Fee,True,train
1017,RDC approval pending,My rdc proposal has not progressed. The matter was submitted through the prescribed process.,RDC,RDC,True,train
1276,Problem verifying research publication,The verification of my published paper is awaiting verification. I need the verification for my academic record.,Publication_Verification,Publication_Verification,True,test
456,Supervisor assignment pending,The supervisor information in the portal needs correction. I have not received a clear update from the concerned office.,Supervisor_Related,Supervisor_Related,True,train
816,Problem with RAC proceedings,My rac meeting has not been communicated. I need the concerned office to confirm the next step.,RAC,RAC,True,train
2318,Payment record not updated,The fee transaction in the portal has not generated a receipt. I need the fee record corrected.,Fee,Fee,True,train
996,RAC meeting issue,My rac meeting has not been communicated. I have completed the required preparation.,RAC,RAC,True,validation
1982,Viva examination not scheduled,My viva examination date is awaiting confirmation. My thesis evaluation has already progressed.,Viva,Viva,True,train
202,Registration request not processed,My phd registration has not been processed. I have completed the required registration steps.,Registration,Registration,True,train
162,Admission application not updated,The admission status in the research portal is awaiting verification. I have not received any further update.,PhD_Admission,PhD_Admission,True,train
1580,Thesis submission record missing,My thesis upload is showing an incorrect status. I submitted the required documents successfully.,Thesis_Submission,Thesis_Submission,True,train
2778,Problem with profile information,My personal information in the research portal has not been corrected. I request the concerned office to update the record.,Portal_Data_Correction,Portal_Data_Correction,True,train
2450,Problem with monthly stipend,My research fellowship payment has not been released. I have completed the required fellowship formalities.,Fellowship,Fellowship,True,validation
703,Course work status not updated,The coursework classes cannot be completed due to a portal issue. I completed the required academic activities.,Course_Work,Course_Work,True,train
1501,Problem submitting doctoral thesis,My thesis upload is not visible in the portal. The thesis was submitted through the prescribed process.,Thesis_Submission,Thesis_Submission,True,test
1130,RDC approval pending,My research matter before the rdc has not been updated. The matter was submitted through the prescribed process.,RDC,RDC,True,validation
2614,Problem with profile information,My doctoral profile contains incorrect information. I request the concerned office to update the record.,Portal_Data_Correction,Portal_Data_Correction,True,validation
1022,RDC meeting request pending,My rdc proposal is still pending. I have been waiting for the committee's decision.,RDC,RDC,True,train
3074,Research administration problem,My research-related request needs attention from the concerned office. I am requesting appropriate guidance on the next step.,Other,Other,True,train
1586,Issue with thesis submission,The thesis submission status has not been updated. I submitted the required documents successfully.,Thesis_Submission,Thesis_Submission,True,train
1956,Problem regarding doctoral defense,The defense process has not been communicated. My thesis evaluation has already progressed.,Viva,Viva,True,train
2254,Research fee status pending,My research fee payment has not been updated. The issue is preventing completion of the required process.,Fee,Fee,True,train
35,Unable to complete PhD admission,My phd admission request has not been approved. I have not received any further update.,PhD_Admission,PhD_Admission,True,test
776,Problem with course credits,The coursework marks in the portal cannot be completed due to a portal issue. The issue is affecting my research progress.,Course_Work,Course_Work,True,train
2557,Stipend not credited,The fellowship amount has not been released. The payment was expected for the current month.,Fellowship,Fellowship,True,test
1479,Issue with thesis submission,My thesis submission is still pending. I submitted the required documents successfully.,Thesis_Submission,Thesis_Submission,True,test
3004,Unclassified research-related issue,My research-related request is still pending. I have already contacted the concerned office.,Other,Other,True,train
1391,Paper verification request delayed,The publication documents submitted for verification is still pending. The publication details are available for verification.,Publication_Verification,Publication_Verification,True,test
2140,Research status conversion issue,My research status conversion needs clarification. The supporting documents have already been provided.,FT_PT_Conversion,FT_PT_Conversion,True,train
1364,Problem verifying research publication,My research article verification is still pending. The publication details are available for verification.,Publication_Verification,Publication_Verification,True,test
2946,Problem with RTI/IIGRS submission,The status of my iigrs request has not been updated. The current status has not changed.,RTI_IIGRS,RTI_IIGRS,True,validation
2613,Research portal details need correction,My name and academic details is missing important information. I have the correct supporting document.,Portal_Data_Correction,Portal_Data_Correction,True,train
2825,IIGRS request pending,My grievance under the rti/iigrs process requires clarification. I would like the concerned office to verify the matter.,RTI_IIGRS,RTI_IIGRS,True,train
2042,Request to change research mode,My full-time to part-time conversion application is showing the old status. I need the change to be reflected in my academic record.,FT_PT_Conversion,FT_PT_Conversion,True,validation
242,Problem with doctoral enrollment,The research enrollment process is still pending. All requested information has been submitted.,Registration,Registration,True,train
2062,Research status conversion issue,My full-time to part-time conversion application needs clarification. The supporting documents have already been provided.,FT_PT_Conversion,FT_PT_Conversion,True,test
2364,Fee transaction issue,My doctoral fee record has not generated a receipt. The amount was already paid successfully.,Fee,Fee,True,train
601,Course work registration problem,The coursework marks in the portal have not been updated. I completed the required academic activities.,Course_Work,Course_Work,True,train
2436,Fellowship payment record incorrect,My scholarship payment has not been updated. I have not received any update from the concerned office.,Fellowship,Fellowship,True,train
1298,Research paper verification issue,My research article verification has not been completed. I need the verification for my academic record.,Publication_Verification,Publication_Verification,True,train
2215,Fee transaction issue,My doctoral fee record appears to contain an incorrect amount. The amount was already paid successfully.,Fee,Fee,True,train
2889,IIGRS grievance status issue,My rti/iigrs case has not been processed. I submitted the request through the appropriate channel.,RTI_IIGRS,RTI_IIGRS,True,test
2069,Full-time part-time status change,The change in my doctoral study mode needs clarification. The request was submitted through the prescribed process.,FT_PT_Conversion,FT_PT_Conversion,True,validation
647,Course work registration problem,My coursework credits are not reflected correctly. I have supporting records for the completed work.,Course_Work,Course_Work,True,train
1529,Issue with thesis submission,The final thesis submission process is still pending. The submission deadline has already passed.,Thesis_Submission,Thesis_Submission,True,train
2880,RTI matter not updated,My grievance under the rti/iigrs process has not received a response. I submitted the request through the appropriate channel.,RTI_IIGRS,RTI_IIGRS,True,train
1268,Publication record verification issue,My research publication verification has not been updated. The delay is affecting my research documentation.,Publication_Verification,Publication_Verification,True,train
1900,Viva examination not scheduled,My doctoral defense has not been updated. The delay is affecting completion of my PhD.,Viva,Viva,True,train
563,Issue regarding doctoral supervision,The supervisor assigned to my phd is still pending. The matter has remained unresolved for several days.,Supervisor_Related,Supervisor_Related,True,train
3161,Other research administration issue,My research-related request requires clarification. I am requesting appropriate guidance on the next step.,Other,Other,True,train
2735,Portal record correction request,My name and academic details is missing important information. I have the correct supporting document.,Portal_Data_Correction,Portal_Data_Correction,True,validation
3006,General research grievance,My research-related request requires clarification. The issue is affecting my research work.,Other,Other,True,validation
190,Admission application not updated,My doctoral admission application has not moved to the next stage. The application was submitted before the deadline.,PhD_Admission,PhD_Admission,True,train
1807,Viva examination not scheduled,The viva schedule is still pending. The delay is affecting completion of my PhD.,Viva,Viva,True,train
976,RAC schedule not received,My rac schedule needs clarification. I have been waiting for an official update.,RAC,RAC,True,train
2748,Incorrect doctoral record,My personal information in the research portal contains incorrect information. The incorrect information may affect official records.,Portal_Data_Correction,Portal_Data_Correction,True,train
2048,Problem with research status conversion,My request for a change of research status is showing the old status. I submitted the required application.,FT_PT_Conversion,FT_PT_Conversion,True,train
2559,Fellowship status pending,My research fellowship payment has not been updated. The payment was expected for the current month.,Fellowship,Fellowship,True,train
1083,Issue with RDC review,The status of my rdc case has not progressed. The required research documents have already been submitted.,RDC,RDC,True,train
475,Supervisor assignment pending,My request for a supervisor change is causing difficulty in continuing my research. The current information does not match my records.,Supervisor_Related,Supervisor_Related,True,train
2905,Issue related to RTI request,My rti-related matter has not been processed. I have the submission reference available.,RTI_IIGRS,RTI_IIGRS,True,train
748,Problem with course credits,The coursework classes cannot be completed due to a portal issue. I completed the required academic activities.,Course_Work,Course_Work,True,train
2301,Fee payment not reflected,The fee transaction in the portal has not generated a receipt. I need the fee record corrected.,Fee,Fee,True,train
22,Problem during doctoral admission,The doctoral admission process is showing an incorrect status. The application was submitted before the deadline.,PhD_Admission,PhD_Admission,True,train
460,Issue regarding doctoral supervision,My research supervisor allocation has not been updated. The current information does not match my records.,Supervisor_Related,Supervisor_Related,True,train
1185,RDC approval pending,My rdc proposal appears to be awaiting review. The matter was submitted through the prescribed process.,RDC,RDC,True,validation
2325,Fee transaction issue,My doctoral fee record is not reflected. The amount was already paid successfully.,Fee,Fee,True,train
956,Problem with RAC proceedings,The recommendations recorded by the rac requires review. I have been waiting for an official update.,RAC,RAC,True,validation
1216,Problem verifying research publication,My publication record requires clarification. The delay is affecting my research documentation.,Publication_Verification,Publication_Verification,True,train
2434,Fellowship status pending,My monthly stipend has not been released. The payment was expected for the current month.,Fellowship,Fellowship,True,train
2854,IIGRS request pending,My rti/iigrs case has not been updated. I would like the concerned office to verify the matter.,RTI_IIGRS,RTI_IIGRS,True,train
1516,Thesis submission record missing,My thesis submission is still pending. The issue is preventing me from moving to the next stage.,Thesis_Submission,Thesis_Submission,True,train
2392,Problem with doctoral fee,The fee receipt appears to contain an incorrect amount. The amount was already paid successfully.,Fee,Fee,True,test
770,Course work registration problem,The coursework marks in the portal are not reflected correctly. The concerned course has already been completed.,Course_Work,Course_Work,True,train
1686,Problem regarding thesis evaluation,The evaluation of my doctoral thesis has not progressed. My thesis has already been submitted.,Thesis_Evaluation,Thesis_Evaluation,True,test
131,Admission application not updated,My phd admission request is still pending. I have already completed the required admission steps.,PhD_Admission,PhD_Admission,True,train
2920,IIGRS grievance status issue,The status of my iigrs request is awaiting action. I would like the concerned office to verify the matter.,RTI_IIGRS,RTI_IIGRS,True,train
3172,General doctoral process grievance,An issue related to my doctoral process has not received a response. I have already contacted the concerned office.,Other,Other,True,train
2136,Full-time part-time status change,The change in my doctoral study mode is still pending. The supporting documents have already been provided.,FT_PT_Conversion,FT_PT_Conversion,True,train
1483,Thesis submission record missing,The doctoral thesis submission record is not visible in the portal. The issue is preventing me from moving to the next stage.,Thesis_Submission,Thesis_Submission,True,train
331,Research registration pending,The research enrollment process is showing an error. The required documents are already available.,Registration,Registration,True,train
1239,Problem verifying research publication,My publication record is still pending. I need the verification for my academic record.,Publication_Verification,Publication_Verification,True,test
467,Supervisor assignment pending,My research supervisor allocation is still pending. The matter has remained unresolved for several days.,Supervisor_Related,Supervisor_Related,True,train
2170,Full-time part-time status change,My request for a change of research status is still pending. The request was submitted through the prescribed process.,FT_PT_Conversion,FT_PT_Conversion,True,train
1639,Thesis evaluation delayed,My thesis evaluation record is still pending. I have not received an official evaluation status.,Thesis_Evaluation,Thesis_Evaluation,True,train
3093,Research administration problem,An administrative issue concerning my research is still pending. I am requesting appropriate guidance on the next step.,Other,Other,True,train
1096,Problem regarding RDC decision,The rdc approval process has not progressed. The delay is affecting my research schedule.,RDC,RDC,True,train
1131,RDC meeting request pending,The rdc approval process has not progressed. The required research documents have already been submitted.,RDC,RDC,True,train
1295,Publication record verification issue,My publication record requires clarification. The publication details are available for verification.,Publication_Verification,Publication_Verification,True,train
861,RAC schedule not received,The research advisory committee process has not been communicated. I submitted the relevant research documents.,RAC,RAC,True,train
3175,Research administration problem,A university research office matter requires clarification. I have submitted the relevant documents.,Other,Other,True,train
